compras_pasadas,nivel_riesgo,plazo,monto_credito,sector,antiguedad,ventas
3169.5116389020545,4,2,3599.9775678680467,4,0.9212539141928487,3182.7278114368105
1469.5591877257732,3,3,1422.9190605379906,0,0.3941469528718093,1944.3455232768554
2222.1691173447025,4,4,2683.4408608958815,2,2.3235723705031748,2525.3835285658333
5224.375100521787,4,2,6039.75438327911,4,1.490944577892061,4591.849218670228
6644.639362641234,4,3,7755.5893660385445,4,4.444829333763775,7817.557518135023
3875.1355483217076,4,4,4563.5355637473185,3,1.0478394442505146,2988.483368506142
6605.213279596056,4,3,7613.828221845763,4,2.3577713733699097,9119.899341077176
2781.3861554875593,3,4,2686.589835669125,1,1.574264346576201,3096.0218041488715
3715.5457357209084,3,4,3626.4384094453617,0,0.9770525942714762,3706.3237061530704
5035.183780255115,4,1,5598.424221419127,4,0.5553561330046219,5575.626404554276
3397.2895917107257,4,3,3910.239603078831,2,0.22310064348263975,2316.4626815066063
10390.307434398963,4,4,12530.073056920493,3,0.4522194382414814,12717.75329842264
1315.4547979831018,3,2,1224.4576550845054,0,0.13245531011014736,1159.612451139673
1570.477583125133,3,4,1551.292919730719,1,0.7256162555568773,1169.5534337902252
11409.286169937273,4,2,13220.020444576661,4,1.2328151664546365,15123.359412835438
17360.8353860407,4,3,20611.31441180573,4,2.698662973137122,21987.529629691755
932.5907821100642,3,3,901.5680533516019,0,0.7763902700310912,771.8468929327491
4041.468897227484,4,4,4798.970908834752,2,1.2094425503506998,3112.6624119344187
3446.7080803520153,3,6,3524.628107179241,2,3.194173949099102,2993.8591587878414
2571.2155435973054,3,4,2475.517333877746,0,4.545932398671091,3443.634600013214
5305.552698506101,4,4,6258.204840116618,2,0.36621805034330285,7451.047947634625
5133.678595244496,4,2,5925.983273752432,4,1.5154517188764833,4304.526485682742
10250.595997404898,3,6,10303.492629018949,2,2.9303164293602757,13246.98451725432
3654.9707237592806,3,4,3498.8411887635602,0,0.8598589004930333,5071.564991179511
1751.8191321432564,2,6,1409.645813369339,1,7.088881708833637,2284.064474960271
4932.385449341599,3,5,4897.0216282031615,2,1.4893840544298342,5305.129341260273
3607.1177372360353,3,4,3492.4134353899644,1,0.7705875822529465,4858.532209227207
2923.6356470988057,4,2,3399.4892553222107,4,0.5157090374778274,3373.725425852846
3000.3276123174073,3,4,2951.803723324168,3,3.8280796846053624,2873.8879602909933
3094.92701014871,3,3,2968.1752684891485,0,0.4476764885679617,3505.392927937041
3896.1151495244526,3,4,3755.0945173774403,1,0.1645668982983918,4134.373333360702
4110.973312733771,2,7,3294.868676423557,1,6.419065422762086,5215.07095197665
2688.5924250825974,3,5,2695.4450316767084,1,2.985890881502602,2322.053089127926
1672.2843640853562,3,3,1597.712019965974,0,2.016013138597298,1971.1279324339778
1236.069891923082,3,3,1175.7161164499094,0,2.790499627815051,1012.9811364293657
15012.921527391669,4,3,17495.66050858494,4,3.300178114655692,19062.44768375618
2620.1001120297365,2,7,2099.0253408903877,0,8.48221537841154,3564.8749807997365
4158.5751848364725,4,3,4866.925905892273,4,1.7150165852079915,3094.2396820340387
7494.113307336743,1,10,4610.413151177154,3,13.661506486932272,6529.07092901202
3311.2356750770978,3,3,3116.6947460762094,0,1.2882782665558672,3247.6726998492845
9263.367050796884,3,4,8883.159979184367,4,4.466147607589665,10412.28217829071
4154.7426795294805,3,4,3979.3793079209872,3,1.2030592002019525,3091.72831843403
8760.941742679668,4,3,10090.271648473688,4,2.3704164441353455,11990.486751683664
973.5267403575131,3,3,942.6356076755143,0,3.96275356235402,891.5630251328854
6993.399816973368,2,6,5525.6779547237875,0,3.9352281490375214,9660.598067775398
3826.0016487963876,4,2,4302.339233265765,4,2.739544950765915,3730.162038568812
4647.1152991585595,3,5,4628.359963632237,2,2.788176552053555,5140.989494039948
3338.4823170129885,3,5,3277.2743377665734,2,2.401542829843435,3047.1879604832857
7043.158752326356,3,5,7122.680862001114,1,1.2062846114175305,9535.754830462105
6550.351594418847,4,2,7552.045684931967,4,0.9176118621916853,4508.217681359229
639.354651379286,3,3,616.2233925350397,0,2.3630720901226607,451.1141788611541
10618.014889125403,2,7,8684.977684193162,1,4.098053381173132,11245.4238103479
3219.1007118354855,3,4,3132.68007552274,1,2.328505390742956,2523.4653754718433
937.5956598476137,3,2,862.1513912246388,0,1.0632380340510148,689.4912516087941
5148.446245378489,3,5,5208.810661152824,3,2.6835333974724596,4630.494692947186
6717.532224979651,4,2,7598.252638513716,4,1.2342740184122312,6978.343480367409
6644.128742521424,3,4,6590.548275393214,1,0.41439151707985583,9488.101032746259
10290.097035627472,4,3,12061.559753279362,4,3.3905344572718534,7730.892229366008
1930.2486938838576,2,5,1518.0055942853055,0,3.0117836415695463,2080.182969119499
7927.572897816784,3,6,8166.4253177052,2,2.083408069151465,11099.998159223223
2613.199476599538,4,3,3005.0016503844463,1,0.18038676814523844,3430.4361812495436
3138.3898770978412,3,4,3011.431284016362,1,0.6481970283605415,3129.3865089008696
3642.151061653769,4,3,4229.779984370058,3,0.33633098488481006,3077.1069127661813
3234.9116608506756,3,4,3217.356027506603,2,1.8080569110242406,4671.429967938906
3151.9531701135143,4,2,3618.8305011501016,4,0.05143324154033375,2947.6782547201205
6903.343117653441,3,4,6611.85346053084,2,0.6472730067757342,9633.512531052937
3074.3664325283257,3,5,3071.280052668353,2,1.3363150736327885,2580.4983295122065
3919.353364115404,3,5,3866.949327583092,2,0.38832582316581354,3067.0192843565856
3181.7397253517406,2,9,2655.1836775623315,1,11.919168232153812,4506.212202815118
973.4280550120337,3,3,912.619260691052,1,0.5753792644214384,831.4652272482575
2872.720202771465,3,5,2870.1457143091893,3,2.7084744764397928,2967.295903455375
2637.2589837622854,2,6,2073.0035331318686,0,6.685968079747066,2011.270358170944
8898.268496279821,3,5,8857.000804305675,2,1.6789212613843076,11693.71279900801
8037.64735026145,4,2,9014.42131307801,4,0.16434792755207553,7122.442810737496
8760.358101299165,4,2,10102.807181998665,4,0.6007650132487801,11627.722838898306
1738.07861770723,4,3,2052.784465371564,2,0.6132976801388926,1290.7574587506635
8561.83031336193,4,2,9836.049642548065,4,0.8035720127833559,11657.7828987423
8507.298747385166,3,5,8570.756526771389,2,1.1488143197335186,11226.70952426911
5335.259976808586,4,3,6228.830894212843,3,0.6002846344815449,4733.4673524011
3120.858374869923,4,4,3776.256773375872,2,1.524108088228667,2635.29658405306
4241.902548608767,3,4,4165.835628014359,0,1.8590791606057304,5111.703108276297
2589.625705575051,3,4,2512.31375430361,0,3.266612339145686,2083.588640319521
8465.55239423533,4,4,10163.148993358283,2,0.8191066228651719,11782.818024370074
2611.3382120128817,4,4,3141.112689457386,2,1.1375692936882986,2000.5111957218758
1281.4502668097957,3,3,1206.4435359202387,0,0.9573105699852059,1535.8091775422886
923.2058273792841,3,3,879.4909436115903,0,0.3964871208485856,1050.2095321347967
3067.0176578437718,3,4,3037.718111460624,2,1.3673440527361944,2188.727253121113
7071.438886616435,4,3,8373.949618939441,4,2.699487799761887,7697.130206017393
2937.7865221643997,4,3,3404.2775758454313,3,1.0094479824190568,3652.754940156926
2648.703055937033,4,2,3081.158713995842,4,0.7275985131597612,3020.7935189070085
2112.0949364233747,3,3,2047.716941775118,0,0.5936118196567951,2134.411468876645
3035.1357874659716,4,2,3401.275238671033,4,1.286174595839847,2267.4551700044335
1850.070518442281,3,4,1806.2249912490122,1,0.672162006497917,1454.9615230863628
5511.388226883757,3,4,5310.756467477837,1,1.1678834802488975,7851.273387780234
4917.56293287733,4,3,5812.384444334781,3,1.75104153703617,6056.729987029209
3817.174133377976,3,3,3678.7896139071995,0,2.2788485485262977,4835.82148013462
4911.202082721497,3,6,5006.42214232053,3,4.177381448840216,4577.011431554899
1542.3032408193756,3,4,1519.4648518062934,1,0.09676133599620208,1592.3297205484243
5684.393804711364,3,5,5619.8347773621135,4,6.894538930894618,4828.8671902383885
7197.84991858153,3,5,7271.593225653435,3,5.686873368915193,8790.140426234499
3443.3383929860206,3,3,3273.703721030226,0,0.15558267529578965,3355.8637046183408
1170.293603979939,3,4,1151.1468314400195,0,3.4164573816375046,848.6718976402343
1799.6504503520991,3,4,1755.8443027042476,1,1.4128250134706841,1279.1569220670758
1241.6894105431613,3,3,1205.2207529783886,0,1.9891561363232366,1130.226683377309
1893.896704918226,4,3,2216.3136983556096,1,0.46052207280659724,1981.478854605991
3445.5687006804633,3,6,3552.7078560191767,2,4.3771372963768975,4429.042326202217
4638.527565568441,3,5,4595.164191251408,4,8.830591342661716,4262.767839709074
5570.958168123304,3,6,5665.3481733661665,2,3.995545444734619,7282.471285782535
4283.974785005171,3,5,4224.227140096633,3,1.6452414028097506,4070.144418931701
5435.089179047635,3,5,5412.894351121729,1,1.2762529875811264,7884.017933132601
8528.196972547123,3,7,8754.818823206762,3,6.678888730786807,10985.101090905197
7284.2662596860555,4,3,8537.836210384166,4,1.57750556695795,8179.591167945427
2657.693670231769,2,7,2167.2288224377103,2,8.24272644651934,1819.2523085347261
3909.9218045352745,2,7,3158.2541407892036,1,5.162352810627532,3412.255746050328
11132.532461760127,3,4,10816.745577412134,4,4.689315175679556,12183.10375785664
4421.0310230556,4,3,5221.331378275425,3,0.2421819865807492,5655.939947347492
2228.451354796957,4,4,2658.7346568543544,2,1.7834808044855588,2858.893716406486
3264.5693526406835,4,4,3960.9635062741113,2,0.05155744100097927,3390.043856964825
1828.7347418500378,3,3,1778.9035177525625,0,1.93663721856533,1735.7923635540274
3362.937186173488,3,3,3160.827918781716,0,0.676497038300654,4271.598944403084
3212.21936942605,3,3,3072.3120248973446,0,0.6902366470221886,2789.198322335886
11252.276353263775,3,6,11419.729617445359,2,3.185065923178159,13112.903479028559
6022.1891757716085,3,5,6026.033258951259,2,0.1047955280641553,8398.565149109741
3976.0529728412994,4,4,4782.642612063418,2,1.2815128205380089,4154.408573788138
5529.111032919425,3,4,5352.892809896936,1,0.11149217424685424,6490.6438740557915
4205.286505673383,2,5,3327.715208979654,0,4.4013206137754155,3860.3566998761517
5345.453710118357,4,3,6302.950898419455,3,0.8248356637146356,7082.307025377201
2867.9829409124654,3,4,2820.8269480694867,1,2.066898626476251,2253.6123496124346
3117.0494548871648,3,5,3120.558186985397,1,3.919729219472159,2450.6512696888803
3361.0992246657243,2,5,2592.1985881564133,0,4.204237009449563,3216.0396516054575
5918.735187902464,4,2,6732.214060475742,4,0.45163975144749235,7803.942311495569
3509.5441945297925,3,5,3449.751889638469,2,2.5907290019522433,4708.3055260643505
1690.8373139045552,3,3,1610.3324141798207,0,1.3356020422618113,1420.096729700636
1256.2762963852028,3,2,1197.3024898663532,0,0.588010593301226,1190.1509324680837
5581.640929942467,4,2,6468.802142100605,4,0.2602552025637247,4816.563162739135
2075.601064865795,3,3,1975.0580263259208,0,0.5358998726122269,2887.8046828996107
2561.333206769661,3,4,2484.690244892134,1,0.3585138131455288,1546.7983147399555
5949.731550059353,3,4,5779.615636985117,1,1.1667290300721342,7166.102650578355
5106.3808311665325,3,4,5079.248980298769,0,2.1437876330320353,6255.91803988269
4522.736845987177,4,2,5262.587870606503,4,0.5476467949012005,6286.377825085179
1366.5121502372228,3,3,1309.6496958574626,0,0.21484913271876283,1443.7212226712488
1384.8809436353972,3,3,1320.07172935131,1,0.45723640125583304,1235.0211222747675
5292.231982923217,3,4,5230.49611832769,1,0.8228868204489169,5648.92972127468
3401.196373000601,3,4,3363.587384142905,0,1.8307599469715858,2619.888117319009
4661.190418965063,3,5,4620.595586869443,1,4.33902686777742,4631.3835855723255
5867.5295559966435,3,4,5653.007249933469,3,2.8492328264126616,7210.302963298211
1230.995990317488,4,1,1354.1386275138595,4,1.8990482164649438,1018.5023698940628
7612.823182481402,4,2,8530.175362810867,4,0.5559070200852765,9742.552294094445
2877.76584859073,3,6,2920.8831818303015,2,5.937554196745954,2487.4375078716025
6231.918897764448,3,5,6275.361770048445,3,3.8003437334397057,7806.443452473253
5540.761442686937,4,3,6478.274760835744,4,4.236594865149823,7663.026941633456
1363.1006534747587,3,4,1334.5043805164762,3,3.813424940721374,1556.5110648607388
6224.858074257482,3,5,6165.48883806096,2,1.1531791564053653,8451.104306512785
3915.185703788164,4,4,4732.726803857245,3,2.0382579690788103,3231.8155626102775
1042.3327314626465,3,4,1022.598859473142,1,3.2778473333590123,802.1248405835705
2597.1826783851143,3,5,2583.6481348621132,2,2.8168434263138824,3439.5790367881027
3340.1545415544024,4,2,3874.4221310125236,4,1.356830738787396,3006.7194734511304
1729.7819274294807,3,5,1742.2305303152168,2,2.000793196805299,2279.7619961035043
2901.4234969806344,3,4,2790.154026417613,0,1.1507138793396146,2378.719542156043
3876.122135585182,3,3,3767.1068026303133,0,0.6259952783742408,4875.228938396944
1344.1836338363282,4,4,1585.1911252659252,2,0.37838950734411364,1013.9739876599835
1981.1601884781664,3,4,1968.194857281509,0,2.1104106636544113,1639.4904214866972
1301.741742314215,3,3,1219.5509255690213,1,0.16656287775686593,1310.580542440182
5724.587378739241,4,4,6836.65806485094,2,0.28472769975389417,8115.745369661039
3448.9934156643662,3,5,3464.2819317894946,2,1.293917428643658,2727.1118704592905
2246.9106221811767,3,4,2203.8020308387067,0,1.594623385232768,2855.3075769238326
5673.609388300124,2,4,4301.329271111351,0,2.0754816028936522,7912.64775311938
5859.052397276153,4,3,6730.685152481399,3,0.36265802630477667,5931.728861495847
7070.251153710781,4,3,8215.866647905641,4,2.5306983215153607,9263.467067002897
5800.589639939335,4,3,6887.0712432415485,3,0.09362661162243567,7245.464730793972
3137.9374572411193,2,5,2466.3434709214207,0,4.799922162648448,3955.8372761446362
4079.4430997023733,3,5,4064.407138586477,3,2.6656913944889316,3239.322107461468
1533.4384101853484,3,5,1516.7942045192278,2,3.377690181482985,1147.2827812006585
3438.213278532611,3,3,3300.9059161868,0,0.3119168857548053,2898.3014201955275
1718.9936123651896,3,4,1651.4103832650173,2,2.2634254469654342,1214.9538483289675
829.5308705506447,3,5,834.5858944417103,2,6.072080027215734,586.8504765925591
3285.7992852962416,2,5,2505.464682122015,0,3.4850130357452755,4517.107276471333
7431.159523059544,4,2,8375.625540096478,4,0.9479126305558079,7149.410377865296
1811.372535220819,3,4,1779.7646154014778,1,4.377237069642041,1595.5156168446697
4870.304494834852,3,4,4693.394350205534,1,1.2343850779147718,6999.082395757431
3828.5038013880385,4,3,4478.32405961638,3,0.1483798273276838,4218.57764987119
2100.2477832310096,4,3,2480.3845040924252,4,5.154600269662849,2663.261559554269
3052.577513878752,3,4,2933.2093872171467,1,0.050578457494052965,4025.043406476483
2128.649473246754,1,8,1246.4638575810895,0,12.65114223456389,2738.5656823296376
6655.101973242301,4,3,7778.094500540168,4,2.5844525802352725,4928.3473235359115
2654.517103272672,3,3,2536.748274004384,0,0.3545783153531578,2724.2757599661113
6977.76155825223,3,4,6806.188505518688,1,1.0706069006579795,8180.45889544042
4281.049837314746,4,2,4826.014878440352,4,0.08326371773775863,3010.466806622115
7944.7772680535045,4,4,9435.894961794102,3,0.8162939029811145,9353.867100720936
7011.615566840901,3,5,6984.526695329153,3,3.0325128519283715,8541.908599174461
1180.223412374435,3,3,1112.307474179795,0,1.0202542963835914,1250.8130739512546
4160.757706533377,4,4,5028.897310466583,3,2.3089370404960117,2897.0082938266764
4757.495745243733,3,3,4610.364441550043,0,0.8316017407858879,5888.137582903698
2299.3825574236953,3,4,2288.082905609561,1,0.2775454182370024,2353.089212586064
8187.85229206455,4,3,9463.48240544909,3,1.1552989973159622,11579.227811777584
2526.9712209124555,3,4,2422.4343920372485,0,1.926181980441261,2957.2906598108134
3241.1747220030184,3,3,3111.146908339685,4,4.8659469977887735,3554.2601814808695
1565.8830484191162,3,4,1530.0855415743176,1,1.2897095962758605,1323.3336672361447
1019.961876260286,4,4,1213.2384067166943,2,0.8284639166102521,829.6865418961687
4792.383839585345,3,5,4696.497750290052,2,1.4523177495778896,6587.070048705058
4159.999912477756,3,5,4099.49823121336,2,2.690618490961899,5657.179669761491
6891.729461631655,4,3,7930.726635424726,3,0.4308909836061342,8950.551415668553
10374.157179907665,3,5,10355.67454851557,3,2.6402494890575667,11859.89659909387
5090.2856232014165,4,3,5872.930099003603,3,1.3710440082549715,6664.023058651977
1296.1204899113995,3,3,1224.8670013094804,0,1.810783115855557,1015.7876410773677
5324.256581017841,4,2,6159.0906509896395,4,0.11158252583785666,6843.463248970009
2331.9772475295117,3,4,2315.5181057487425,1,1.8279769756279747,2274.0720219536956
671.5253943305496,3,3,651.4503739098766,0,0.7341817690160458,470.5807693936743
5537.011474220576,3,5,5628.945252808981,3,1.5600230826487382,7227.536296199582
6588.920840016098,4,3,7631.459304788538,4,1.914943586001151,6712.350699667352
4401.39761066528,3,5,4380.933637440454,2,2.1890379760111736,3957.1717575184352
4430.598757361773,3,5,4354.941738019867,1,2.658061911304191,3544.3558108120865
5561.727727008966,3,4,5510.68006568552,1,0.4125622827583926,6024.600955272009
3448.4537347173828,3,6,3494.9470399039715,2,4.040015063198955,4032.0844548820064
3096.220793741587,3,6,3192.2142740903337,2,4.525458058054845,2706.7537809170854
5687.897187946713,3,5,5654.072207915337,1,2.427033992834416,8215.506490508733
2931.3263610907256,3,3,2781.9641998248608,0,0.9126726060791023,3834.2969146556857
10174.525739144314,4,2,11426.980102762454,4,1.4247734412206627,14450.538858963451
2359.9657526147703,3,3,2259.914406005837,0,0.1803505246392797,2202.599787128258
3698.9357104368796,2,7,2980.31625073459,2,7.008471347351655,5075.572870409833
4175.135481038208,2,4,3122.172612870378,0,2.8560027459149158,3519.654999132102
4487.957890644951,4,2,5049.214861114715,4,0.7464365660595459,3755.421845385015
8479.013442541507,3,6,8724.442572822776,2,2.337897573687955,11545.182796264204
2571.8937852491754,3,4,2476.9000326207242,1,1.0555338401103038,1762.703760968073
2123.093038135575,3,5,2110.851114127485,1,2.1302655278470515,1842.671078525159
5640.549658663064,3,4,5442.512894641124,4,5.730831253008913,6898.6210323760515
1981.604791892677,2,5,1559.56668882436,0,4.765827254977959,2538.289440951907
3986.597365008851,4,3,4676.95152857749,3,1.2021610319237015,3637.477969114244
5161.710929580885,3,4,4965.29476449169,1,0.5966126997121182,6340.545305064893
4666.442877884701,3,4,4527.4095802515385,0,0.2865799619360437,5047.252547297231
2780.4269915967943,3,5,2736.5400568580017,1,1.8194461954927728,2693.4998365642173
2514.7274144319103,3,4,2439.1513500417277,1,1.4800899550009174,1924.4676883213829
1705.3690499469221,3,3,1652.3467066001215,0,0.04730817093897393,2167.4013827489525
2802.9814843063414,4,1,3148.7329460388555,4,0.2938930699066621,3631.263683259599
3652.0986934409802,4,4,4285.330248632587,3,2.1437303067379214,4628.450454532888
1952.414717387978,3,3,1902.6355401347298,0,0.3346720835481523,2031.8697398644488
5667.300878380473,3,4,5519.269337493928,1,0.4449881059493422,7347.274153917089
3151.452158303336,3,5,3120.857250346403,2,1.714666397608395,3162.1242235461973
5661.320541780877,4,3,6738.173398195379,3,1.248511218087978,7189.611192785988
2124.0990758839025,3,4,2077.14967939625,1,0.6356723406185362,1499.3577332834557
2825.0168602543413,3,3,2724.486192788319,0,0.7039445914374535,3132.2424411033885
8657.879687484061,3,4,8575.732971221632,4,3.1136975901665127,11819.807427455324
7750.197118875081,4,3,8988.952858358747,4,1.3982863880609298,9298.7154378296
5196.433516299178,3,6,5222.6992710192335,2,5.191618654696705,6691.203534843629
6558.0627633346485,3,6,6743.925350810321,3,4.189871701457928,6682.557241210866
2272.2406794248227,4,2,2569.9690857440105,4,0.6043316699255601,1710.4998524646148
3356.357892336311,4,4,3965.9013563981202,2,0.8533029425323149,4655.53826769395
3444.4418800975977,3,7,3510.668707970132,2,6.557338944221623,3288.52955754158
6754.008004513737,3,5,6685.593129102723,2,2.2477709153245495,8162.121895274426
5666.556547176091,3,4,5604.618396576939,4,3.723527069459995,5973.491880268856
5799.663758583261,3,4,5611.499950061977,2,0.5756663745882542,7309.114677579073
1309.4256456738322,3,2,1230.3799162132964,0,0.7855916434380747,965.3184365775677
4404.269543751345,4,3,5045.2960717783835,3,1.2516002378812119,5173.250979305179
5355.810974255335,2,5,4186.457526998821,0,4.326180894347314,6777.378888974267
1986.39328223153,2,6,1601.4375859103318,1,6.342051509112231,1887.9649137090084
1407.7740813599137,4,2,1603.376872159022,4,3.259884093951389,1657.917177201404
5749.837456569778,3,5,5659.225588149323,2,0.05103617465181221,5710.039513939893
7658.816027778771,3,6,7806.3746524144635,2,3.307339288922226,9137.300892822772
12979.566506548384,4,3,14937.212598846003,4,2.286674614962554,10490.914795471423
4281.881769473261,3,4,4182.612453999225,1,0.7462203371970023,5724.282002196196
10015.904581701014,3,4,9828.46850124924,4,4.28157942318079,13706.948717044552
2645.015540148547,4,1,2990.5634112720563,4,0.8084255565440601,2443.500657522501
4368.36586520647,4,2,5010.8428333652655,4,1.418353929432138,5058.496045139088
6595.691817498392,3,4,6342.742413055302,4,2.6170039468328716,6461.8105100118455
3686.419256561451,4,3,4227.054053832473,3,1.13723130717195,3224.343136221804
4055.138350472698,3,4,4008.98755117367,0,3.152449948732784,5126.371192136353
3361.3765831092146,4,2,3871.9500194097177,4,3.2274866797031105,2767.0821841373804
3528.2468360302228,3,5,3484.1812038658127,3,3.9527719914133246,2956.634513147361
4647.444166689003,3,6,4797.700908580173,2,3.772247907262673,2724.976953389108
2562.1288051144315,3,4,2519.9515226671024,1,0.10684439509915114,2883.7247738863516
4197.969231736129,3,5,4242.621638748212,2,3.0328111297009888,5998.1855334682095
2392.8988161504317,3,4,2365.8286897765447,0,1.6644694428561913,1741.7717347191985
3393.8221027806426,3,3,3248.637041583482,0,1.4345814672377935,3716.6898098790084
4084.645620450279,3,4,3947.3766784143045,1,0.43286924369000146,4076.306223101163
5490.604908887943,4,4,6670.130106187132,3,1.7797722471301893,5407.723388404243
6539.127077706656,4,2,7431.54042179892,4,1.4426945715688326,7479.891247761395
2376.411275492495,3,4,2350.9479467402602,1,2.0832615731064323,1463.7783966549564
2887.79950279511,4,2,3358.104556425441,4,1.5248684305415219,2457.4279267543784
7867.071261899614,4,2,8927.461854527368,4,0.7111704876078415,6331.331741573595
3400.484915016514,3,4,3346.3257296354764,1,0.4280234218398051,4555.182988477879
5429.304859726566,4,2,6193.654225681635,4,0.6849209147911854,6593.885787841385
4428.022200419503,4,4,5343.326894206721,3,2.2232624570426305,3809.3748479979395
4896.76738966796,3,6,4924.791618003653,2,3.730102613758054,6612.762076342391
3209.9767179732253,3,4,3097.881980445004,0,2.371286213672074,3892.950135635523
3870.573094622336,4,2,4504.930816484679,4,1.9046780977030975,3045.739722534112
1978.3378924339247,3,3,1871.9446500368106,0,1.0893661243619432,1686.5934782793718
3003.5794831703565,3,6,3002.2571952131634,2,3.891558601737687,2463.422528183043
2256.5070077006985,3,5,2290.3495071046573,3,3.596020940907712,2291.7145368061756
829.6609646580586,3,3,792.3980236586658,0,0.9509708898702126,631.9556421370919
13861.84407727597,4,3,16167.096030366929,4,2.030787646354391,18314.953968446403
2140.1558612419535,3,6,2221.6928080869843,2,3.849759717470046,2557.9528523627496
5206.021743125094,2,6,4125.784318031238,0,5.536844282282564,4849.588979386909
2215.3281167765263,4,3,2561.16960735715,3,1.0647643389485397,1571.1568146091658
5979.682416221116,3,5,5903.308306263012,2,1.4573268938625572,7904.971643267746
6077.288545017582,3,5,6088.680753385765,1,1.158180596746473,8032.732446263524
5408.900881827505,3,4,5301.61275119878,2,0.06978131312985279,3888.023278187679
12495.968778919354,4,2,14540.757455042807,4,0.4687590590549609,15055.836753474881
6012.298117947183,3,6,6218.554040107086,2,3.871255978777853,5062.457298595778
1785.3024190808576,3,3,1720.9976770419337,1,0.38803419971904685,1876.532383461383
3047.080322986449,3,3,2901.959368298179,1,0.7186739664330427,4064.216837155
3663.6827624197495,4,2,4107.20885767283,4,1.4380801041363405,4635.8262824992225
3760.046541229228,3,5,3811.199868389075,1,2.1049716679292,3966.8677262144824
4781.347645905561,3,3,4511.875072099991,0,1.049331325940077,6272.387972732319
3080.339777416554,1,8,1816.5284352018075,0,11.78972669228928,3276.8121309504377
3326.1941352622707,3,4,3188.005933192882,3,3.077996609671581,2600.064187685618
1802.135641460702,3,3,1707.821852682337,1,0.16725357295707147,1306.985380198375
5392.948003329712,3,5,5370.176516164203,3,1.6511730160440858,4689.557863436163
4726.607157499372,4,3,5441.2266942629585,3,0.5376878460178597,6055.504694083386
2708.3599626483165,3,5,2720.752823751448,3,3.878631898881539,3035.365038527789
3932.2843740247363,4,4,4646.9272936104935,3,1.6619320567322375,3259.711140587107
3420.8159756784326,3,5,3426.5949872854994,2,3.8045359342416973,4280.772357774309
8945.840867659535,4,2,10198.952083712631,4,1.156100669698773,9391.809574557376
3108.8507484623765,4,2,3576.7457623413798,4,0.7693325798831785,3006.046270429797
16461.675557733743,4,3,19185.88210404381,4,1.3383382826625427,19671.71500820752
1273.881946031334,3,3,1213.406552679418,0,0.9585959253825526,1389.401023323229
2463.552222008342,3,5,2478.2013143504932,2,4.933808912323323,3410.6824992235506
5471.874619249335,3,6,5570.178076493186,2,3.6645723758691764,5137.331897839172
4885.886103996153,3,4,4850.532459004161,4,7.7082049502436245,6736.241717411172
8330.584196700049,3,3,7811.113939895114,0,0.619444721943581,10670.036559071208
7207.305464034126,3,7,7445.863220235492,2,5.095823095896613,6009.711278424466
4993.53994560331,4,3,5732.964431147169,3,0.7866693107085686,5280.891436699396
4790.6294627269735,3,5,4790.994178689017,2,3.2069338827141443,6475.782021836986
2374.692613189484,1,8,1371.274178749378,1,11.808432865338892,2199.069455890155
1712.558212423738,4,4,2081.457260644314,2,0.08156137942534994,1387.8827204264094
4679.850687177769,4,2,5379.536551930548,4,0.7677135741692239,4650.351709230087
8200.34936689895,4,2,9478.2475992391,4,0.22792030716747186,9584.902751923024
4322.462101498848,4,2,4932.489421228782,4,1.644186780640839,5490.348187160013
2885.16636208779,3,5,2833.9195368586397,3,4.70013356675871,2346.2819928326817
6952.317688159908,4,3,8105.364476581852,4,2.1725239101990024,6088.695129350322
2819.350753648515,3,4,2724.2778801637883,2,2.058657106983801,3726.214514413672
5807.05438022819,3,5,5886.774897401531,3,3.064490216625719,5373.481505514415
1168.723866872677,3,3,1113.040205638017,0,0.7792751446797849,1204.4692688899277
12498.286818450211,3,5,12548.365590666874,1,2.2634173069671264,13369.65031897886
5206.776210141432,3,4,5049.752361025087,2,0.037798801312099235,7376.151705112062
4844.745936091948,3,5,4776.500684559917,2,2.4908022726874144,6433.411841966109
4530.125418556719,4,3,5372.547769159337,3,0.059606807948813456,3343.968748082463
2057.1483353308304,3,4,2041.482074643433,1,0.33597656708355633,1923.0668555850427
1446.727288991624,3,2,1343.681525545136,0,0.38147388068661425,1914.9634852450629
1483.7550915784477,3,4,1443.2395130008335,0,2.8488420315836915,846.344149516474
1914.5519358886252,3,4,1861.8828193222505,0,2.86622781896061,2406.7157583840803
4951.668251735388,3,5,4895.824353851696,2,0.02438305076924739,4013.6418189449096
5392.561925804169,3,5,5303.774770491031,1,2.3705980299829017,6680.796492569329
3568.76603509604,4,3,4240.225422240368,3,0.7065588948637774,2708.389094683601
4514.8616175257675,4,2,5066.121722041304,4,2.8276363600622556,5657.920234352563
1932.7500254616714,3,3,1857.049527765368,0,1.978780788063402,2174.947709862558
3428.9359645333025,3,3,3242.309430918737,0,1.7401086946082556,3737.217894681651
10623.489535652281,4,3,12368.038967310778,4,0.6395935955811324,11833.74020309641
6167.29917997363,4,3,7130.803730510128,3,0.010009578295212105,4637.715574300118
2409.661561436417,4,3,2766.8074516016736,3,0.49595803111910214,3013.421382316423
4393.146431142784,3,4,4269.872356970927,0,1.862077482227133,5070.919946110264
1136.456284566563,3,2,1075.7523687261512,0,0.1028985847885823,899.799509417965
2520.280763331842,4,3,2999.1917572779435,4,3.6628885768339883,2307.481436275316
5016.919441481292,4,4,6088.396093721758,2,0.9418825887630472,6857.890405957443
2522.331928571314,4,2,2869.332451138636,4,2.9797031745193006,2329.1718685727865
6239.581977912442,3,6,6426.660942069817,2,5.397006153197608,8453.608052309659
3655.3951034605734,3,3,3503.6122878863644,0,0.2271206187304676,5177.077952290637
3293.5275308364958,3,4,3168.5782168526,2,1.7790553530082749,3750.138949405299
2975.036454935719,3,3,2845.4562774038877,0,0.28430476936125465,3752.875211384692
1678.0108107788412,4,3,1942.3697030210574,2,0.4186169957909157,1612.647799836008
2835.8650508043393,4,1,3115.6831238352565,4,0.13657430968338474,1842.2172010565048
6622.575800671323,4,4,7824.995879593398,2,0.37703790311215063,7066.094446748657
7147.627613358775,4,3,8396.064885746024,3,0.8700249096599786,9897.3234218548
2768.748167600994,3,4,2681.257185835791,1,3.4634287129712034,2056.324448480424
3784.5859777881965,4,3,4460.7162437906145,3,0.23308880823071046,5455.026230236645
2758.883293042239,3,4,2672.7501424837587,1,0.2167734088873448,2509.4757192464
1373.3203576433893,3,4,1321.2213870276134,3,3.8505668700987017,1454.805930617461
2834.22806033806,3,3,2665.035533167527,1,0.013258958051866325,2078.080580705823
2275.953077680407,3,4,2198.7505326083196,1,1.99325437142972,2610.123982057787
1028.0148990224068,3,3,985.3892431823537,0,1.7403529258422434,1079.364706833232
8499.431179926854,4,2,9789.201793198716,4,0.9083012529832183,8520.185975236953
1746.3760527563604,3,5,1750.9296764679498,1,3.974766548758399,1545.0045132834284
1814.8057879401363,3,5,1793.5911119805883,2,2.5970754101488565,1434.4612236472667
3191.3330290701847,3,3,3099.7194906011723,0,1.870898123354891,4456.809148888036
7076.778810712683,3,5,6937.198078448369,2,1.0625797191600157,7735.430166588115
1820.6403261993512,3,3,1762.4376801672452,0,0.5566594142090178,1502.4906079764462
3622.6041060286807,4,4,4393.12618481132,2,0.32652088034846344,3596.2774248179508
3610.2890942136714,3,5,3565.3114537871666,2,2.2471851382604133,4141.419582881939
7937.649719079271,4,2,8935.431193524686,4,0.297550160889935,9838.267830247594
10990.260587449227,4,3,12880.599929855405,4,0.10242759382239143,12757.044185443627
2710.033710293178,3,4,2639.076692926727,1,0.2657596047012719,2771.94772963345
1005.3091658292166,3,3,941.9555105958384,0,4.414300605161498,1260.3890957223628
5532.631619767907,3,5,5504.162053081596,2,2.1749619905335402,4511.2358988728065
1781.8820059407071,3,4,1759.2687436727551,1,1.0973777533116567,1765.6025347820528
1355.6418213655106,3,4,1322.7179406519474,1,0.5690104311923649,1047.7121323020212
6463.461935919227,3,5,6414.698252888857,1,1.5372160899915344,8836.149757762309
4450.189819740892,3,5,4519.101476962938,3,2.3913142073056535,3413.7500291483384
4753.364734358317,4,3,5521.795642009174,3,0.0019366290163324422,5561.163184739567
2645.5239078244535,4,3,3082.0663286856916,3,0.1763222281759201,2436.025869594855
5732.07468946963,3,6,5805.685838076701,2,3.8874021531012084,5624.351042641069
6876.382474736036,4,2,7868.981733289994,4,0.5679773131203228,7919.315949963447
2999.635185541603,3,4,2927.2150274428786,0,3.2214934602010166,3386.220901408428
3186.706482365241,3,6,3211.378139335444,3,7.163564547887554,3360.067516707325
3179.101881092449,3,3,2990.8232409687216,0,0.9664408556747692,3436.896553228085
5803.686709772972,3,4,5599.354636722356,2,0.8404942116026636,8087.058812456998
4969.782027273445,3,4,4842.702888820274,0,0.8890767654388626,6015.452725240877
9635.180004401558,4,2,10974.795552693751,4,0.3429217304953818,9502.438394677622
4910.414821565467,0,10,1815.1040668620847,0,16.27542319514028,6015.527434931167
2878.904087397735,4,2,3258.5117472963566,4,0.7513384422735823,1881.6087931482155
2447.5108031299037,3,4,2383.727560064071,0,1.9707148221834088,1912.7714571330391
5576.053609846815,3,6,5669.135765130309,2,3.1536943054040827,4441.732433445299
4339.867481921998,2,4,3294.60761602514,0,2.0970720864429278,5377.105910182335
6604.155552428358,2,8,5547.647756725995,4,12.88859154816599,5233.90204247786
11167.802944559271,4,4,13121.91566994461,3,1.5523929721741003,14389.332675262162
1919.26928880687,3,4,1904.5105004793209,1,0.056022627174410936,1220.8260049130618
1618.9437730119919,3,4,1576.2986219774837,1,2.504884991878828,1282.6067687136185
3063.92023860097,4,3,3643.7848264666513,2,0.30772863321304567,2543.2511853929786
5266.367374745213,4,3,6201.858108291396,4,2.7965920844356633,4831.142780332375
2178.0923178706175,3,4,2152.4939172840946,1,0.6037695086706789,2372.1501315721416
4201.633421886325,4,2,4807.073692739811,4,0.4943386623399391,2918.2864486584185
3901.3733864056508,3,6,3908.92043801358,3,7.029395138196086,3900.3205019521515
2075.1737752118142,3,3,1987.5806726766557,0,0.4339270020220724,2369.9316892800384
9173.366806324888,4,3,10800.349257681863,4,0.35638470097995795,9183.404200371679
690.7155929763936,3,2,649.4232489678867,0,2.4026082664369626,792.0727715377374
6754.621709743752,4,3,7959.010088189635,3,0.03590267639731181,6755.317443740291
1771.059462848769,4,2,2003.9317144272927,4,3.3772314149696103,1266.1932840108077
7152.810609649927,3,5,7100.66206246627,2,2.2224953368538958,8125.992416896596
9600.375936335358,3,4,9358.951839839392,1,0.7034548853119198,12514.06774068501
3174.039792151966,3,4,3042.6116452640854,2,1.7967144083612203,2121.0929806568097
9774.431532081715,3,5,9719.371987747958,3,3.9450126738355564,11936.05049778722
5026.778711709858,2,5,3914.774890781988,0,3.625803347801774,7059.402517327956
2897.4875720870164,3,4,2871.1896475374265,1,1.4209101934980883,3838.804747104745
6277.125702611866,4,3,7408.4912060567585,3,0.4717207633110319,8248.492361682136
5017.208272578095,4,2,5756.448313878082,4,0.04355995354207774,5471.278536384655
8210.053009054074,4,2,9511.239948822838,4,0.23969486493861986,10296.629845036394
7326.8607437329665,3,7,7626.98896261648,2,4.881563415154433,10255.44543650746
2177.387516817244,3,5,2166.1010188377145,2,3.265550708787248,2001.606876237904
3947.6653224071265,4,3,4645.723006581654,2,0.3798461778284954,5036.343710380186
4144.346554216433,4,3,4916.76586258555,3,0.27778651320860964,3656.8002589958064
3854.698933196807,3,4,3708.1051376892224,3,2.119839815606324,3245.0332395583355
5084.5805425422195,2,7,4107.118902398881,1,8.249748013539314,5336.6724327605625
5763.247181554099,4,2,6640.387123591435,4,0.9791388942904321,5972.826093267968
707.7692243476533,3,2,653.1336294794489,0,0.010845104732972349,571.2294569856292
815.5196291905495,3,4,798.307888222322,1,3.8971815215001935,687.8870420425557
5641.213586980342,3,4,5524.139126771172,1,0.431325748690343,7839.697450580277
7766.895522226697,3,5,7754.189025027886,3,3.0918945668445326,9320.790620304671
10755.826471723756,4,2,12205.668178124735,4,0.043212400308458424,9484.16038428252
6258.801172354878,3,4,6118.105399766205,3,2.5634501231162203,4736.22719962933
6674.00031978086,4,2,7611.011951739254,4,2.354236466084949,9134.265962659905
3886.455327010399,3,4,3743.10934938221,0,0.1740946082089411,4929.468889716998
5907.881124961249,4,2,6853.176092129537,4,0.9025534118905605,7700.972599178346
3007.318683361283,3,4,2893.9739053160297,1,0.8902088659064645,2717.1073773188077
5642.859708767353,4,2,6467.908597373229,4,1.224745210143133,6263.912096345798
2407.6929211682086,4,1,2658.8817294829996,4,0.21925337856305685,2075.0706001628523
1331.993152127926,3,4,1302.0616654524924,1,1.8961557634183408,1110.7494606892787
1139.9013635638285,3,3,1090.616534465057,0,0.8460086932944454,910.8073377493623
1660.5207164682884,3,4,1629.871337702029,1,0.429034220580691,1183.8293515229313
3053.168188398899,3,5,3073.079363583507,2,2.239661103392075,3307.4147850891572
3845.27472031644,3,4,3729.9952601755695,1,0.23637454467211613,3948.5319828817283
1275.0255789941768,3,3,1205.9091993548957,0,0.11315469667548046,1625.8254015758196
1720.8113829071806,3,3,1618.0170749721697,1,0.07411466048309817,1573.4251255321415
2035.8403776496566,4,2,2315.9767678491266,3,0.061528774728009925,1703.7909085384251
11967.300184606995,3,5,11779.766866954556,3,2.0369241741378805,13906.611711816375
2513.587996199701,4,3,2901.6537075876345,3,0.26290538850097134,2800.688056621347
10833.554434923637,4,4,12920.340218715039,3,0.09889447094618802,12554.52946386912
2705.1298802406877,3,4,2651.356916881083,1,0.990915670263591,2817.665346393897
6048.740980060098,3,5,6105.09832117837,2,1.1819231651357323,6409.437153068996
4939.755190257536,4,4,5790.8598354651585,2,0.28552515525962024,5809.961253374033
4066.07493833936,4,3,4773.124274110095,4,4.246336501457637,3363.6341692946985
3498.471078341981,2,7,2806.1209317122016,1,8.007039189603374,3247.243576002589
4623.284263451358,3,5,4659.4351693120925,3,3.731427107827858,3762.4356973464387
5160.393547135374,4,2,5993.319869815671,4,0.6228178040965524,4627.846123514959
3035.549831910917,3,6,3130.209251589209,2,5.478653430350345,2849.930095103792
763.212499359898,3,2,719.9679237375317,0,1.1500712312538766,608.9500851743679
1547.2318378969462,3,4,1522.4336927629624,0,4.350643728735697,1514.1307702577903
6790.16508965872,3,5,6881.11121342993,2,2.9691037973219214,4754.750890485459
1332.495108472927,3,3,1295.6911254080053,0,1.0503830500890137,1118.1877982346953
2350.429143590846,4,3,2772.8907577721466,2,1.7004975131291473,2964.7150470051793
3792.7251271653176,3,5,3729.2682485798796,3,3.529536791623417,3138.9089503765526
3275.284923265594,4,2,3798.8705019127146,4,2.462329169996304,4213.766964734267
4683.861138715423,4,2,5451.7525792288825,4,0.22187503524663027,4833.772415337546
2236.9266578965025,4,3,2623.588026177196,2,0.12056974896730592,2565.1568339617193
3179.0070845186656,3,4,3091.548820965676,0,2.014924034446185,2571.5010541043207
3715.44707340878,3,4,3586.2375962204883,1,0.4146965119031458,3206.665561379226
5271.531559752973,4,4,6275.846028221116,2,0.9353993705375491,7101.785016418772
5622.252556662226,3,4,5586.443144469785,3,1.2451437522177426,4864.966835689143
3118.557401857639,4,4,3759.9274915087276,2,0.6339727961079895,3052.7315852532915
2970.832327276665,4,2,3388.1966437574497,4,0.9787431961121232,2733.236243293776
5796.855414215651,3,5,5713.113842109516,3,3.294130483898038,5277.561169430679
5425.774225791866,4,2,6227.021886367364,4,0.5090416874684396,6423.135308855622
4115.762475616872,4,3,4751.999177434022,3,1.2365702464748407,3729.2754451977303
2476.039799073547,3,4,2390.2926706835647,0,1.4401052856371446,1828.90639294061
9196.012909289479,3,6,9261.302851843873,2,2.596454768896463,13407.828854378364
4412.335520435838,4,3,5095.938641044788,3,0.45326484375846726,5518.421032957761
6544.2696190267625,2,6,5204.46864147793,1,4.5779294710911485,8690.883994330132
2797.854876635607,3,5,2781.0740201096187,1,2.407171144853966,3978.3287191523973
1242.0010487397342,3,3,1176.8994273987762,0,1.0954575897533059,1002.7105426744333
6577.5166604027045,4,4,7991.741691228696,2,1.205280188518868,9236.480755417526
2536.45868152685,4,3,2947.6636102809593,2,0.1492729937186126,2745.0140010643267
1888.438107502552,3,4,1855.1593321491164,0,3.006717986405325,1305.3745697438676
3991.121847490449,4,4,4789.066456092753,3,2.321722573793165,4943.626076778819
2689.865267702513,4,3,3101.770657731545,2,0.4054696684754221,2154.5588738536762
1305.836658079977,2,5,1025.4842374528816,0,4.891182367254489,1221.2344111763705
2174.361322843003,4,4,2640.0727578657998,2,1.7444494045883612,1817.8721436023611
4829.8277864017155,4,3,5748.889505416433,3,0.8415942702092666,6911.137172326697
2949.814963817569,3,4,2903.240992014069,4,4.6411345140397255,2683.451028260445
2847.375370227139,4,3,3317.4353815319896,3,1.3299819891748925,2672.3261325265426
745.0359962687986,3,3,707.9114930758246,0,1.2795277112541998,662.42008849554
2436.654644596482,4,2,2776.43489227029,1,0.20812196688192625,1972.0952071496524
5200.465519981422,4,3,6137.028240360943,3,0.15759237728728562,3686.006245287605
2832.712187385013,4,2,3177.9610168505583,4,1.673247984260447,2065.9050603569553
3500.800769747709,3,5,3432.4754330536753,1,2.799693338910136,4098.372172229081
3806.9768167725365,3,4,3774.4175425071135,1,1.2328161320057511,5204.367554052926
7244.932481667561,3,5,7317.034785822762,2,1.003720163664329,8471.507497344573
2418.7924962669576,2,5,1840.9916633733321,0,5.210888296331667,2360.8404933173197
3027.7326867153974,4,2,3498.026392522353,4,0.5639039801917759,2863.0439562627553
2999.1543133959403,3,4,2934.9335982386456,1,0.6584182131736069,3323.9839918964826
8180.53754569295,4,2,9519.429338940161,4,0.040015944093063915,7036.98127222281
2215.9806509880195,3,5,2188.9562427757273,1,2.4334405370617014,1625.6007969689554
5904.907921207089,3,5,5968.422916721109,2,0.38763111337224787,5114.602206310999
1914.1492577321565,3,3,1822.1085021614454,0,1.1231802907103687,2152.5327392862932
2275.673159504962,3,3,2195.311796489761,0,0.51981982287445,2577.1768355091413
2494.8952646317593,3,3,2419.407773569119,1,0.9232959431815538,2214.4327853614886
3743.4443809165596,4,4,4391.1236999021085,2,0.9520310806854225,4128.783637662966
2449.680644996119,4,3,2854.563153687376,3,0.044462856777284274,2143.614631270783
2112.3056040454535,4,4,2561.2301308762253,2,1.2447159553594855,1790.8578516703692
2677.6916610289895,3,3,2532.969041596266,0,0.6177216024466203,2838.232007053525
4113.526024570269,2,6,3292.7040449281903,0,5.887965708520283,4384.440917767076
2946.1426055118272,2,5,2326.9031388431745,0,3.9399468775025133,2509.440260996383
5494.5260432512405,3,4,5339.180581547856,3,1.7391023439459645,5984.169009460699
8144.301422974464,3,4,7810.505046411947,4,5.223379695303684,7896.823538275426
6654.628636740052,3,4,6374.73087919064,1,0.12328425656698347,8849.458143571137
3090.7875171719393,3,4,2969.143188648875,0,3.086289523801697,3700.5908034191557
3590.9820215971895,3,4,3471.6836672289187,1,0.00011995894988264512,4599.760376036702
6538.087228579963,1,10,3974.0859029790513,1,12.57307753697483,8338.451709926216
4297.442223252887,4,4,5194.26984957433,3,0.9972366337699016,5718.832522441641
1993.1934466678504,3,4,1909.8079206022396,1,2.098613452057501,1970.460549943476
3004.7972500074566,3,4,2885.9073568542794,1,1.1451224559469861,3656.3125951139796
6183.435453854021,4,5,7477.621511344646,2,1.140665826527785,6658.421602167416
5998.695266846628,3,3,5719.375325777609,0,0.14428352838463762,8647.236712248903
8308.890618939233,4,2,9628.865390845931,4,0.03889153414805919,6503.388904796105
2215.3602433368624,3,3,2105.589373264997,0,1.0543652204601215,1816.2874359171853
1085.9839691490715,3,3,1021.9126884645748,0,1.5161249491422124,1190.1213219929757
2579.6976749759333,3,4,2551.3652918615853,0,4.186534933481689,2882.5539826607733
2988.093585153963,3,6,3036.668234537226,3,8.588952663002711,2512.212544045176
2171.740481674018,3,3,2077.398181638711,0,1.0357682055847655,2292.839938836347
1800.9392657670078,3,4,1728.5599657774378,1,1.1658646272626376,1661.8143405669966
2328.159517901411,4,3,2753.517307250193,3,0.824690143621052,1604.7092176856856
3904.1643483279495,4,2,4372.338704453054,4,0.7364277300925172,3724.56096136795
8791.361587793255,4,3,10407.150991469738,4,2.3591057634051213,10111.25437553109
1501.745678614888,3,3,1437.9690037954008,0,1.5475241054359274,1360.83908761183
6366.89353606771,4,2,7409.609325440654,4,0.5312889918665649,6384.593991447118
4901.731877596313,3,4,4808.801176735668,3,0.9024385673715869,4511.259363534432
3234.2403398483575,3,5,3205.014900613721,2,1.2707568124520776,3522.0146495285194
2422.3273765745566,3,3,2304.361200902335,0,0.6405625377253358,2097.8263933601347
3899.685200160451,4,4,4634.3951038331315,2,0.5026841027754636,3789.116874635631
3976.160516400501,3,4,3912.8031552897237,1,1.1983530463729408,3976.4044909755817
1841.4093144016113,4,2,2141.5226191038473,4,0.708162026056635,1621.6418751708252
3546.6326897521244,4,2,4088.4173238739895,4,2.141780720951957,4508.3918719836065
3155.420835779251,4,1,3521.413423530638,4,0.3880255092197178,2138.6610433399524
6677.770341859014,3,5,6533.13490547368,2,0.3279982760653663,8604.8363259469
1991.176688811628,4,3,2326.624974722534,3,1.6637635773712853,1824.6217955123968
1802.942264475499,3,3,1736.553461143278,0,0.4988445762359037,1585.2941767973268
5481.796748027193,4,4,6601.284153655612,2,0.9997798614092724,5528.949904598341
1673.6657745551893,4,2,1928.8745605336744,1,0.03968695574665463,1314.047791056517
3955.3988054461,3,4,3820.9045509214534,1,0.5179521271349429,4493.29013977319
3142.1256058802446,3,5,3139.4059838990524,2,1.1550178186693987,3196.634962397608
4180.7569742890555,4,2,4751.502365829101,4,0.5832238252825257,4141.45617002695
8303.652579858084,4,2,9461.85858762829,4,1.0652869649893917,8694.75226207732
3429.306635112585,3,5,3434.7729127616803,1,3.390946440089891,3857.351713151297
5871.372135301119,4,2,6578.024376950656,4,0.6250117619920692,7092.310157685138
6902.0412192406675,4,2,7767.178536558196,4,2.280441162263306,8849.964172086935
2681.1538860459063,3,4,2669.0715284178323,2,1.1461240327753452,2206.5307434832266
5728.978883375234,3,5,5665.415582321622,2,2.095488046290866,7209.281374675429
9075.379622013877,3,5,9061.520338842794,3,2.595919976573851,12047.351784610186
3797.569074983622,4,3,4465.71149245821,2,0.03811985754140661,4977.230867800872
3991.211252135826,4,3,4709.317571624185,3,0.09568718991830595,4078.6009409443795
2141.6509831677413,3,3,2036.8206523140025,0,0.5185263184254753,2537.9565903167727
1772.3272761225069,4,3,2105.2838418980805,3,0.30163990597110846,1466.6235382133168
4698.754817421763,3,5,4613.110740465523,3,2.2235234228664487,3478.5987974506247
4195.161386806088,4,3,4967.384816052613,3,0.24091724080131852,5519.221115971449
1715.4750418639462,4,3,2038.79147169054,3,1.8816654014422487,1435.1974314541424
3731.0339255223384,3,4,3705.513707306127,1,1.3773569719584433,4097.307603301509
2013.0630863709234,3,3,1955.5826442643681,1,0.24214811207419246,2560.4307760068664
6311.949291958521,3,4,6141.259517971716,3,0.8878869597313205,6992.811541025236
2238.6494763938504,3,3,2122.5465725402555,0,1.4608000895128035,2261.570389029485
4328.899082754007,3,4,4309.750279594216,4,4.233729159708044,3555.3511529141565
8755.943368723023,4,3,10046.439259834713,3,0.32052988283022593,11954.985558268248
2107.999966476703,2,5,1606.3581684750725,0,6.322876186399658,1711.6903128278436
5014.619701655016,4,4,5931.458618788172,2,0.227500621141417,4582.776112364777
4137.469798622656,3,4,3997.3094359500205,1,0.5470627674746331,3033.750220916252
4684.345812794536,4,3,5417.082412242764,3,0.842470507761505,6385.204771220594
3682.113217523219,3,6,3798.4807449775612,2,5.595814452157813,3409.990770386241
4931.019009349834,3,4,4741.421611240019,3,2.7938404762603466,4490.782054382995
3670.403467578508,2,8,3009.341496282265,2,7.274186004887676,4455.891838484842
3071.052938905489,3,3,2892.067920454562,0,0.7806485995434227,2719.4747669012772
3287.085005844846,3,5,3277.2641404482088,3,3.828524242206015,4163.83308576089
2911.36516431417,3,4,2835.584366726107,0,1.8004718844856291,3623.3174308950724
3216.5941233093804,4,4,3897.740947940166,2,0.5752107021520158,2327.438945363661
2754.7790044922413,3,3,2602.014128061268,1,0.11602382274363715,2650.101175392969
1821.298838019141,3,4,1805.7011729125204,1,1.0583884453493,1493.981913430729
7019.567292869738,4,3,8295.772440434108,4,3.5115432323906446,9672.092585265893
4606.456424262653,4,3,5303.232888222641,3,0.8815750529941216,3877.145056472135
3021.068497922479,4,2,3492.4479924301145,4,3.9635961730302336,4151.676866847044
4140.879789305385,4,3,4762.080651169199,3,0.9186227149380167,5669.146562187225
3611.2947412021686,4,3,4140.915383902708,3,0.6695207198670844,3854.1120197328855
3718.6823086911527,3,4,3626.4702985843364,0,1.2899695183553987,3488.35321359159
3704.4774142856536,3,5,3746.4359979001442,4,10.085553417530933,4828.128731205659
3023.505242945174,4,3,3473.1948837495606,3,2.204687192139481,2390.9121635741826
1506.0303480022342,3,3,1466.6997546453406,0,2.716173579878724,1325.604077425817
3324.637399936565,3,3,3122.5022628544452,0,0.6805331756501655,4120.721791620347
2705.3209674804502,3,4,2639.0578967638967,1,2.6272467265471544,2561.0394344294327
4924.040064477599,4,2,5628.068897578259,4,0.321555972751338,5916.368586668562
1091.3644041547002,4,3,1296.394636503379,1,0.9654531938535925,1161.8192855385382
11909.558405671043,3,5,11799.01218481073,3,1.9825410160278873,14698.340690832172
3338.95569358077,4,2,3799.2797758333995,3,0.45038521189275227,4602.864665123006
928.3154153362829,4,3,1087.4031638719578,2,0.32558573734691815,898.3780531508955
8535.248064242925,3,5,8622.743563473266,3,2.28580034508866,10546.116925548635
3285.0957964172826,3,3,3172.497380268363,0,0.22273709759089438,3901.0676942220653
2310.5608868938034,3,2,2199.4696728919894,0,0.03231173973723633,3086.507290145424
6971.977904857623,3,5,6954.843206104144,2,1.0417773046039494,5689.227927762335
6364.755018057842,4,2,7365.762813496603,4,0.22691318864810775,6523.081618047823
2861.4152850406044,4,2,3261.8248955499607,4,0.6900200896413283,2591.322590728766
2118.238753035277,3,2,1998.492292304015,0,0.43672142774691003,2572.360880124711
7791.445720371983,4,3,8963.042524299608,3,0.24962741588932955,9587.211911870047
6060.74633140774,4,2,6947.4543217756645,4,0.8583861927749408,5389.091572353405
1211.4318236611398,2,5,928.5196967134475,0,6.027336505776315,811.6958078237515
2509.1506058194254,4,3,2900.3607978875657,2,0.3812171324343334,2881.142500481519
6204.033526574318,4,3,7177.863141367747,3,0.45899980685550523,7157.873446426513
2294.858820134857,3,4,2282.099046276142,2,0.6312515594149903,2365.5532797521973
5568.846712520414,4,3,6398.740665137055,4,3.571551506087571,6468.4745458279085
773.104884197889,3,3,744.3984992673031,0,2.1594589409153664,516.1700026055959
3920.431288748684,2,7,3206.172069370165,2,6.004195716421583,3210.6493960423304
3094.2149469302053,4,3,3553.8506519868015,3,2.685650399341322,2704.2869823174633
1304.833220837594,4,3,1515.0833810177098,2,0.007534052170090952,1084.256593148044
3288.966486218265,4,2,3771.3064391048847,4,0.7414427638902198,2863.3383249917256
3251.1311600289714,4,4,3884.321315543157,2,0.5013973966352071,2514.1620014247783
1797.1846002855941,3,4,1729.2806758695942,0,3.8384221490802384,1399.6783011857383
3317.9552837196793,3,4,3267.3912991686684,0,2.855730747595129,3843.304687575479
3265.5977823733333,4,3,3781.0387998426067,3,0.11797563363940201,2503.288578996464
1932.817958369443,3,3,1872.5885255615888,1,1.6228197907402533,2221.810869885716
3095.6271942420326,3,4,3025.0214657440993,1,1.9055474379132213,4019.7860552267916
2245.0267877921874,4,2,2513.982665797292,4,1.2661587929797018,1897.3213184627587
3026.9211627608443,4,3,3592.4105253901184,2,0.15941229163130297,4201.271808728197
3460.938793131321,4,4,4087.6984901995393,3,2.6622968648930954,4348.087040683491
5922.311975929295,3,4,5674.178452288548,4,5.0457250977950014,7401.15163733855
3159.757328042652,3,4,3121.264817053544,1,1.7442073845935093,4207.933941285253
2867.1198311410158,3,4,2810.5970086185985,1,1.2192144990522362,2503.669445394719
1906.7073956541092,3,3,1794.2749921906327,0,1.2317323136990013,1482.8505097307948
5561.8653345565945,3,4,5354.916050388724,3,1.2793683931119242,6142.617060434359
9442.994466585029,3,5,9448.498482008903,3,1.45282964072271,10952.376383898578
3088.054682131717,3,4,3034.5143747215866,1,1.2658895627751061,4021.6973861757
5562.481527774393,3,5,5609.508337202785,2,0.36243536718361086,6752.766347208667
1446.293867409788,3,4,1397.4984183309837,1,1.3773150351625334,1296.6588733351928
3392.958771347331,4,1,3824.0420761015803,4,0.035474105845206,4176.860626176743
4166.1770328357525,4,3,4944.867089195069,3,1.7839195889427988,3007.590677863559
3215.202094831125,4,2,3626.6986299175483,4,1.01454906630253,3025.5477970322063
1923.1733724658657,3,3,1810.4312370916318,0,0.7006308018230971,1922.931603894541
1669.8987743386658,3,4,1644.975903815829,3,4.851908582240265,1037.6902163297818
6686.641712982483,4,2,7657.31380702093,4,1.1982424648196595,8164.868160492467
1981.7276011052195,3,3,1919.002175458982,0,0.08347178900756488,1523.416373226983
6326.536973029744,3,5,6346.8114165006045,2,2.6025299062627,6565.814827735409
2841.634956435616,3,5,2864.439761402883,1,2.5648476754634957,1970.193323221737
7268.752968579139,4,3,8587.085842979985,4,1.2265924643555015,5535.660362232108
2357.844280847108,3,4,2337.144672916929,0,3.253440841963863,3164.1494550837833
2387.3803859422424,3,3,2298.3041741950383,0,0.4262505559635737,2087.3332094324746
2686.797944842243,3,4,2621.253278700006,0,3.0756255628064895,2524.7517780816465
3918.9017869372246,4,3,4608.080782338477,3,0.6115103584503221,3589.671708962096
2715.602953563912,3,4,2616.578223913742,1,0.30633880377069755,2780.656391850297
4284.447913847935,3,4,4238.270834443431,1,1.3679337769690874,3649.2248953582066
2177.766519088993,3,3,2102.700641646576,0,1.135112003151812,2021.5482571991597
7205.208221178498,4,3,8292.780888632748,3,0.7465301131466671,5924.017089764738
2446.280342296267,4,3,2856.04588439237,3,1.3806929088726503,3095.1703001142846
2956.137349558015,3,5,2936.480959170128,2,1.2038086561530625,2743.856357026963
1338.019004812803,3,2,1252.736253259021,0,0.007395923585328403,1562.5037430666896
2457.333295080091,3,4,2406.5593359792497,1,2.1990444642908167,2114.8965931058733
6360.328038423811,3,5,6307.8464406706535,4,7.570992736021736,7768.91913130389
5545.057154401117,4,3,6433.697268553526,3,0.8902922963960713,4861.437261678508
5286.058803919922,4,3,6057.737502065879,3,0.30317577922039585,4965.152366307931
1679.9027425887214,3,4,1613.449148227563,0,2.237061443734917,1284.9529889947812
5673.166534973858,3,4,5594.3964520266045,1,0.6767753162897902,7595.248154930741
4137.288598241626,3,4,4087.4264716104035,1,2.550534296194593,4654.300538467292
4120.546148818462,3,6,4257.722523302507,2,4.006151806710679,4974.526535359451
1485.6850549520127,3,3,1427.5198594604885,0,1.6418926370452411,1257.9845235647103
1699.3881890076614,3,5,1723.1452649061653,2,3.7406321608784165,1820.0550535204602
5652.07326050168,4,2,6511.719589054436,4,0.17496193152761272,7384.0652779013935
3071.4505471604984,3,4,3013.4009366540126,0,2.3853570845787977,3421.882807259241
5362.436144283415,3,4,5327.196788095598,3,1.7020392458389118,5283.128994715486
4198.512915186966,4,3,4991.215911976382,3,0.3004777189294261,3344.2423928716157
2836.2564916997662,3,4,2776.7019074825666,1,0.4013963349780515,3645.8421900387393
2173.767560749911,4,4,2590.718409940554,3,2.4060460682860514,2138.2588087048443
6095.559091003139,3,4,6051.492217513502,1,1.0329888277516135,5676.078674267706
3748.06869590344,3,4,3700.342144219155,1,0.03888183297926112,3331.8235043323702
3162.7213651201255,3,4,3135.528507359798,1,1.1189520161147852,4134.3285924658985
2061.9411831904767,4,2,2343.396123556799,4,2.1342456016891234,1681.2325369991336
2228.5902008026974,4,3,2650.556075533937,2,0.03215496260204158,2421.5773704343273
1525.4479190369009,4,3,1783.5659116002448,3,2.3723346125818634,1098.1084731421106
2994.2282396737573,3,4,2964.346700360567,1,1.6479713957526598,2612.325608192759
1297.729436414171,4,4,1544.22516828066,2,1.0905689450227927,1004.2388497772849
1113.068436142858,3,2,1039.7688889641615,0,1.0197572481495958,1254.3255348545954
4476.723192385297,4,4,5265.187621888343,2,0.19214936171239302,5762.334206418914
3266.177459301404,4,3,3738.083759800761,2,0.7076733095783005,3958.254594243428
3622.294908098627,2,5,2811.042826419217,0,2.9741541077582836,4615.012751110541
4767.222538954101,4,4,5793.48617223562,3,1.7851133229892135,4465.177166882945
2239.4565226704763,2,6,1760.1789726776651,1,6.169242197925861,1669.5648332881672
5919.681382132093,3,5,5837.7105673540345,2,0.6159876660329285,5840.665309130122
3694.12050469537,3,5,3632.991242965862,2,4.463285774959439,3963.4227584257033
5181.568928655954,3,6,5300.432189563839,3,6.336266343581706,3680.6497938023026
5301.340937409758,4,3,6314.026534611294,3,0.19870862341454262,4946.752378486817
4102.475581376626,4,3,4835.374351005161,3,0.3501001601812034,4512.981037103949
2725.9474740628075,3,3,2584.389264497573,0,0.09665508532121325,2945.9151835509742
4365.315069539812,4,3,5136.104730482133,3,0.06945804352739704,5154.833848949447
5080.035356291437,3,4,5032.376984014114,2,1.3300793559105921,5992.962299288285
5005.561987432924,3,5,5029.940725598641,2,1.19143869523074,4742.987341567549
4295.727584369605,3,4,4195.43866269033,1,0.1319296213276264,4177.126638096504
7280.443165215684,3,5,7188.370973639936,2,1.4026537064241698,9272.145357301708
6501.286618241528,3,5,6490.291887293026,2,2.6664334319873175,5951.64924166692
2656.5604450727706,3,3,2519.63808607943,0,0.17814256904506373,3396.9148164407084
4377.915193331135,3,5,4379.821775466333,2,1.973682361437652,5569.093792938494
4240.3462445657005,4,3,4965.941641351893,3,1.0809224138280789,3425.069396409665
1860.5098983587116,3,4,1801.4358635462536,3,2.6269018672037605,1749.636302366964
1841.7706163365615,3,4,1803.9105084816756,0,2.190651514580249,1862.8729569786776
8043.450612594893,3,6,8260.677616420235,4,8.329881629108712,7829.797676928063
7628.196856236182,3,5,7641.291562645467,3,3.8748420522893303,8878.84814583113
5490.63697433991,3,4,5416.249203753823,1,1.2296121249951886,7175.63141463113
2834.76263017684,3,5,2880.8376080795106,2,2.0090559586526795,1917.2261743597128
1670.19409507405,3,4,1623.2281766465524,1,0.9472867765995747,1881.973087583714
1045.9988322300358,4,3,1235.7672618928739,2,0.21435831169123723,1133.0641410365722
7118.795333247169,4,3,8298.896592140116,4,2.21354038941704,5328.837865974392
1533.0416069065425,3,3,1470.9407135611739,0,2.426878038189429,1593.2370605210813
4062.336699913848,3,4,4021.438097801845,2,1.4286630693992015,5524.875066426708
1702.0730511353324,3,3,1624.1723646924274,0,1.567925219331642,1379.1919467805133
8724.537492043068,4,4,10526.06659201168,3,0.7054931262409765,9599.595327376064
6949.047999649322,4,2,8086.431849214305,4,0.7369341530829369,10044.302767435202
4224.965626816742,4,2,4769.290367209835,4,1.0263205334365053,4534.964032074506
6233.908834068667,3,5,6305.304224624562,2,1.6141717761271568,8694.91950326157
6736.689791975813,3,5,6650.028371522381,3,4.066167885901399,9227.300016347604
5463.848291166953,3,5,5417.432600580713,2,0.22942545657980612,4657.360731567878
5336.422307645658,4,3,6328.311911606555,2,0.23788050669681984,7052.222602452283
2222.580823337408,3,3,2100.0406102441025,0,2.522047963317038,2317.4312566025037
1741.9132384135617,3,5,1745.5064357836757,3,5.880251167359797,1245.2330942488
3555.456016286921,3,3,3352.3399145624016,0,0.7335710007104382,4544.128712323833
1091.6277334646463,3,4,1061.2486875800685,0,2.6852743709594376,972.9393384013039
1357.4048528690616,3,3,1292.4377622423538,0,2.3787504726663578,1600.8907006280938
1901.4477850932244,3,4,1835.9630780979705,0,1.354844845425203,1338.9116475513215
5381.073694546446,3,4,5195.218258954121,2,0.40531827154414996,7088.64286675127
1892.676908798595,3,3,1824.5259009281995,1,0.681095280013818,2180.947324783338
7787.411551694692,4,2,8885.956080289516,4,0.9620449622371996,10605.789098228419
4102.799328041358,3,4,3950.904879228525,4,5.341275595676339,3442.4681822349917
5891.57313243919,3,5,5770.039189318163,1,3.871665294167032,6694.352682481927
2427.042356123119,2,7,1992.9942170859545,2,8.850485248857114,3181.519453070967
3189.323920753074,4,2,3609.1480027222256,4,0.8947711617819817,2709.3278102540853
5870.777502029357,4,2,6673.181370480994,4,0.17853210283134352,6344.108203656915
4596.460905451342,3,4,4451.700318316672,0,2.325605335970339,5706.237495921151
13578.114302108168,3,7,13891.274987470804,3,6.5419089002580515,13787.762048003677
2862.156411833829,3,3,2752.617543076183,1,0.12645012692829113,2412.630086697899
2519.7865068512397,3,5,2524.5907277784704,1,4.671494780000419,3030.5071223605887
4928.423954404112,4,2,5597.191601825312,4,1.0828604382932614,5117.014109129669
12229.676908669875,3,5,12174.040380082899,3,0.6912831797434089,17422.37289928049
4326.002031247193,4,4,5224.098381827071,2,0.8812842159542621,5739.862178625651
4161.390934099174,4,4,4868.608800994803,2,0.7556997795902466,5927.4262730817345
5357.678062188253,3,4,5194.072538715801,1,1.8574775463355466,4515.2551377802065
5178.0104213219565,2,8,4283.733259031925,3,11.226698698986882,4165.140821939148
3460.308942546885,4,2,4015.1382434076477,4,0.0347117447065412,4322.404814300198
6964.925778692205,3,5,6978.004599463768,1,2.689927160703555,7489.228395461438
1397.397717744118,3,4,1342.3939867509882,0,1.708445620752654,1478.2616992378373
2593.1271180130398,4,3,3080.3910574216284,3,1.0055697390298988,2893.850690082502
2992.9880143934997,3,5,3024.7042281814524,1,3.8549084134140457,2052.6029213623697
3570.5777860661965,3,4,3449.639907228681,0,0.8503043857714175,4924.093155586905
2260.9940960270937,4,4,2746.4246116202453,2,1.0969979767348585,3137.6301738361935
3241.9183178000903,4,1,3685.2909866201508,4,0.33341671551863133,3612.0112641614314
2312.1698676478222,3,4,2244.054191901625,1,0.8411408600017602,1694.995283607505
2366.8698544100057,3,3,2306.2268385701864,0,0.6029854981812065,2828.910218030181
6326.8566981211015,3,5,6264.988749398662,2,0.20975020403377587,7829.469386738944
4269.416435074695,3,4,4137.276359735322,1,2.882530874119058,3733.8152702462057
8107.634504799831,3,5,8081.176789089051,3,2.757049744609905,9521.571842493346
2324.472380985042,4,3,2680.5620353245044,3,0.9100306818505278,1495.028828281079
5262.386517232562,3,4,5171.409038310498,4,3.966716360589043,4888.562741537985
3490.235295188068,3,5,3505.0513894204582,2,2.268078951936508,4648.070186447894
3210.5102193525468,4,2,3633.2160597366046,4,1.531079545981805,4453.621025306919
1998.9473945593722,4,2,2292.12143461393,4,2.4117661029620763,1615.791535588533
875.0411519704661,3,3,836.7844471786507,0,2.7355215848307206,719.6688393271825
2481.4469861001803,4,1,2758.0302461153465,4,0.24926065560048702,2104.5246522954353
3676.921847493686,3,4,3595.7554764789124,2,0.4970432645513061,2778.146930758463
6429.177361888282,4,3,7410.804022163289,4,3.384672896199466,8028.097239114541
6049.544695873016,2,8,4941.562130479919,3,10.902708821036063,4970.161034666869
8676.715912890704,3,4,8537.041382437497,4,3.682950029636708,6919.147427582282
3228.5598926369776,4,3,3701.9546989484725,2,0.5645025119653148,3628.8134371658803
2524.166793526297,4,3,2932.7479031898943,3,0.05535788207451643,2092.3946485389483
3717.73590344137,3,5,3650.5989949157433,3,3.085664037465606,3257.4457998725175
4039.807053840844,3,4,4009.700219053158,0,2.2758235944279614,5220.886357674038
5984.606721791664,4,3,7010.2744463895,4,2.4091522541362727,5179.020920338727
6961.092631317799,4,2,7793.419712972988,4,0.8277468935230983,6508.684954149181
2522.0042729438983,3,5,2537.55837286446,2,1.5290057246413225,1949.090386464908
2713.3549019941497,2,6,2109.4428881207373,0,8.146353902584643,3156.732068724559
5394.801363708699,3,5,5433.214765632654,2,2.5045551322595863,6745.006227783735
7434.605358798538,4,2,8403.350508545209,4,0.4266763532860728,7628.45322469746
3406.335573575437,4,1,3771.7445691234716,4,0.19401188853885093,2915.5549431687646
7091.781251154007,4,2,7969.624903369274,4,0.01966543218111124,8076.592888565611
4818.892222380181,3,3,4675.2695517881475,0,0.2493088237750114,5758.541762352053
1871.0487067289125,3,3,1755.8499761757469,0,0.5516180881827396,1542.0235507327757
2592.3866732673046,3,4,2509.105030378706,1,1.3384025002625175,2055.016098011918
3783.231334391078,3,4,3703.4690248936877,1,1.7642571131929041,5076.788919552485
4142.461458213999,3,5,4172.751387248622,1,2.9074452282032266,4304.220600457478
7696.606807509361,4,2,8760.797895965814,4,0.8942614102518497,8647.265038911104
3460.9632276046614,4,3,4042.4671304329077,3,2.9059217014396803,3847.987390302114
4456.87057209566,3,4,4427.1765218735745,0,1.8659845425186505,6082.561602342064
7460.8014485387885,4,3,8876.92186492463,3,0.415196082700852,8510.8500616588
2512.0927695448154,3,3,2398.1057111349264,0,0.515609617150363,3500.781470354566
3038.6071353610087,3,4,3002.49540748437,1,0.5415247980544048,3584.231034166812
3018.9940802298725,4,1,3417.7996782346204,4,0.14418453666371805,2509.7198846404594
5736.767115517821,4,2,6445.970223862751,4,0.15451099481911162,5578.042148003056
11196.102694474619,3,5,11054.648815274697,4,5.5348111922959236,12046.699203303668
2802.015680247426,2,6,2237.756398619619,0,5.650934495383497,3564.0375186991055
2086.7087163074298,3,5,2068.795612088591,2,2.3643690307132816,1805.545994619187
3908.056239154583,3,6,3977.103075628525,2,2.7985068646279254,3816.682660042793
1286.268144182363,3,3,1233.803712886887,0,1.7814601797428269,1264.3428334377106
3127.359380428664,3,4,3022.53872330898,0,1.822794491419939,4101.751532114324
2033.769670323828,3,4,2007.9177192549923,0,1.9996514261423795,2304.018973852257
3650.5420140597466,3,3,3511.6182207970696,0,0.021349650626649258,3606.7889912552323
2991.874386427313,3,4,2949.6144247632083,1,0.5741864615011826,2557.635034199391
3264.48074672397,4,3,3863.8495144054555,3,1.197286063153496,3041.0856531698373
4973.0508373036,4,2,5588.638578963699,4,0.2508090974992867,6595.424514494742
5326.646201885966,4,3,6275.476125273959,3,0.1730266785159071,5130.587971062336
1571.4452347714357,4,2,1825.3500368749833,3,0.20856120885120294,1244.499196097559
5771.390835318677,3,5,5748.0917806622165,4,8.4801499036779,6397.193989362905
4027.237001389413,3,4,3923.3967366042734,0,1.1047543561395956,5369.504500931597
1535.6462286913259,3,2,1408.2176859048463,0,0.4935211109964313,1818.3404857831056
5886.9062863655345,3,4,5674.023278777811,1,2.1589450403646877,7899.599491991598
2215.8851961149,3,4,2138.09170395001,1,0.939138161139494,2280.6150306675777
4922.385781954764,3,4,4821.407616091217,3,1.8980713134376077,6731.728811402942
1127.0814751882328,4,2,1284.300887222966,3,0.4914089800479487,815.6357145289849
3906.8010293288726,4,3,4479.745957575048,3,1.1261750228971623,3928.283234351098
1105.0368406831894,3,3,1048.143189807023,0,1.3478123125424077,900.6612257029702
3087.809393356321,3,4,2998.4313236350745,2,1.0615433557366454,2301.0055074893585
4816.491634774121,3,4,4627.860675304003,1,0.4975805657639111,4025.849560358385
3628.3273293631914,4,3,4279.407562117796,3,1.1577658387927607,4817.78740747849
6704.877061805808,3,4,6453.4733645980305,4,4.397066971923086,7169.250191323206
3477.6911546848114,3,6,3533.5100475498302,3,6.607670470544178,4201.475836598445
7014.315725834317,4,4,8404.387424362158,2,1.1929653427199547,9402.804638974436
1550.773555979927,2,5,1198.0254979255103,0,3.4401141227215684,1398.9377528942418
6353.217557611176,4,4,7596.615219976932,3,0.46258614594100966,6076.820827971052
2043.4514758051555,3,4,1965.6357523351135,1,3.6557780633161348,1894.3093598126036
4358.170019339069,3,4,4320.950460120295,0,1.0115065021425225,5246.045383995593
3396.589290910109,3,5,3344.9672639209302,1,3.7647031052517863,2495.517798676471
5358.806845574612,3,6,5448.917844632097,2,2.7344438582540644,5363.0225777091955
3190.346989782191,3,4,3124.765386665597,1,1.490803048141142,2555.0738394052114
5455.967045720612,4,4,6569.233687998424,3,0.28802391664753535,4642.879652070013
1729.9856243912493,3,4,1701.103342449339,0,2.9436657047650656,1768.761966411684
3327.6328454045465,3,5,3306.8102151692715,1,2.1183583166257756,2815.7114685679526
2671.3519248056896,4,2,3076.802090425396,4,0.16642167464193158,2290.6969448393675
2651.8374242414516,3,4,2549.6971554492725,1,1.0424354639556683,3763.3535021846915
3016.5887342808383,4,4,3578.6079241979114,2,2.124915679320788,3234.0479487726834
2415.504276335045,4,3,2866.5939682980083,3,1.0928581676099216,2025.9440181556831
2019.4922138429426,3,3,1894.8817804975606,0,0.5975404228335353,2152.17792735778
4487.292000721904,3,5,4428.678051841295,2,1.7792568379428,5889.242941147077
4044.9311399184367,3,3,3833.5297675660736,0,1.2694558177180184,4157.445000914483
3979.936698915962,3,3,3814.20330391345,0,0.7206681735352884,4541.0209384814225
3508.512830991929,3,5,3502.0015134985406,2,1.1280661585260798,2397.574476837285
1092.7517032604019,3,3,1049.207121918151,0,1.7468259284463816,868.9956707554255
7735.18163055077,4,4,9214.538843471708,3,1.6264416747417714,8601.98109276286
1925.928147753238,2,5,1483.2435509024567,0,5.785055423355777,1343.438113762517
1958.4737011597133,3,4,1916.3222799936088,1,2.0793404188283144,1858.8021288687958
2750.6521971998645,3,4,2641.6012325474267,1,1.1669368827178528,2069.151452381977
3971.0079742721787,4,2,4544.883201700149,4,1.5444749423016393,2921.7157553551447
6850.691408707044,2,5,5315.341966318033,0,2.6161402976613015,8980.163236894192
8692.367865829461,3,7,8901.78547858106,2,4.890378615395618,8150.446886466594
1471.5430339837435,3,2,1361.3014264831143,0,0.09557514696530309,1453.1108393140714
2928.5870956241056,3,6,3028.504178560284,2,6.080252768712263,2592.780743299738
4574.567221333701,3,5,4533.240620201979,3,3.7765983238891567,3770.715782528898
4990.735600129276,4,2,5590.833140024799,4,2.6869536206418974,5240.040894792046
3301.598422421848,3,3,3183.6882705799994,0,0.4843621368889958,4178.930817195957
2400.226018974312,3,4,2352.8515630959537,1,2.9095756696484365,2789.3772883062334
4936.440216043112,4,3,5753.301419648065,3,0.1647439801282343,3816.9709195823075
2873.172105574624,3,6,2924.4989489607037,3,6.509113137857168,2187.4089673234203
5443.541573893656,4,2,6101.074113751005,4,0.03018443864232539,6403.974142923022
2054.4846677831897,4,4,2490.5469096470147,2,1.7882411618901906,1794.3547178684196
4267.186299051761,4,4,5121.396526157733,3,1.187917644888732,3301.658561958227
3605.7471773566444,3,4,3537.511041910348,2,0.09465403271723977,3240.043253924844
6186.749380693915,2,8,5100.112160646835,2,8.100698782420555,6971.173521187289
4032.267665654041,3,4,3984.363300773223,1,0.41080000618654927,4762.05355968869
4138.616113294239,2,7,3329.3260171439347,1,7.7749067859184295,3605.1966092918506
2843.7873721363717,3,3,2715.920243898423,0,0.698890782233472,3867.493057571343
6861.486159270973,3,6,7072.065703629942,3,6.049918821040219,5426.853492080625
2510.8072694093253,3,4,2468.8933085765784,3,2.3293858935627925,2353.866699431992
2620.056431460162,2,5,2017.0062389274833,0,3.592472535238939,2734.312659035953
1357.1317376858178,4,3,1612.7054789804845,2,0.3561743844160986,1415.7128248550896
9798.728054561585,4,3,11381.705240827181,4,1.6847336505121022,13852.691764458488
2469.634539612379,4,2,2851.6027366319327,4,0.1310395033812674,2006.6964376174697
3466.0524171488696,4,2,3985.3445660837247,4,1.5094748468274763,2467.2475432979186
1095.8517065906947,3,2,1031.8394998269066,0,0.243829910127034,1048.481569053647
2372.473385230801,4,3,2791.6372879587543,3,0.6481006145541849,1828.2766235131203
1804.3964656086948,3,4,1748.8456999654145,0,2.3238548099008574,1419.8759819578308
5866.65639716631,3,5,5955.500484163244,2,1.1578757440444685,5407.040969505153
5097.403211485235,4,2,5903.9085508925455,4,0.3473818422225244,4637.644919534469
8084.810269176387,3,4,7900.0209846435055,4,4.628115743658346,8944.860414503246
2231.616303930312,4,3,2633.3463112249615,2,0.36020330242819737,1652.9730340111123
2639.155916026128,3,5,2662.5808668396294,1,2.870989753078628,2046.0512742591673
4297.797485731548,3,4,4241.662760017954,0,2.3545405134733186,5399.199942800171
7653.60118197655,4,4,9047.020289758084,3,0.3836146549750412,9044.27248092242
1383.9826812262302,3,3,1305.1242549441358,1,1.6564925116865736,1329.1146551330876
1551.3741010799195,3,4,1486.963292171345,1,0.320194911191656,1937.931905988601
2513.816676572356,3,4,2431.5776763448685,1,0.7053691055068197,3220.4272797344797
6182.8695467329635,4,3,7192.303556300454,4,2.7928871308298917,7543.095802960526
3953.003990877304,4,3,4559.819881844054,3,0.22277315504275882,3981.755434495838
4046.37185302947,3,4,3987.115223633917,1,0.7253538031719163,5083.935153657354
3253.350838825729,3,4,3118.260154041531,1,0.5226464559650468,2675.528937885144
1697.2838051307826,3,3,1618.559807009968,0,1.2521747969265153,2047.1188131557478
6829.9980662189655,4,3,7962.9511685534735,4,1.7311997317327656,8920.81108645648
5353.452256141486,3,4,5188.176029823421,4,3.4083012005591145,5992.815993084946
1703.8190292177487,3,4,1685.4149218272169,0,3.7643422215491924,1891.4264721622342
7349.328777467831,3,5,7410.558723791689,1,3.673376445668564,10564.524047748182
2495.2459977452118,3,3,2337.2365305665076,0,0.11598283330125564,3079.428621464536
3987.458298957462,3,5,3980.758875766871,2,3.57558670012609,5383.7918094080915
2038.678785865199,4,4,2460.9809920379084,3,4.210873118287996,2019.4003204841977
8592.409323057054,4,2,9959.03796384353,4,2.001471184438211,11243.550086787915
5025.808954511647,3,5,4976.09694073389,2,1.1184701009328764,5221.631301925234
4473.204635551745,4,2,5050.715872798644,4,0.7143301002363066,3591.8586783362493
2690.101143735543,3,4,2666.915949876862,1,0.19177802747493106,3435.258638471322
4411.694942216197,3,4,4250.976856074749,1,0.7892919978770883,3884.758041713394
9530.88896121692,3,6,9712.523059677957,2,3.125726919449913,10429.32996117289
1684.7965772518771,3,4,1643.3949561139298,2,1.1037543490394452,1332.4637291093577
2648.603739686087,3,5,2682.2948231299383,3,5.599840677046344,3253.8619634980373
3800.002624521247,3,5,3751.8035643829157,2,1.7900788154440905,5167.059138053694
2645.2841840201468,3,4,2598.1911936194433,1,0.8662440790779627,2364.501271013018
3057.877885074078,3,3,2961.210850953185,1,0.9048063195524674,2382.0100741618044
3414.336254268401,4,2,3943.141579800059,4,2.073402762220855,4739.236301483797
3607.0210228781184,3,6,3656.890045784809,2,2.6960607059237844,5143.624051912802
3185.863454824083,4,2,3679.7759201912695,4,0.671091791035137,3499.1872302295096
3901.725473990723,3,3,3741.259747872104,0,2.080858463406348,5327.116440869342
5769.546786139304,3,5,5682.40914978907,2,3.2086007653720414,7542.866780825532
1947.2735065637576,3,4,1896.4076886142393,1,3.848061589799543,2357.1840271966194
1648.628242894583,3,4,1631.8983876334346,1,0.4007741676261997,1365.333353239285
1850.4973576574953,2,5,1411.7692915289895,0,4.117019306391126,1561.1723202998367
2567.580221706902,4,3,2956.388087560126,3,2.181858669512326,2282.867454435918
4982.553752164143,3,4,4955.435820489863,1,1.5770382400429406,5333.171510898633
4114.5366160908,3,5,4027.4472165620496,3,2.989921281991738,5360.35681248143
6162.771685806444,3,5,6268.73250624174,4,7.432062502544871,6748.44068876165
3320.211424081988,3,4,3298.0606217011577,0,3.6770357122888444,4509.38913676656
4670.0487755916865,2,7,3849.5126569244817,2,7.375059198943051,5402.809832120582
8607.499547535936,4,4,10127.858603878149,3,1.8376586433774598,11353.145015500626
3069.463964556652,3,4,3020.6112604332343,1,0.8764772317085266,3145.18040295576
2103.6520709530296,3,5,2072.6732282827493,2,3.285283459969997,1705.149138485565
8356.217522419172,4,3,9872.53127686764,3,0.17539860473727387,9477.205841676567
2770.2326578255456,3,3,2660.6401939906636,1,0.5498576703477832,2367.642187889779
3152.499057843888,4,3,3610.850569435171,2,0.26693419178809136,2433.712142563382
6409.444085200674,4,2,7400.651304124928,4,0.15193142232083923,5694.6315320621125
3350.93099898509,3,4,3211.4539782359006,4,5.630904330916244,2715.237638158599
2116.5489569864712,3,3,2044.5195394438338,0,0.2587226990434753,1846.3366699947323
4393.2562792305,3,6,4494.873514987708,2,3.887551824273183,4084.615264027806
4675.593658400875,3,4,4500.28938651318,1,0.6323735791292728,3973.8723489832983
1446.9796913009611,4,3,1670.1975257060035,2,0.20761389348103826,1081.4279926462607
3111.815052267251,4,4,3780.6380532393546,3,2.525397487208189,3456.242509608146
4640.631125979218,3,4,4489.870320885078,4,5.851260195206104,3444.830421406796
3374.7954538749123,4,3,3876.2334005585544,3,0.4131589970377782,3792.5862045079994
4026.5897589708757,4,2,4512.349203446494,4,0.9978231280807774,4806.1784749022145
2060.5208113925173,4,3,2440.0393431677926,3,1.6119522662689012,1421.2136836114778
7020.380070916962,3,5,6989.571824572588,1,2.3099994091607847,9202.106698528767
1707.7822347515087,3,3,1609.5458250525032,0,0.8962382395439993,1650.0773019113217
4212.194171091847,4,3,4916.234499105447,4,1.7573684206776627,3751.0032905608064
10331.637888686862,4,2,11934.958948973243,4,0.8077638201537534,12508.461349028921
5308.683340481514,4,2,6174.032485518827,4,0.4489617503019138,4933.085999009528
1320.9484116231567,3,5,1299.8883175216858,0,4.9290233153859235,1194.0604190417323
5958.897007034885,3,5,5966.368472582974,1,2.1450731037084405,6599.240264838175
4984.731347630533,4,2,5588.310538712266,4,1.3591244933549562,4003.9549553563497
2581.2878926234907,1,9,1552.086058310969,0,12.991421414554777,1931.3671783909267
7253.272710439257,3,4,7010.019182523261,4,5.3332039970759535,9567.402932756208
2055.911782257224,3,3,1945.3390651668142,1,0.4905986806204357,1464.579033891462
2710.991745357064,3,3,2586.1063413669244,0,0.23854796337015577,2459.1054848379736
1155.4365984408942,3,2,1060.8227802497884,0,1.1422883422600802,980.9921303626832
3660.283965233486,3,4,3543.2333531022055,1,1.7691468439711888,3885.018119200822
3759.2158658348685,3,4,3663.1039260085963,1,1.9339011007257916,2809.013060646989
2474.3712470427063,3,3,2362.096212736925,1,0.5112580940426287,1887.6243197586914
2823.134973363925,3,5,2775.0165644888853,2,1.8879052816115747,2646.6427070141112
1842.3814539661848,3,3,1790.4095826648681,0,0.4214211027984086,1272.8338627743408
4189.197555871545,4,2,4822.583554375933,4,1.2510865936030335,4407.276728262618
2054.042236219758,4,3,2372.0661690516818,2,0.1321037622765331,1882.6026208678852
1386.2141817030301,3,4,1351.1721989567932,0,1.8580711990643803,1044.66980893223
2663.9258310624145,3,5,2702.8708091420344,2,3.9166170873777912,2760.1993246484017
3768.71328933668,4,3,4455.689691845905,3,0.15613534401141033,2955.4471243144426
1642.926482849469,3,3,1548.2442923602287,0,0.377964452478719,2018.5052737462645
6187.0495805176615,3,5,6095.255519488714,2,1.2640396865811756,6214.749733080742
3423.6840156654457,3,3,3305.782428617172,0,0.9639853625612299,3896.3126391387373
5222.078897349241,4,3,6139.327892671156,3,0.35310093245170626,5325.0630970086495
3751.4407695379127,3,6,3807.3922646804613,2,4.262860191300069,5366.66139381172
3668.416692991247,4,3,4211.4152867703415,2,0.1866796618502473,4283.105445603231
3478.3852059579895,2,5,2706.7807653841,0,4.285611045173819,4302.856772589082
3734.3355049578013,3,5,3778.6821540239443,3,3.5695398052722815,3386.3890423696225
1495.5469328129518,3,4,1459.3690884610958,0,2.5377959188800987,1854.6231591871813
9285.456301012344,3,4,9120.357061339004,3,0.9497059621653318,10805.09724216921
8337.170374165788,4,4,9951.976932169557,3,2.075456735475128,10679.33010466534
10640.656130503487,3,4,10194.158289513387,4,2.9373910627506183,12839.951893735848
8528.62268143255,4,3,10038.402722302182,4,2.04368334928877,11713.032692672468
3588.824328921271,4,2,4142.885207104784,4,0.9435901855142121,3088.3060910402983
1664.0575167802922,2,5,1288.6523760971118,0,5.027935098029153,2163.4469004982257
2103.908499542594,4,1,2308.4321141205837,4,0.16798799535671852,2153.6350688855914
4045.908758587866,4,3,4734.800350630879,3,0.3091786928725655,4481.495097226239
1882.5576993739721,4,3,2228.723986158055,2,0.5133536997303357,1508.5314375875757
2735.6749951204924,4,3,3214.737196131491,3,0.25675345752338646,2385.162417398547
1818.1535263858661,4,2,2059.8065369455617,3,1.028369987166523,1328.2326823738088
3517.941773571486,3,4,3391.582342402563,4,6.125105822167333,4199.860728168542
4756.860473209959,4,3,5490.268519608477,3,0.4118337584227151,6133.697034815045
3476.2798018103285,4,2,3917.0476758862096,4,1.7346080689834664,2946.281354495751
3904.3626230850564,4,3,4482.107216160082,2,0.047540215403813736,4829.8714506578435
5678.138103495888,2,6,4421.743332481129,0,3.7915885754275167,8213.303009487792
1733.2349835209025,2,5,1346.2145945131294,0,3.2943654232296855,1396.8139315741346
2628.681009310335,4,3,3119.9562721676066,2,0.24332817047422017,3834.8952968183553
1532.7656966537672,4,2,1764.7679810434954,3,0.009856790523489336,1211.6513626945448
6840.260114455549,3,3,6463.889874657503,4,3.450905313431926,9100.736704510178
3324.5150949256504,4,3,3805.679422398983,3,1.3772790663666783,3484.2774437086555
5821.200829097225,3,6,5811.166980449705,2,2.454738150800697,6339.61044144668
4403.861120543992,4,3,5234.358370021164,2,0.02999531468962254,5577.67453885016
2701.3646630809585,3,5,2718.9089407618853,2,4.002485706862093,2979.9094758392307
4505.733140890778,3,4,4396.707252670713,2,1.263939820014633,4855.70366029579
6026.24804008535,4,4,7091.686640856809,3,1.2333440524548656,6848.093886397243
1652.5832057595856,3,4,1610.735365764167,3,2.966967646211948,1950.451242702991
5545.935421287236,3,4,5460.5079698600075,0,0.6795927383807934,6996.365142190113
1973.9298603293682,3,4,1926.29606103825,0,2.0982340319832766,1591.0750992063743
5840.291512872538,3,6,5935.88480628358,3,4.69138795982711,5288.339561352611
8606.309307226511,3,4,8502.659089807203,1,0.20787661946827757,10282.312598309203
1876.1297197142942,3,4,1810.420375596324,0,1.7171723168522575,2430.3168345637823
2370.7590440923013,3,4,2269.0907332441616,1,2.265313395128947,3006.741332849785
11001.543930579692,4,2,12814.342953059038,4,1.022390679463968,15202.652981079656
4384.178425032274,3,5,4454.01024125943,1,5.066802028741268,4269.711332984734
1247.5648960780895,2,5,983.903933384824,0,4.364620118979955,1136.6572975534766
4300.146859748529,3,4,4254.941803848798,1,0.8685293402319528,4664.5491793890005
3287.0727833988976,3,5,3244.906668536567,1,3.7695886905584723,2954.1747309513094
4188.326927007515,3,4,4133.234458559167,2,0.5213897356682018,4785.039833414612
3493.605689342078,2,8,2826.446413207607,2,10.886666171931527,4600.876200971185
3360.380504994519,4,4,3956.6542196569208,2,0.16767682624027805,3255.7584981534974
1442.5665689814418,3,3,1361.598608717584,0,1.2016378020483525,1613.0650330224448
2547.579654645381,2,6,2053.5004807594137,0,6.9293105497378225,3568.9148595615115
6208.131089500575,4,3,7329.46066570074,3,0.30831227096081915,5246.8306589378
3690.2128519353682,3,5,3744.2826467316986,2,1.3172840020382475,3267.293436548678
4672.522557465133,3,4,4586.005231611499,1,1.9641475036659692,5642.745521607957
4547.49681488858,3,4,4382.489893013841,1,0.3319532135740243,6207.113537523529
1923.8765395740425,3,3,1838.131070839079,0,0.10902977262439388,2414.915208734223
2300.0060400426028,3,5,2327.3137706372104,2,1.3282174210208852,2880.813800175172
4376.174154993822,3,3,4225.8607775271485,0,0.7078683097302465,6113.26891799002
3606.5637932686805,2,5,2850.167081555018,0,3.406479755077583,4223.48418789158
5687.697306996069,4,3,6732.146884175672,3,0.9353667936126027,5406.665234123784
2222.9776157822675,4,4,2687.191656119551,2,0.2367659922754838,1987.9622043572454
4658.867585026666,3,6,4793.968888653361,2,4.7400381794029895,4090.618058734985
3467.316246740479,4,4,4140.911262645254,3,1.1916415618142735,3804.6834057391943
1241.9249751412801,4,3,1467.6885640821017,2,0.6028617637834255,1025.017750165739
5758.365443448082,4,2,6658.569449131573,4,2.2778950203715795,4451.311996240288
5517.383771369167,3,5,5569.571591805234,2,1.2829691781587742,6336.743116686451
2091.820934889815,3,4,2075.4951965297023,1,1.579280134144835,2451.0538311564137
6013.635921125035,4,3,7037.128904710216,3,0.016305220572138825,5218.9908027450365
1661.348242544091,4,2,1899.901091930769,4,2.812973890823506,1302.3960176536993
5045.140483511251,3,5,5091.186601137695,2,3.759579922366242,6637.035250507241
6954.118626729522,3,6,6941.130697287107,3,4.869992151726621,7271.805532308714
1242.2730303179023,4,3,1460.5197455296088,1,0.8833342797542882,1473.0503160974977
2690.704776741787,4,2,3062.417443211995,4,0.9218113344596958,2313.8848741868965
2783.835917533332,3,4,2765.936071434338,1,0.20027462496088883,2174.890709073334
3100.520121704506,4,1,3473.943067493088,4,1.2277042447260802,2590.020435067884
4336.106167582986,3,5,4239.718559280235,2,2.697229426568642,4954.928217337421
3317.0266355097915,3,3,3110.1303943383223,1,0.22864366760922902,3869.2845926761743
1520.5365431875123,3,3,1438.5260984315987,0,0.039317966050492335,1631.5366237935239
2345.020832227285,3,5,2355.450457968329,1,3.41714581360178,2314.009472227894
4818.37723711087,3,4,4769.689211125105,1,0.5123005580596602,5870.350667931081
7027.501049736563,4,2,8112.2156616800885,4,1.168468336297497,5687.234487517379
2725.9585224306584,3,4,2617.845293610797,0,0.7613572015525728,2065.823815937049
3776.0527370330024,3,5,3743.711767305237,4,7.425772870944975,4264.448107764891
8524.580872071048,3,5,8644.95407827547,2,0.9531561802008909,9436.89869124015
2688.8789759504316,4,3,3124.3371833830515,3,1.5748272669926104,3795.582378452064
1682.9990014483474,3,3,1584.963515238559,0,0.5748712862296074,1124.0520560139769
2721.2825388773113,3,3,2634.886952788521,0,0.15401833992547578,2477.192142285838
3079.955598693739,3,4,2996.975448199551,1,2.1685435424982398,3949.3417717250363
830.5931588885683,3,3,793.0159521786156,0,0.9507520698899998,779.9597812716714
2700.478588400983,4,3,3195.7253014005883,3,0.9379264421484167,2603.9290537237384
6641.187022457621,4,3,7894.721294504884,4,1.5170228213985235,6346.579245659714
5196.761475169188,3,5,5090.32031839209,1,1.9004144110031058,6361.572905721188
9035.503824953477,3,7,9292.62508348669,2,5.145300964851977,12410.388861651212
3510.0150775543293,2,5,2771.8181202527194,0,5.296173173038236,4321.537958382076
8132.874884604068,3,3,7687.925424436812,4,2.3901756837713153,8974.50354195548
5364.011461760754,4,3,6317.347162691056,4,2.648546419507945,4689.086121508771
6562.365138124164,4,4,7957.085382128254,2,0.198147797505993,6049.394106096443
2472.775767867971,3,3,2357.543726763223,1,0.39298957871749124,3126.8054824532946
1975.6350114730035,4,3,2323.090157965812,3,3.1053970196214777,2497.371943354562
2316.4376793631586,4,2,2660.9442029959278,4,0.9023755578122513,1871.1571066900456
3387.092125441928,4,3,3906.34312607633,2,0.3075593100563162,4072.2099755618997
4039.5026585208384,3,4,4019.2490535747916,1,1.3380856882296501,5129.753490213805
5761.85108775242,3,4,5659.710649075816,3,2.331637120168203,4362.5440220725195
2459.9430752867775,3,4,2360.4968249575727,1,0.4422515979756724,2682.361576918088
1409.9585743596817,4,3,1668.8506478269992,1,0.10235598277322752,1175.8872916461835
3091.4241912390653,3,3,2901.46034668363,0,0.21014077950804047,3997.680869969257
8745.60281501766,4,4,10500.39037300011,3,0.3253040738113542,9851.585367328602
6095.313277378635,3,4,5859.475945079955,1,0.24632416920443878,7653.626246065694
5790.842751284636,4,3,6698.727084720675,3,0.5608437135399548,6890.534890787169
3992.02845661543,4,3,4633.752877991907,3,0.1520759162955693,3491.583594218628
3634.517889125793,3,4,3598.705788128624,1,1.4313915017407304,3997.9643292965447
3529.6672642521917,4,3,4087.2825340039603,3,1.263906723171126,4398.130518405959
2662.087636121365,4,2,3025.0464121865766,4,1.4089632395813911,1755.503185026443
1347.0703851132916,3,3,1299.1587784206401,0,1.259975231033711,1199.9358522326559
1546.713235326619,3,3,1449.2237515574839,0,2.9986042292425403,1249.2719267928583
8227.340332770238,3,4,8081.272095122147,4,4.175169655183224,10330.43542417064
5655.298774513588,4,3,6716.584376253414,3,0.830117032843484,8050.517815389227
5932.266822307481,3,5,5837.600470724112,2,3.201987141511611,6694.1150419477335
9561.333209720355,3,5,9482.400812533911,4,7.871360654990874,11876.398322210034
5901.6959873787755,3,5,5837.198888812943,4,4.899633271439837,5248.663241688512
2369.51324969606,4,3,2798.852549251023,3,0.44656435573890063,2150.476268045912
2926.06957407436,3,4,2866.1101654694007,1,1.0053237133286521,3461.1915608163263
5774.4853896697105,3,5,5744.462670073155,2,2.833293708457991,7451.0807587471545
2852.0717327456778,2,5,2231.4808260923674,0,4.604623334515434,3452.423994491311
3734.073780192405,4,4,4372.706838125709,3,2.758338542335256,4856.3099895976175
4654.716325353758,3,6,4651.457545886049,2,2.684335861026676,5721.137837118671
5419.282880278103,4,2,6162.921495397174,4,0.5025639037095899,5943.576838869044
5758.114239025138,3,4,5637.597865119094,1,0.022733928058162954,7528.0919110075
5096.55348187816,4,3,5857.0951611589,4,3.386506438457615,4093.227020381464
1888.532886233759,3,2,1748.8050018994902,0,0.7724138196379644,2548.267843994328
10098.201214164003,3,5,9953.105857732638,3,3.6559601515803495,13814.429693469749
5854.409593678904,3,5,5884.674288075205,4,8.46922641408638,6353.280765016093
1579.1141144054322,3,3,1525.6967420145525,0,2.9572791291386693,1230.530409875535
1354.856621013834,4,3,1604.424793168099,1,0.25482573053333035,1767.9350404847562
6962.524922041573,4,4,8354.182309821443,3,1.7546593531072352,5135.541177031799
3448.862632867167,3,4,3324.5905978022024,1,1.0849676332608384,4446.172666033375
3345.294128181596,4,1,3785.139482425713,4,0.3045922269420357,3910.676649512027
2378.38683590731,3,4,2333.83171708615,1,1.5762775450558966,2031.4817605444289
3252.5107298612447,4,2,3646.790518821431,4,3.2639259664996683,4351.27768713788
3059.8549574272374,3,4,3024.885202496535,1,1.4114646022140465,3221.8153824496685
5319.451685142252,4,3,6090.625054355406,3,0.07216429347073283,5039.861450728853
1635.4266071042955,2,6,1317.4576068184679,0,6.971791668877443,1507.8257701213515
5834.424548430726,4,2,6666.335119227307,4,1.7512038408975104,7452.1048361055455
6201.7558435835745,3,6,6439.030747721612,2,2.3804227194267593,8487.130389732902
4489.40625900581,3,5,4542.807713721446,2,1.0907475265412772,5412.538022385707
3810.222468875938,4,4,4576.040050811434,3,1.5080932548597987,3591.498295664848
4221.818602839357,4,3,5006.360258238014,1,0.0845201086663586,4908.651742578636
7604.31472770982,4,2,8665.887753869407,4,0.5112607413602521,10649.509099312716
1761.5795275747885,3,3,1665.1952745734527,0,1.057555157955339,2301.3538358730234
5217.701680551335,3,6,5376.449711958655,3,7.398107476736562,3944.718661484977
3507.785971939195,4,3,4172.941973508867,3,1.2584128350967192,4088.8345903238996
4525.904944114733,3,5,4536.282017104334,2,3.5816046854062535,3757.2433101011698
1661.0836500901783,3,3,1604.4707125867617,0,0.7320328454575814,1324.2886027522852
1678.8978209627082,3,4,1607.3608364967506,0,2.563124059059498,1520.3403610021521
6559.3461921065955,4,3,7579.010654120812,3,0.6533905178549411,8729.814002614445
5192.200242121952,4,2,5945.526729697561,4,1.2137695161590198,6954.15666801034
4293.038956702127,3,5,4278.075583134331,2,0.6434495330266199,4169.594751711278
4373.46837728817,3,4,4260.6717326445105,1,0.7323870038141277,6085.747277418539
1594.4913779544202,3,4,1559.3592219829452,0,4.449540697073085,1227.3785336196331
7354.6902614957835,3,4,7172.534423449336,3,0.8479826906103352,5750.140559275123
2406.6128573590495,3,5,2374.9557969605585,2,2.6996844008949865,2865.65614221303
4842.651482058934,3,4,4655.109620114549,1,0.15089678711991894,5898.920557647255
3160.654406835346,4,2,3551.729962794399,4,1.102314095405324,3942.7837210428593
8775.7883475226,4,2,9978.344876194034,4,0.40870621728817524,10817.327410456617
3122.921747696665,3,5,3124.3228173818225,1,4.975585950617332,4540.5910266161645
3891.6821590185714,3,4,3851.786180201693,1,0.22923913522528694,3698.5578465900016
1983.2684475742085,3,4,1923.6737128027264,2,1.9299342465989742,1460.2609137407262
4912.020828519199,3,4,4812.48949815529,2,0.21746818087963346,6808.282625933398
3651.8336355376405,3,4,3553.8807185200517,1,0.8368572087534482,4338.9801189600785
5070.317885952569,3,4,4957.585477111145,1,0.7486613003187498,3896.3001672616624
4000.316589500264,4,3,4634.2518005254815,3,1.04846051005519,3508.8090748129625
4828.426637703124,2,6,3790.4210239500403,1,4.590079197138863,5646.062567265032
1764.9785573183833,4,3,2024.771443609236,3,0.3283181298270463,1383.1365987087052
8397.272726142113,4,2,9495.170610527523,4,0.2995297699199085,6310.3566751613935
2488.4337528346123,3,3,2376.795661966672,0,0.23710718364813477,3003.1904431495022
871.2460404330611,4,2,1002.7642490053814,1,0.4104632659369601,634.0203557514484
3361.0768076349495,3,5,3345.0091746546514,2,1.9995135266611654,3106.3089614748433
2198.085530605503,3,4,2115.4259690722824,1,1.7602068085432387,1965.3709237785038
2607.8995244762295,3,4,2540.4685383145757,1,1.6779360058873778,2284.1044083266643
2587.8702056632255,3,4,2559.6907883212666,1,1.6840980890106279,2747.323637109653
1606.0245985219913,3,3,1547.9765775087228,0,0.844697700345474,1252.706558138319
1229.8633297731349,3,3,1171.2443163192047,0,0.6357982185036465,855.2376332618084
4029.897430189877,4,4,4880.396397682196,3,3.600302374080249,5389.505353791596
8455.702101099652,3,5,8600.573954030084,1,1.292277231601515,11658.568427070591
1365.2662392552836,3,3,1286.3611415086327,0,0.07657587014716427,975.7437014867655
6567.53184026453,3,5,6483.597630794788,2,1.0576980233143585,8694.522779360817
2319.74176097725,4,4,2811.706532926317,2,0.790942354466657,1804.4150524593122
1139.4038083990542,3,3,1098.764491635052,0,0.733997207522408,784.8857543418718
2435.6307167233613,4,3,2819.9428168868444,4,3.4770166336070885,2111.5104246975125
7122.78759081711,4,2,8093.847935155782,4,0.6519928113293687,4864.695466714933
3787.9385807183776,2,5,2927.4964650340057,0,5.515616969296788,4172.887540417362
5087.049729436187,3,5,4975.167280168021,2,1.1979829690065946,6260.117255204008
5011.654657504953,2,5,3893.1912422592895,0,3.3770675604859113,5533.105791272393
1516.9163088334421,4,3,1789.3220196728123,2,0.6368827662345095,1630.4214425170985
3555.90084588634,4,2,3989.3616382107953,4,0.2898659526428771,2510.1003183473767
2265.2245903415846,3,6,2319.3627449000046,1,4.966872266267133,1573.797510658159
5479.57469545466,3,4,5347.059085806718,3,2.0659293529948526,7078.194876917699
2317.6423576108814,3,5,2346.255835308082,2,3.699104099840781,1799.1005149339167
3456.550868527256,2,5,2663.5831347578364,0,4.184758241113344,4577.805668986976
1059.3273983996917,3,3,1030.5148529345722,1,1.1881828913644723,1322.8418988483227
2096.8166396684437,4,3,2440.0031050983916,2,1.001020132559545,2693.8204332300306
4227.99757674567,4,2,4789.233472249463,4,1.2767713518134656,4640.907493575992
1156.4400321314092,4,2,1328.9495989641587,4,3.158635881121458,1270.3779582571665
1357.406340563437,3,5,1356.4935773027796,2,3.8413762090496575,1030.386401144545
2580.2044661895616,3,5,2621.5179565442763,1,2.1328078889459223,2094.9376677085916
2195.234494028728,3,3,2126.569403820146,0,1.0625361777089666,2585.017353336135
4508.926524967078,4,4,5337.700590907498,2,0.5525525077602123,4091.2436514346705
2567.102457833405,4,2,2952.526483333623,4,1.2384622073808234,1566.2527895608516
5677.232553920693,2,8,4654.399974045966,2,8.538595418748933,7259.928003692308
4999.870245151013,2,6,3995.4121581651398,1,4.749010169003672,6649.7019036988995
4182.020325909431,3,5,4218.601973875825,3,3.1186519053578197,3946.1092432591745
4428.12011769398,4,2,5014.736405690548,4,1.8789273418329475,4906.8478298920945
1651.674768287604,3,5,1649.9874224881482,2,3.59896438333022,1127.4199455244932
2967.121578017126,3,4,2867.603064789577,0,1.507431009127913,3089.7620998220987
11913.300328345265,3,4,11479.845579634162,3,0.6313505376047868,11091.962411666134
6519.220041994136,3,5,6396.177838032279,3,3.9504295932686344,6598.405699707661
3168.624109827011,3,5,3205.588623833006,1,2.544795656234035,3485.197945396788
1763.9449536483032,3,4,1706.7533643629297,1,1.5820006026006996,1888.758951092141
1866.8867619963398,3,4,1795.1758765139423,1,3.0704862181225048,1200.6711395949228
3958.197607377267,4,3,4645.774299815136,3,1.5864300300722876,3148.3450465976325
4583.994212227511,3,5,4622.417810172084,2,0.850508984578223,4849.614972061364
2425.7444704616387,3,4,2396.4701699402776,0,2.5088771385608344,3153.44147946675
10728.450255237562,4,3,12543.739944279247,4,0.1656278002440558,15245.06166740822
4390.017002099609,4,2,4945.857515759958,4,2.0813613880516377,5054.079358027962
3359.30090708874,4,4,4054.592923400158,2,0.840065354067152,2690.1306945748547
1603.7041362826494,3,5,1587.4593801113504,2,2.728075732054503,1178.4778724548687
4352.700771728029,3,6,4384.890757779757,2,4.02793955262054,3776.208366792771
10538.257626863144,4,3,12423.30616561334,3,0.5769671983102025,12096.691469497786
10207.843641156795,4,2,11843.172003196809,4,1.3523179731698358,10721.27194210687
2356.8013537695265,3,4,2294.5178002223993,1,1.5653896713015902,2956.409234630272
3040.193319507137,2,5,2369.772498649672,0,4.816367590964797,4019.8474221835936
7052.908990748802,3,5,6994.563307296749,3,2.5876392457818103,9207.761499137672
3295.0546903719796,3,5,3319.975238180338,1,1.6924415422148111,2966.0746697197137
747.1904021019939,3,2,697.4718016694424,0,0.1345656476448552,597.0762301384639
4275.454273208593,4,1,4841.760735308221,4,0.030754673634618545,3557.9775665738375
4812.2147969056905,3,4,4613.988974548838,1,0.21492388981652455,6295.716757131446
3202.737142492557,3,3,3068.28694850432,0,1.561985366923839,3124.8483329715864
3218.5721530908813,3,3,3131.9237636025437,0,0.2335534833482743,4211.934539250678
2622.553905036705,2,7,2135.8122776874948,2,7.171906297513483,2090.3369488777375
5018.778959157501,3,5,4972.600262640605,2,0.5514823055262895,4480.158732714074
3352.2639694466206,4,3,3934.627757289116,3,0.7373779025280871,2121.4564287616968
2786.5324126173737,3,5,2816.032716407203,3,4.97957695952014,2158.489107057484
5094.677570821122,2,6,4030.699457781963,0,3.4330028075978323,6757.639419659677
4842.688384424326,4,3,5621.000170130485,3,1.7015415388887574,6199.632357390384
1890.1431704284375,3,4,1881.249383341266,1,1.9432900233939554,1714.7917702062605
2316.1949213791318,2,5,1799.3716229482686,0,4.186310076421068,2892.351926712515
2936.9575621830013,2,6,2288.2687439548067,0,7.866265766472275,3846.7636439138523
3734.0342858374433,4,2,4198.415499684059,4,0.5114624083940376,5174.68548894523
9654.504397321069,4,3,11269.589866282124,3,0.12176917574168315,12204.084872256577
3842.6644535320543,3,5,3876.688780759572,2,2.6924856528207437,3801.8324042719773
6664.196156969627,4,2,7471.3391196408775,4,0.6658567512323226,7246.737898669129
4711.016063690808,3,5,4697.371012802397,2,0.982518813407044,4392.002721841451
1879.6251928373174,2,5,1445.5238672291093,0,4.7958881567953435,1825.5647047855605
5193.672065571696,4,4,6319.641373404277,2,0.782267518724107,5986.9298623733475
5295.229383576501,4,4,6365.07724081246,2,0.5206387549919345,6934.6132448641565
3423.6884490497923,3,4,3327.082602180987,1,1.540147837124276,2996.488166418821
2259.799079498753,3,3,2188.259182437036,0,0.3707344659746444,2831.631923251428
2635.215090567775,3,5,2612.891364300347,2,1.5947116816643203,2589.5243274397944
9572.838744038432,4,3,11104.83581287928,4,3.2358906039501094,11698.835242085459
5176.160391653878,4,3,6050.886389145885,3,0.09334125418881939,4876.513152437846
3096.3885175282935,3,3,2954.4734458199287,1,0.10862220236711537,3761.4366320177
7488.157266386893,3,4,7392.543194251036,1,0.8869345739910923,10456.273376597643
5746.685098426048,4,4,6982.963045387245,2,0.11164587431927867,4213.908888774503
1733.8941291747435,3,4,1722.7078257731687,1,3.41648103097847,1577.1456428943636
4128.647476377472,3,3,3892.9009994346598,0,1.4333426310615263,4830.238099465665
6759.11755079987,4,3,7762.579651985272,4,1.9303829305474287,8535.433945093604
3524.5233931694975,3,5,3482.5541530703535,2,0.8479206380544013,2719.677135583761
5102.65593318223,3,5,4994.59475911045,1,1.2016555738179684,4619.0044882716165
3272.014164722225,4,1,3645.9033016211115,4,0.10919535652365334,4172.475307035002
2877.770052428018,4,1,3163.8712094171024,4,0.36852554474486204,3485.4432009475745
2711.670659677321,3,3,2608.580935253023,0,0.6991185064547485,3199.5241370919366
4308.662641799367,4,3,5069.116270420854,3,0.4332147391189071,4861.977667217169
3016.850504269048,2,5,2311.1590659000317,0,4.206395500910743,2738.777113313519
4221.354863649197,4,3,4837.807761295767,3,0.019223835059895993,3477.6420211317436
7662.782070644607,3,5,7728.584479666434,2,1.19480431950825,9989.556117274806
9172.544764420587,4,4,10934.644040956397,3,0.45685992734635456,13361.619429912096
3996.3573919173964,3,4,3923.161910798981,1,0.23943550448887405,4950.052044489899
2249.947586092137,4,4,2653.983467867713,3,2.699798130124051,1526.1790767355656
7142.271028980321,4,2,8104.248068596697,4,0.29322627475907054,8154.8698735048565
1479.9011441752752,3,3,1441.2404682560043,0,1.5686737451323418,1544.8650536955313
4730.454170020343,3,5,4741.14221684842,4,7.163752056830788,3802.6259705248194
13863.62406639077,3,5,13821.926813146189,3,1.1211170758193687,17112.452344345562
3810.4520120644306,4,3,4399.873423444103,3,0.277482157959532,4836.038678629639
4486.669969698352,3,5,4543.230380026984,2,0.4877490405667645,5080.5378558543625
2550.977247481178,3,5,2565.9977129503113,2,3.5076134575673787,3167.464678264741
3533.027704081306,3,3,3424.9897912000383,1,0.05446510056177191,4541.800360767748
14634.798605651304,4,4,17320.85187856605,3,0.5545417463521185,17987.918496417104
3668.437406953623,4,3,4250.56451197717,4,2.648051177515382,3058.7296643360637
3454.2716791679604,4,2,3943.520272521886,4,1.4485959344281705,4039.2509403692416
3390.789452991448,3,3,3295.30433108245,0,0.11492978691292023,4247.288723171484
1463.1283979526127,3,3,1419.8697224884706,0,0.5631400165744924,1376.0740290658698
2532.0329175088773,3,5,2552.383186032721,1,4.724685752647265,2048.38571870418
4170.204338109662,4,3,4921.282441410575,3,1.2185402277677284,4639.9216398131775
1244.0171870251652,3,4,1192.2883087470664,0,4.521798750190042,908.080060860159
2575.1602544449615,3,3,2441.767306996929,0,0.5751725089402419,2700.497153581388
6154.698798379246,4,2,6900.8618240468795,4,0.359845814130854,5261.658733833833
2596.1736726864488,3,6,2652.356867120848,2,5.751831134969131,2632.235346982358
6734.537653554032,3,5,6810.59949881785,3,3.2847231981262968,7899.985962458562
1718.879853041656,3,3,1611.540586117163,1,0.02286110484991423,1320.6784367579496
9448.07928490459,4,3,10890.11853697539,4,1.1639494986230376,11962.222815882245
3423.202613431176,4,3,4019.4453828614605,4,3.977714419053853,3302.4257868421896
4176.1379302328305,4,3,4819.754141076936,3,0.8019552321152537,5357.254579664641
3734.9183137816244,2,7,3043.764607876878,1,7.474597137732664,5371.214209351109
943.5691289307574,4,3,1114.2087258841436,2,0.09701806463520753,773.4007117475153
3936.82396036122,2,7,3131.242433050223,1,6.564354934389056,3657.444570808406
3758.5943112173823,3,4,3693.7734062441345,1,0.738680506846226,4327.718816763739
2370.2608130661574,3,4,2297.3608229251863,0,2.952640191361436,2134.641207096572
2908.058187165245,1,8,1725.6599183938138,0,9.392652573314153,1990.6220617973618
4749.490258139076,3,5,4681.844497374113,3,1.938022711835236,5882.177454190558
7998.920623248837,4,4,9476.900289630026,3,0.3467589223160866,5921.827239786885
2661.1235192869403,4,3,3137.300954383379,3,0.5855789509502419,2405.068068434563
2398.8423344666357,3,5,2436.936475367839,2,3.907960496115711,2737.2971835049675
1552.356002029757,4,3,1791.3339921413317,2,0.08115950758852024,1134.450380145227
3371.5532795529894,3,4,3298.7002370473347,1,0.49226970225239,4005.6824446510127
2404.8131013589896,3,3,2330.2505918558068,0,0.1884485820299898,2617.0431837195706
4901.320425280054,4,4,5826.198854730346,3,2.007252579543273,6070.786268067379
7131.68575541818,4,4,8502.144791650833,3,1.292427576527276,8989.694204486637
2993.990254920418,3,3,2841.449765342714,1,0.6482220796179843,2497.4655145715114
5679.344104392578,3,4,5543.098179359595,4,3.5920488944082347,5243.178734613101
5363.431035319684,4,2,6123.239205641189,4,1.1511670330428423,5696.9344895099675
5118.74697391257,4,2,5875.732336035329,4,1.7200197128024288,6734.822634666962
2010.2937023765858,3,5,1996.113258178007,2,0.12014890389441592,1461.8892773223909
3584.20466067596,3,3,3470.282748022418,0,0.6442078252413779,4578.48672159548
4114.4885810044225,4,2,4750.706319529425,4,0.09350647525516156,3192.2460071787364
8717.59790681999,3,5,8776.29116944553,2,2.4120771881127094,12005.599174501878
1559.2416073533486,3,3,1503.0657092634099,0,0.01915424981010421,1398.2110744349716
7204.272448075386,4,2,8094.906476750518,4,0.556883566796638,9296.655130762505
5110.210959461374,4,3,6028.53188753161,3,1.9577548921067005,4080.7045587945677
2300.919819997943,4,2,2603.846015496024,4,1.6985317274651872,2657.6093016701006
5292.3634383779945,4,3,6267.127831505093,3,0.04398251371083035,6134.938785138534
7545.702897875709,3,5,7540.202341058084,2,0.08919548451797218,9590.35531706337
4636.474417495532,4,2,5325.389559119708,4,1.1328641156927506,5785.987323918557
5644.912234037133,3,6,5743.063595073469,1,4.148825048137766,7667.354802617388
3868.195980598407,3,5,3820.40101773265,2,0.48713802833854536,4979.8848794378955
1651.8118472311394,4,3,1913.9497567021317,3,2.7625883076291515,1637.707920968264
1356.3375151873515,4,3,1572.7122142566586,3,1.3503577768412949,946.3116129591804
4531.386587273652,3,6,4631.862083031313,2,3.75521110085685,4359.913393603174
5857.017966004751,2,6,4579.785578581,1,4.659990342251952,8264.279573294683
3543.275175413922,4,4,4168.72362521643,2,0.6602289090291815,2756.2470542402684
4662.618723481878,3,5,4586.848067295498,1,4.277819729970678,3610.95654896209
1795.2150866684444,4,1,1977.7880193464248,4,0.44783054373702186,1242.609063328792
10331.84190582489,4,3,12142.71322374314,4,1.9627684193516564,14180.434624297433
1553.4931971923486,3,4,1545.6788159222353,0,3.9352331819860624,1808.4819922823472
3615.098014452972,4,1,4106.260806773623,4,0.062100781679165794,3294.890665429185
1983.2627031291563,3,3,1875.9498646561526,1,0.8058690709520634,1732.236666600998
2436.6881211269915,4,4,2850.9836172044647,3,1.6717403642132844,2058.7405617293043
4843.223915458749,4,3,5699.559727263538,4,3.157974304700759,5191.552430870361
6005.854112415675,4,2,6878.119164899083,4,0.506697148790383,4614.640717073794
5184.69670048725,3,5,5183.619469258123,3,5.516597015594222,6404.93315862182
4771.141343292133,4,2,5534.335357895781,4,1.7752737708026842,4207.834023542161
7280.401321741767,3,5,7237.492347804124,1,0.638923611580239,9534.035947307962
6060.453665642407,4,3,7036.076948315561,3,0.09369665287037009,6914.996751975891
853.7284373394891,2,5,649.6298526666309,0,4.8620980763078165,824.7617460422059
2789.885337193058,3,4,2689.3317235127406,2,1.074835863353897,3502.3649354718723
2786.805001969674,2,6,2176.5527960752065,1,4.867126406774385,3156.02626445446
2584.2593705223594,3,5,2596.872906127494,2,3.2837654379525105,2273.1526709285968
10127.14556624234,3,5,10150.024409482729,2,0.7640950337497173,11786.71230327607
1887.9673615735264,3,4,1843.615746188053,1,2.8464856461186394,1867.0662242726157
5906.1414901897815,3,6,6112.799025511798,2,4.376848747112397,8098.518928223525
5838.478775152639,4,3,6778.595488883294,3,0.31712058971609886,7369.179278063321
2661.7975491046363,4,1,2968.2848254028704,4,1.8549176789901292,3326.622211481257
7070.916000303937,4,3,8179.227725916413,4,2.997951581378803,4913.313299885835
3813.0043219411955,3,5,3877.4426964468066,3,4.872128955116793,3215.351919692458
1648.910215868326,3,3,1547.005682406053,0,1.5180276973928064,1255.5734225586061
3332.9946089688865,4,3,3946.815114423984,3,0.4550725656425614,2532.583242508863
6059.460075264623,3,4,5920.644556779399,3,0.8627435481361557,7670.802184778739
2654.992567935779,3,3,2502.6394282559945,0,1.043457688727515,3164.777631695226
1833.1499425346765,3,2,1720.6958687213669,0,0.6664564097464131,2278.0392550382608
4217.998273857803,3,4,4068.5156110470666,3,2.8702573966935825,5931.774308117013
2446.427534713619,3,3,2319.0803651460083,0,1.9336397995796124,1561.1260955381767
11300.585027897776,3,5,11375.766635585647,3,2.190728687866154,16085.058980290518
3025.799780904722,2,4,2313.6954684463503,0,2.8885636368070924,2491.6414281155935
3815.116996083061,3,5,3794.8859459930163,2,2.340585129939569,4997.86766825056
2191.419981012919,3,3,2125.276691575868,0,1.3707133479951688,1917.5897616860427
2717.390113203718,3,3,2550.417849472802,0,0.39680167564909,2040.8718296569032
2562.6466282369047,4,3,2987.812659190735,3,0.9857020761862654,2170.088677425228
3927.985725766552,4,4,4603.691725986014,2,0.9398763996186866,4935.975691518849
2906.423249338185,2,5,2249.854977989452,0,4.191522523966227,2150.0163703288713
3041.773029552632,2,6,2414.7066932983903,1,4.973146794111576,2845.20294041115
9553.97939087532,4,3,11045.210663600528,3,0.675281851719583,11604.63084141391
8545.373624656024,4,4,10149.821068655132,3,0.4340644218896552,10208.44729510077
2113.9362022177806,3,4,2048.280910351359,2,0.9592216372356751,2161.6219276559063
2136.88044391189,4,4,2593.0660334169397,2,0.6137938513054826,1827.2904269075746
6546.905813196077,4,4,7785.152749787698,3,0.8117630647337621,7075.129345455694
1844.0171033663137,3,5,1830.6147237901553,2,1.603311405674446,1881.7301981430096
6972.424469734722,2,8,5807.963756007867,1,9.158858995714354,7837.077009331494
1323.6669345670878,4,2,1532.88990222512,4,3.1697028244087866,1192.7135612188843
2514.9435699492383,3,3,2425.54988397469,0,1.4216057446991717,3462.690634855776
6703.387094385373,3,5,6730.54863552369,2,1.2914443800958981,8748.893516120674
2067.566322615349,4,2,2395.9793595521855,4,3.5274673114294393,2108.9988213615648
7846.178754300732,4,2,8886.876853810376,4,0.8093325658651257,9874.740526795646
5007.455598003822,4,3,5824.012924786467,4,3.7924551298370357,5546.375086405446
2383.96057452582,4,4,2825.7515813732266,3,2.6294153743277056,1760.430889015894
7618.072331170509,4,3,9012.661042470949,4,2.5276986001861568,9558.964430921575
2283.3565479728168,4,2,2598.628898112597,4,1.5500380959710043,3050.841282983852
2968.0918264559987,3,5,3008.9907248852855,2,2.332392608457744,2396.950877005029
3259.0891305533037,3,4,3132.1707878806806,1,0.7838310936982975,3842.395388641646
5583.008856224463,4,2,6394.115268259727,4,1.3950577436980625,6051.708432733214
3443.4682295367993,3,5,3491.7842891164914,2,1.1525944105025308,2582.4795184772975
4827.506423539637,3,5,4751.894514463493,2,2.843048011541758,6552.041651050733
3344.3144332452694,3,5,3319.656593368013,2,1.4038349263276042,4344.941375159808
6750.428736228839,3,5,6681.559632254414,3,3.0469794429142953,7192.745487774992
2743.825051285779,3,6,2782.935755046108,2,4.509633041972706,2537.0978469725824
1124.9835934494092,3,3,1067.7803145563228,0,1.6556754334983528,1386.6529358061405
1347.4805721314954,4,3,1568.917567615203,3,0.48558724558808797,1741.425089518966
4068.343284035431,4,2,4736.240608458206,4,0.46008781350767225,3532.0789303564684
2420.959911934271,4,4,2915.1462738218356,2,1.6260742556969325,3052.4845955139767
5922.407585930558,4,2,6689.764860551739,4,1.7148661849335975,4450.701776129752
4283.625351637313,3,3,4111.823509601421,0,1.5442595937979975,4715.188276362102
5678.314021254109,4,3,6681.990573092442,3,0.26486265172632206,6917.98019831309
4246.165562876915,2,7,3462.980749150926,4,10.246547565008099,3745.973617490238
3161.1779898656278,2,5,2419.4764656781113,0,3.8249523833328443,3881.2058922451242
2886.5882409312085,3,3,2773.499650744528,1,0.2772853468241175,3343.64950939993
883.8744257227385,3,4,877.6590783342025,1,0.8684193092426015,572.426905722504
2617.556967491813,3,3,2500.577876857373,0,2.856299273403096,3047.6722960867132
7969.4314711849975,4,2,9266.334285775836,4,1.5555528917820045,7662.398037064895
4461.488497457085,4,2,5043.130489237158,4,0.9279035920714854,4677.922192363063
975.2312123304655,3,5,963.8688239430378,2,3.013595195553149,678.1503064899338
2566.934251392476,4,1,2875.358855405433,4,0.4279976504522604,2443.97382205682
3436.9242286054196,3,4,3303.1971311586276,2,1.361974446244479,3997.042728557512
2510.408529429764,3,4,2440.175626659219,0,1.296402282086172,2850.8731227486333
8976.278302027622,4,2,10343.338497532643,4,0.4593524273144934,9480.698487408172
3564.821126057539,4,4,4271.975107636145,3,0.5516385940176631,2511.786101143433
4425.290553764408,3,6,4506.215358450731,2,3.9251160712007453,4472.1615757832515
1183.1766357044564,3,4,1152.320129304589,1,3.692410846700889,1328.2549011560607
3355.007887956198,4,3,3930.2538051981314,3,0.591897441771466,3482.16234619998
5339.136585022909,2,7,4347.57266268609,1,8.173062244221395,7074.741351755647
1617.975827381584,3,5,1643.8132144682475,2,3.0397834209545525,1417.2265547149475
4330.149706402826,3,4,4197.970704713423,2,0.3421164523933546,5870.760609359932
2539.344718075322,3,4,2433.9476654653927,1,1.5583008074512166,2226.7018953671754
2706.8261330943114,3,4,2657.9526109351605,1,0.3150296076852168,3082.8559591154967
4479.87131574412,2,7,3673.039608379098,3,8.210880696018691,3488.311280253491
2867.2410920473567,3,4,2778.696829983006,2,1.1432395806562026,2850.5296457378345
8451.908634245428,4,3,9917.723043023881,4,1.5870575024719165,12026.111225379085
3041.008954387492,4,2,3449.494340605008,4,1.641731045352778,2451.459217740839
1872.5883442269262,4,2,2118.9033773706337,4,3.3930381202245967,2441.2012785195375
6473.779496556392,4,3,7531.336699387508,3,0.15534054043466033,6766.086272679802
4183.59319910767,3,4,4106.936654993038,1,2.9271829771716185,4541.203212892815
4987.099090317464,3,5,4927.014429176266,3,1.0293161789774958,5022.003055058301
2239.302063432124,4,1,2475.185654477822,4,0.2853966597239124,1876.255321846445
1224.7791676289883,3,3,1167.114764846085,1,1.6832481245198858,1163.940553765288
2255.9387795713637,2,5,1744.7806041548267,0,4.555102416783162,1870.3517408261623
4544.313085290252,3,5,4589.760594347701,3,2.5934754060108802,4352.164318286491
4667.74918491111,4,4,5651.510768879508,3,1.1121584221628,4482.402352740159
5190.798316076993,4,3,5999.459975103718,3,0.8502438018222981,6678.231923484464
6661.27311257278,3,5,6512.798725888016,4,6.878047843578622,5394.159315263313
3151.1990924974784,4,3,3725.331941126845,3,0.5388943461040846,2923.865656327539
3127.302503551562,4,3,3618.8362314475157,3,0.25384668468840427,2484.0290905448237
1960.5341820888045,3,3,1854.6684395115951,1,1.0511865540193823,1714.084985169225
2010.569093108798,4,4,2366.3206060319217,2,1.3763559641572762,2410.062839091907
7828.886609281588,3,5,7761.588134212057,3,2.342186442689759,7816.513490681629
1692.2637350001523,2,6,1354.133584570024,0,7.288427404799578,1668.9909532606848
740.9683781766267,3,3,694.7919724685402,0,1.737632600807137,608.3057195556972
2187.1270809038497,2,6,1749.6117924178102,0,6.413623045778984,1830.3892860488954
1392.60587439781,4,3,1651.7790080487064,2,1.8016841992905026,1389.0086237390722
3300.1448319246533,4,3,3920.850148360236,3,0.06273354123060075,4643.4089175929685
2081.475315084019,3,6,2126.861897628371,1,6.154041379029405,2476.8310945802405
2198.1797540428083,3,4,2157.9591522575624,0,0.7038851791748507,1825.207101831481
1660.8200135255706,3,3,1567.610286173523,0,3.5162700080611513,1275.512832952679
3427.583241522698,3,5,3388.4380788546264,2,0.05266476597724653,2720.0850968799264
5011.068959796806,4,3,5891.841053544622,2,0.1455658805614768,5753.245261436251
9421.917840340942,3,6,9591.376679702706,2,4.683639559235875,12646.866431628061
3090.4582381366454,3,6,3085.733957060844,1,5.6511047520176065,3535.505729469015
1537.897341507276,3,4,1500.7512896422236,1,1.7110616022251137,1044.738967468047
4455.020037567086,4,2,5079.795634473378,4,0.7829117705635243,4220.833473934183
3901.4248013728366,3,5,3885.10330204798,3,6.483596013934566,5363.181531763447
2885.8060944019867,3,4,2813.1230885595937,2,1.116288450914432,2393.193811607099
3641.7610392357956,4,1,4075.9889221817543,4,0.730217288623294,3832.656265366258
2541.4129412843927,3,4,2443.444141969754,1,0.7449673531258851,2141.44376962753
1042.04444693571,4,2,1180.311204007107,1,0.28422161046447486,868.177362690677
7307.434796534913,4,2,8362.10933260719,4,1.0595131946949958,7710.311547972506
2543.839315959816,3,3,2434.898665597713,0,1.054052041476611,3401.663247317175
9026.612382521907,3,6,9226.554572288125,3,6.390278512367099,8194.50155846324
4408.095384324109,3,5,4365.380275683234,1,3.3684870245835916,6049.170893350321
4837.170086942144,3,3,4615.058163602716,0,0.20284288459790478,6736.162865791928
3698.5238255383665,3,5,3620.471133258757,2,1.709826236015548,3221.6139814644666
1486.7562393230198,3,3,1447.4398498375997,0,0.11233339542572698,1390.8896796178788
5783.265603703053,3,5,5683.5894314951875,2,3.426966002426944,5241.366202362151
7254.4245531117895,4,3,8304.805709627963,3,0.892013579009501,10207.228149535602
2192.609441256325,3,4,2142.144461058722,0,3.1656489393675527,1856.628170661283
2420.0669380115214,2,5,1895.1237829967536,0,3.9279594106057627,2020.9292835972535
5793.137536054031,3,4,5640.037154718527,4,5.208913169303268,8091.582021097923
8919.73056947634,3,6,9238.56238262693,3,6.737267894892621,11266.796172374003
1980.4648738683202,3,4,1951.8091411141381,1,0.9186017873345582,2285.7825217400978
1455.677344478765,3,3,1382.4286432465335,0,2.2751057938107166,1052.4613561988679
4417.4600519208425,4,2,5085.773161250096,4,1.8415595808598804,5096.868515851311
6702.3463455443325,4,3,7765.876974417307,3,0.5666887679884898,9683.110747364392
1243.5569861361962,3,4,1218.4365157186007,0,2.7336006367276773,1236.897002880635
7026.564611894789,3,5,6898.585944877364,3,2.7110348860900135,8309.19552312839
4314.1905885175165,4,3,5088.538474769906,2,0.12875484681697943,4801.961154203173
5928.702091471971,4,2,6732.701971040647,4,0.7773636087726955,5403.141216864424
1496.1298343286571,4,3,1734.8263250035102,4,4.606205407307338,1141.1989140320736
5997.4285979808965,3,5,5993.26901253814,2,1.8574089265129492,7292.786424721646
6397.594040875274,3,3,6118.928972328404,4,4.4132681032719185,8630.382049637163
5438.322915730138,4,2,6137.947511038128,4,2.6002036266813433,6393.609617134524
4203.543941344266,4,2,4783.608443428082,4,1.642931601457315,3658.8681304294187
2623.5584452322532,4,4,3167.906712240015,3,1.8792795659397556,2003.79860527241
8188.093460100842,4,4,9899.10992511032,3,0.056978093477421006,10565.77339444041
7247.400867263595,4,3,8377.095926754935,4,3.060886165388245,7420.648094518758
2186.3398107977728,3,3,2119.8738348784345,0,1.3547446903046205,2852.67222673154
6122.66776885571,4,3,7274.867988861323,3,1.0485184124733753,4639.890376932007
2673.294986697643,3,6,2741.5182015754976,2,4.400421232865784,3157.861478451452
2204.531795217964,2,6,1720.57984823797,0,6.368085138426095,2833.1907833600453
1741.7455047650467,3,3,1641.311000099421,0,2.339442399895135,1482.1934980121068
5614.594865301031,3,4,5403.8948731170785,1,0.11827846179925271,7561.488840662657
1920.3698862906228,3,5,1931.3496209396808,1,4.638845974981002,1661.743633458109
1595.1457989939033,4,2,1855.7097051787443,3,0.5590994124414892,998.6954742248608
1609.973937387192,2,5,1241.2132155505283,0,5.148910172767166,1677.0834740007963
7962.775676260795,3,5,8033.178289434547,2,0.7342799471938669,8360.987008798365
2057.3091676437075,2,4,1584.31072497223,0,4.073759503282595,2625.3180050602346
3852.556309242795,3,4,3718.2106402786044,1,0.17813233089254318,5436.339520895905
3379.2942251745403,4,3,3961.333388570412,3,0.1512206666724965,3077.0318072645123
2003.0061585881945,3,4,1944.1521656439697,3,2.9011844016013666,1870.080236772269
3182.0912359077115,3,4,3108.928758849591,1,1.3561369754447212,3373.783276288331
1776.0138627674366,3,4,1728.1009638186454,0,1.3117136127759923,1106.5451182669265
5834.571442359071,4,4,6943.832830683136,3,0.8627032700325221,7807.86099049537
1542.8556280623557,3,3,1499.5975815752881,0,1.249423967849,1096.0605923213197
1571.6594179704985,2,6,1238.154719211339,3,8.717878500362565,1404.8609936779628
3534.7461513157073,4,2,4045.535835508106,4,0.36627071803851136,2356.6162858986468
3342.4999712872004,3,4,3235.903270182491,0,1.2557726116271932,4079.1955544528723
3139.019009728843,4,4,3770.836719514307,2,0.26557387588462567,2415.909581232666
3560.5677959695945,3,4,3434.309861960648,1,2.872654404620453,3754.2318977842897
3421.7680643309172,4,2,3909.7616460557397,4,2.728591451847181,2808.4461343047265
1288.7222759802196,3,3,1211.2608075127912,1,0.25667952014628537,871.0164003624174
2728.078023749498,3,3,2634.0420776597803,0,0.3261027060100682,2557.288774189621
2470.4084848945104,2,6,1956.5922737417864,0,6.113231659671883,2466.986846728545
6444.796558205121,3,5,6547.380134426398,2,2.0769301111683864,7127.954064178511
4222.282193957011,4,2,4782.323633595116,4,0.016885727372736026,5548.733937106794
3468.64432258675,3,5,3421.570914601956,2,2.4900049078369006,3629.437194986417
1959.0624114338038,3,4,1881.6078779438274,1,1.5452158272084313,1586.5834492503047
3398.0857970286193,3,4,3354.3962090051245,0,3.0704898522397484,4174.435789257634
11933.910939799378,4,2,13527.03778425192,4,0.06064817579674773,16044.082266934487
2253.6744204778242,3,3,2187.4759925244985,0,0.603567325517112,3067.68355954512
2591.9624391230805,2,5,2005.6514496931184,0,4.526816918006339,2136.1910782459568
2591.8739545907656,2,5,1985.6917837369522,0,4.530183561840748,2213.406259520655
3229.435942003853,4,4,3896.089979029518,2,0.9471738454184869,2883.5201766891655
4117.099770013503,2,6,3255.232131259822,1,5.838320791922193,4150.637494532918
3700.467296483229,3,5,3763.6654666488853,3,2.7215040757864,3066.6665950336783
2444.2645805431835,3,4,2372.930146774907,0,2.5913196378844625,2398.2211301131197
4890.225972773027,3,4,4807.532716843535,1,2.100982020523506,6731.040775954864
3249.4757192315296,3,4,3191.8825852449713,2,0.324227566595093,4049.558923812788
8403.424156792327,4,3,9657.672891963175,3,0.01861295671407952,8738.04510621959
3050.7951013811767,4,2,3456.02980706171,4,1.7290874888980146,2258.406074800294
2834.1265074709136,3,4,2740.027344636318,2,1.2568884928179314,2348.111774326538
1944.0956766989032,3,3,1828.7715630166165,0,0.036039053759830686,2013.5323591600734
3738.722002282069,3,3,3579.8645977200495,0,1.1972667526148157,4619.287838470333
1197.7737876924616,3,3,1143.4611478635875,0,0.12649822306606412,824.9567166875603
6950.731440646731,3,5,7049.4359701104195,2,0.8509441755104092,6708.822281451192
9260.430931816092,4,2,10596.953494908337,4,2.1224432657571923,13017.338219611795
1351.318876650289,3,2,1256.123559448759,0,0.4214508502497117,1280.9267586561339
3661.767549771506,4,3,4212.555660597036,3,1.112446511438107,3157.5637031545266
4920.54892276567,4,4,5983.228563560668,2,1.0429743786586485,5944.516652662177
3753.3180696099885,4,3,4454.903326345046,3,1.06779758788197,5478.622963853716
7033.694370540803,4,4,8440.827891015582,4,3.724604949996486,5034.724342016574
4878.228172327316,3,5,4822.806342343745,1,3.002367056921027,4488.611490426353
1979.1733154115666,3,4,1963.4615672606942,0,2.4161542782975127,1773.9770676776786
3479.9479297184257,4,3,4106.721729079344,3,0.0661191519238487,3112.0613416662463
1891.487868571845,4,3,2253.057528936368,2,0.6542323992447467,1599.4729987365292
2272.896356608295,3,3,2170.0584521281276,0,0.48461897522996145,2688.4592203272773
2719.6549362380683,4,1,3085.017825033911,4,0.0906871717875139,2915.1614404785473
5549.051937800017,3,5,5438.850452419555,3,3.0901017934656787,7879.928351965994
4457.242837657021,3,4,4387.805922394213,0,2.073887805108948,4374.104677556047
2105.4485234698873,3,3,2049.9560483591977,0,0.3302195643786033,1622.2936148557694
1816.1186263586396,3,4,1808.1080365126516,1,0.14845697059793836,1526.7117132438725
5304.979431921048,4,4,6360.269494746277,3,2.6877799971224086,5108.391701871938
4003.160746983338,3,5,3936.109988082823,2,0.8532040403279307,3633.3023437432657
5559.175840799722,3,5,5581.885412630329,3,2.389459417161347,4782.831553377073
7655.909689637341,3,6,7866.42513026574,2,2.830853621057676,7387.157294633301
2163.2374264963314,3,3,2050.8256786435336,0,0.73728540097623,2132.4683452403815
3394.8364421496403,3,4,3307.499701276028,1,1.104708460841172,3908.4918804948406
5488.56942737257,4,2,6349.143457223639,4,1.6182534578771397,6642.232115228129
2717.272136757381,3,3,2615.120825818543,0,0.23406699096705236,2026.8153846935909
1879.9104968221568,3,3,1781.8544238005059,0,0.8872967751067565,1855.108603639962
8265.458816749495,4,3,9615.421283324693,3,0.46526287643868447,10731.928578093171
4201.101385633793,4,4,4914.07871265842,2,1.168789982130369,5563.1676554807245
5214.703047271521,4,3,6211.549138964875,3,0.29356220445248354,6264.257017987537
2228.913133026635,3,4,2168.8792241054157,1,0.5084382239653628,1630.8621798672239
4304.903487947879,3,4,4230.5409423105075,1,0.09588258967620703,5275.978369197618
3377.7542530976016,3,4,3290.5909319760017,1,1.430062532921179,4542.934170800654
2791.73371454734,4,3,3244.263942870433,3,1.8950873368898258,3445.9477370164186
3315.4863471453887,3,4,3178.5698525552075,1,0.37875342267754925,3100.8329000108356
3050.4674117779077,3,5,2997.132518399488,3,4.931105370365879,3410.60255820497
2001.9325038617706,2,6,1560.4123903297789,0,6.863448156285134,1779.1444686231778
3468.9923399182717,4,2,4011.7077719706517,4,3.854900773135718,4353.702793680314
2215.6931247476464,3,3,2106.3898501045755,1,0.9374371220614289,1681.3980275991598
4711.311250379435,3,5,4754.432473620808,2,0.2921775687320605,5569.673803241993
1643.5114228139425,3,4,1613.0114047541447,0,3.8831469591914995,1140.404808533253
2026.8631265174836,3,3,1934.4608876180334,0,2.089017798536059,1670.1071945301744
2791.1442265045634,3,5,2791.645055728376,1,3.23213532498158,2137.530335694779
852.7825808826481,3,3,814.0050113868155,1,0.6769945460179477,951.9559662335856
3299.319244714366,2,6,2646.8484748181286,0,5.880409671238286,3914.6855151369637
1107.7215326474677,3,3,1059.5185514554346,0,2.363586377611672,841.4861437390866
2815.3658339691847,3,3,2667.4259106048326,1,0.028615097513894076,2576.4492940040373
2361.581173529204,3,4,2303.629199455802,1,1.5995791665086407,2527.1312741044644
2202.645232807942,3,4,2193.542137343655,0,2.394136639883595,2943.3257562635704
5741.6977772428,4,3,6594.807417894177,3,0.06494751270767504,6135.781852342731
5484.921832680581,3,5,5417.445876016673,3,3.641073600104543,6014.626122707318
5107.354041426613,4,2,5948.818428191491,4,1.065423294244914,6400.297576672254
1885.4941573680678,4,1,2079.2976837356528,4,1.8115521567024546,1273.2384833472938
3467.9785111007036,3,5,3512.1586636737966,2,2.486316710009242,2997.2329248239753
5227.539081793535,3,6,5335.1295359393935,3,5.6095532565245545,6396.565448738463
3278.6673959930727,4,2,3670.387529566734,4,1.7292438718196326,2761.783000828073
8660.641765473203,4,4,10520.118518072313,3,0.018509280548593413,9977.166359564817
3827.5336915657385,3,5,3793.8762866661136,1,1.1519243603447915,3498.956276159723
4766.32369570709,3,5,4731.631714027573,4,6.693132519822961,6082.054820313533
3630.043668913592,3,4,3509.7787786487984,1,1.6335061255813392,4809.694857277148
2696.269014106792,4,2,3039.276126379377,4,2.084058101092021,2333.8434492624524
3314.8655578050652,3,3,3122.4856588620632,4,4.2478501094545225,3737.401505046603
1683.1092998887548,3,4,1674.4728811273046,3,2.1118376644216035,1386.5396941781119
8572.493879432315,3,5,8474.22347169283,2,2.4612770060593947,11959.869535128619
2534.870589363867,3,3,2374.4763093597335,0,0.5647573416876674,1836.026924522399
1442.5878207320632,3,3,1356.0653900219427,0,0.7942895174226207,1185.9569117383346
3426.586978485631,2,4,2568.562232735705,0,2.4435887193169186,3640.1529065076365
1759.7354906734201,3,4,1705.0580399661408,1,1.579047220400246,1544.444705717217
3168.0247378260706,4,1,3543.9393292844225,4,0.5950970731888662,2297.928316686625
5423.781967677966,3,5,5395.202885950397,3,2.1846942601409736,4547.9022442743
5738.751731959859,4,4,6806.182633361561,2,0.258851715597549,7102.59280672614
3966.2716903950045,4,1,4436.408592123624,4,0.32173881545601246,5475.802569140324
3892.5058928594212,4,3,4461.998371969998,3,2.4229776413268294,3260.944412682946
2336.5393372835583,3,3,2275.9166363945715,0,0.20816267145876077,2782.9544957899802
2600.8900022098087,3,4,2523.0644286679394,1,1.0101884325007238,3519.777124752422
1672.2492963263576,3,3,1608.8171318494794,1,1.140472368756483,1719.1454165447647
5037.543886849856,2,6,3965.387129251032,1,5.134270364041888,6032.533013777098
10330.332973099632,4,2,11911.814206429046,4,0.13818992240111777,13511.844972016419
3491.386877220998,3,4,3342.7884042733117,2,0.8925110798573462,3469.8821037735115
7048.278237685701,4,2,8175.929265750567,4,0.009309078294526265,5142.116529486949
8018.482273807747,4,4,9479.306718777912,3,0.4890421049768421,8365.195234421382
1025.9885899202036,3,2,975.9200140667023,0,0.9123710169306986,1151.3681089384893
2394.0032232359954,3,6,2439.5489264127114,2,5.803764393375005,1891.3429024709021
2825.868976927333,4,4,3378.2179296400013,2,1.513616979777223,2734.7502458293484
6744.974425468988,1,10,4197.888742819665,1,14.083195195384425,7496.526587319995
4135.533379593679,4,2,4655.359784457045,4,0.1879011458797999,2834.7438106060754
3173.4338595429763,3,4,3118.484287961463,0,2.729784710025694,3410.8972402030045
9979.273837278386,4,3,11435.467784339418,4,3.140220053494755,13961.438983947031
5137.705374195186,3,5,5094.692656567751,2,2.1295366993363634,4084.9961082595455
1701.5364766918499,3,3,1645.8934299996947,0,2.124051077985815,2386.7271317635214
4153.848695988234,3,5,4225.394107986369,2,1.8448078969492916,2999.215643538689
4392.263173960549,3,4,4335.617188125466,1,1.3144286436881985,4829.643730320766
5523.557875963434,4,3,6497.652412402321,4,1.927411328977991,4746.726138469985
1483.5110231223243,3,3,1401.086780555706,0,0.5507983238068067,1118.057894909296
3826.5266876997657,4,4,4621.72000774424,2,1.1016991724561518,3736.509976053968
1455.3331620264985,3,3,1410.8573864475177,0,1.8790003233316226,1873.9500996168615
2588.9529307079038,4,3,3035.0641473348646,3,0.8042287594370581,1914.2609163062032
6917.678896548672,4,3,7960.699087668773,3,0.034607623297841554,9010.017643831814
4327.452005911826,3,4,4278.525085660736,0,0.6515962406564005,4424.778401561667
4964.333409594645,4,2,5702.651605811661,4,1.0725795089522379,3341.7559990649115
7417.35558794513,4,2,8377.250566756895,4,0.6573828435237623,9996.395481994234
3939.229175236036,4,3,4656.303640726304,4,3.1253294311921094,3402.316652615445
2362.0433516392995,3,4,2272.9436084184454,1,1.900107739456789,2459.438753450664
4331.919690864315,4,2,4851.28424262859,4,0.25116879140861736,3301.681408646125
3311.0041261100896,3,5,3362.4708674953145,2,1.8010762535160751,2862.03472287885
6000.697406418276,3,5,5994.224168275337,2,1.556786777366365,8124.811629058311
2591.86710216377,3,5,2626.4851360597454,1,2.204729111005736,2409.915617288794
2884.319292780963,3,5,2841.005210817047,2,1.0951102259653016,2902.822076644184
570.8371401390409,3,4,550.6115803572941,1,1.9714486223959538,469.51480261985273
1304.180171005625,3,3,1261.447816532376,0,0.19267148566743825,888.003123937212
3718.0723226514156,4,3,4414.092126878584,3,0.19498725566106065,4613.67521455499
2459.1687045646627,3,4,2412.1266506226034,2,0.6672027804662223,1705.3832801908923
4486.677141037147,4,2,5199.421652387413,4,1.244787394564902,3610.7523734059637
5531.851822478987,4,3,6458.293364617442,3,0.1995734471809253,5569.352095467884
4901.465600406217,3,4,4745.985085471467,0,0.8387570243514842,6350.250628490479
6075.687014098202,4,2,6852.045476386619,4,1.5209446740830495,6184.36562579166
5515.415758312565,3,5,5505.083024583215,3,3.3185715651744436,5767.024634605121
4424.67364457964,2,5,3422.3741376186344,0,3.050633780607458,5413.168369326945
9986.732218043422,4,3,11476.98066241219,4,2.4416062612212523,10804.50784638455
12308.367960315923,4,3,14498.798304040658,3,0.07235501126754648,14864.616200581684
7901.4262204750885,3,5,8015.188764339037,3,4.276994145103598,10024.598932627789
5028.281736679056,4,2,5804.196253955333,4,0.07257595610832236,3506.4630387612624
1424.992323100706,3,3,1354.5087955379522,0,0.08360479755908264,922.5302306647345
2820.4870415670403,3,3,2644.7098343747502,0,0.504494850165199,3978.0522839824434
6037.628862195695,4,4,7101.455077859449,3,0.5948012864691902,6576.066267805977
5383.31727258539,3,4,5318.44846855226,3,2.716366814777503,4460.962697703315
4557.418508439259,2,6,3655.6144667609,1,4.690659988197231,5066.89686361326
9384.168118989974,4,4,11001.694827873856,3,0.8607673234150403,10790.796475341205
1744.3855032823835,2,5,1358.0292840855298,0,4.7267305241640845,1859.8155290855084
6992.702303652399,3,4,6757.466459528107,3,1.3531916822604737,5869.683810469035
3508.7286817027443,3,5,3436.219125078242,2,2.262179815708837,2906.9095576798954
2765.829601364514,4,4,3325.8017095320433,3,3.4709594497069642,2199.289389598129
3809.0604985748564,3,5,3756.226465765949,2,3.2574315953349333,2790.371613878446
7817.047013718769,4,2,9006.558822217394,4,1.0602276345463122,9657.19070731113
2239.865021781639,3,3,2124.1466317469553,0,0.659600671999437,1939.9718875621477
5414.351822715388,4,3,6389.688041016906,3,0.4932726562449556,5320.9329419217975
4324.607993317161,3,5,4295.611978941053,3,6.848644664031548,3690.188734334354
7669.7914422428175,4,2,8667.052119353393,4,0.6400721477600053,9700.891487858378
1340.4172236127306,3,3,1272.7548891790768,0,0.8806215495929116,1081.5167015318566
5386.164757048963,3,5,5414.885535899162,4,7.058789213463966,5258.636280782837
4701.751184203601,3,5,4741.116522709708,1,3.6152987868700266,5231.228950433723
3849.9771391678646,3,4,3813.8029742871568,1,0.7448966716029866,3565.4967025302735
3937.5379634956025,4,4,4648.260874584448,2,1.349723794486058,4023.773551979995
4425.703945553885,4,4,5306.435067219708,2,0.6911475905266955,5210.246706992741
4619.298254512411,3,5,4691.087765844839,3,3.7624250415658635,6523.655933172912
6319.855618269871,4,2,7082.99949311597,4,1.3589276776148627,6711.950434482801
9008.639534896924,4,2,10138.578041077852,4,0.24946465954020922,11744.441268651146
8802.7806646638,2,8,7336.371638857395,3,7.277447987811518,7655.696896772179
11273.140543078784,3,5,11446.875811184645,1,1.8527404621954675,15250.269295257813
3390.378885889264,4,3,3953.0988213003093,3,0.5096971273637745,2414.061743495755
4235.606354076228,4,3,4971.839225247386,1,0.05270194567320783,5648.818515972732
7460.222292688863,3,4,7417.130113350501,4,5.265611952647856,6620.8564705300205
1491.5804668049577,3,5,1474.2852093637453,2,4.2452710001430285,1520.490619870599
3797.787669104448,4,2,4350.981473845295,4,0.0012085775344970588,4532.3611861382915
1824.8950372918848,3,4,1796.3099632453266,1,2.4406803593578776,1445.5715566694591
9270.852112622344,3,5,9295.456188476079,3,2.5248601707327447,11016.124190372391
1911.6514465369528,4,4,2291.959467205008,2,0.41133070121521353,1592.8712616679018
1661.9017920478316,4,3,1952.7361972184528,2,1.5767806433203666,2095.448509993917
4166.649897902909,3,4,4101.685994544265,1,1.833491925248851,4182.635292696474
9524.886411449217,3,4,9120.448931142586,4,6.1173134515925724,11848.671558506721
3814.8489172244495,4,3,4487.751718357062,2,0.4457991301002855,4125.715757591692
2802.6557903894895,4,3,3260.406101722942,2,0.019705686924575666,2883.942408276404
5101.287062935619,3,3,4940.201030807019,0,0.056959078217961694,5230.100608531036
4144.099996332291,3,5,4176.140326456914,2,1.9611282286837335,3397.2362021076565
1313.5952487063091,3,4,1272.2575324086715,1,3.130618377823324,1131.2295241808138
2371.2703776001526,2,5,1817.4757972735918,0,4.358505613170475,2038.345624219363
2187.9260738717153,3,4,2168.285489436771,0,2.689216439065683,2929.9284169198427
3022.1545173384975,3,3,2847.7240958295147,1,0.4416813839829363,3301.970865333908
1098.9317854795333,4,2,1265.661644967372,1,0.37358024637314585,1501.92001798292
3359.433197658036,4,2,3836.407642177598,4,0.44989924522848607,2299.5021799826313
5557.267592469244,4,3,6451.354724689792,3,0.0611244970699221,7483.981850052557
6146.758064539614,3,4,6107.848879545686,1,0.4851498923808976,8247.905286077845
10471.062340623383,3,5,10514.173062020003,2,1.7744317998466321,13932.340645096643
3090.730070307518,3,3,2906.1417956527503,0,1.148383838802711,3063.8009518911695
6915.4316941836405,3,5,6814.473044162452,3,3.743540438615203,8532.115527065607
4667.97014950178,4,3,5501.755397842465,2,0.3115738770211808,4919.923477273534
5942.379451480685,4,2,6697.8665722129035,4,0.7314143338825455,7823.580886004182
4409.093374428877,3,5,4348.632722617899,1,3.8908254880959534,5416.125560938299
5709.939057265742,4,4,6751.429345643389,3,1.889131031325658,5568.169095536735
2864.914660070019,4,4,3434.0508661760878,3,3.459925326772143,3736.4449656638326
1517.8652937269826,3,5,1526.4331402910886,1,4.469188990144736,1387.8378452563547
2952.5261016877434,3,5,2956.9949285950347,2,2.6241289805730963,3737.9485172968225
2121.3211155235363,3,4,2063.9035596219046,1,0.40042467456248326,2452.986845900011
2899.2984193105135,4,3,3327.8676901996496,2,0.9127352754569364,3801.0039251963935
6232.9567319061825,2,6,4840.982998540964,0,5.0946402388899195,7538.238459504532
3324.716347815425,3,4,3220.9901433313053,1,0.3937774938853431,2851.2012738722997
3635.076037569672,3,4,3525.516742367777,1,0.7689305077910205,3863.2556530974252
5500.274571121841,3,4,5395.13788889077,1,1.0708988701455184,7254.520869743661
5572.180406464322,4,4,6661.319801871559,3,2.597037450100562,5245.060761981299
2968.9845523238023,4,1,3292.8990449168314,4,0.14324451750555398,2435.112504537632
1807.213478291071,4,3,2083.4496208280375,3,0.28935175092298115,1903.5749808994126
9143.491403973549,3,5,9278.704229567127,2,0.40937342911587477,8654.49439322235
1495.067904042703,4,3,1721.3803936077038,3,0.9107829450693253,889.2388782964704
2520.01460792728,4,2,2902.7129755908622,4,3.776555946977927,3057.083132541394
7917.138691379648,3,5,7875.278335986514,1,2.6742664883133864,9380.58697439944
1959.7428080139666,3,3,1883.3658191997856,0,0.7714549013321664,1874.2140635678397
5157.817017260716,3,4,5001.034339956724,1,0.4588878375357453,6833.0435090991705
1487.104628449406,3,4,1441.6244077733897,0,2.23773448749525,2130.22022536663
3916.58183534253,4,1,4457.836778367918,4,1.2823717845190512,4575.39749845476
2937.8379596959053,3,4,2882.104988579101,1,1.9808955569192979,2489.6352229012173
2909.558866337953,3,4,2835.591881884936,0,0.44943116017835294,3620.9895537316597
2671.9334797371725,3,4,2568.163998308523,0,3.0823897062292347,2514.9033821522758
4756.265745655645,4,2,5449.821068881124,4,1.0874294338920067,4440.839181606303
6893.251773078192,4,4,8245.750803034967,3,1.5103279841245871,9102.605152820894
2804.777952815427,4,4,3315.057449489295,2,0.03981132761884934,2876.516277780779
3531.9899889684916,3,3,3327.975035197115,0,0.45196068446239923,4383.550431968865
3887.5871853715166,3,4,3750.728209589323,1,0.1573538206375956,4733.932946369977
2788.7130610281138,3,3,2690.378636903314,0,0.3919940024935145,3545.5660684308577
3249.4615353791487,3,4,3195.1306524984516,1,0.9375560481420772,4110.514054444764
4258.9631599007325,3,5,4219.2844259398535,1,2.124952417873165,3501.5771463545616
4909.629370778074,3,6,5026.26198664495,2,4.712481618965481,5278.726516607064
4396.9940398479075,3,4,4321.367638922228,1,0.11010777563179261,5533.844952680322
4111.961594380796,4,3,4782.777237869652,3,0.38583749305891274,4406.115054741486
3747.9689947117113,2,6,3009.774916179615,1,5.25149777875432,4725.646610132208
4439.7179676485675,4,3,5263.254068705386,3,0.3684451066379142,5796.5339055390195
3102.32520073381,4,4,3724.529696670739,2,1.626280399907076,2532.4437712018325
3216.7047515261734,3,3,3018.169414746574,0,0.03030775902234247,3696.3658038435715
6081.306292318588,4,2,6937.213150940954,4,0.4717973962967747,7397.686170155535
12171.666749480497,4,2,14100.05115042754,4,0.8334277383404889,16973.235111009886
2473.6839557028597,4,2,2783.421752243492,4,1.7680373686983488,2162.414680484033
4704.99060209617,3,5,4699.073101740934,1,0.9436964037974198,5982.779741068803
4013.2894979549637,3,4,3996.5197756536804,3,3.04955933771797,5567.043579158565
8599.059176526636,4,3,9877.35799022258,3,0.24628338134971706,10952.173106007369
2892.333957915584,3,5,2916.896073889888,1,3.88137838767787,3051.4361901504876
2779.544960982046,3,3,2638.7705286055498,0,1.3620975451172805,2346.7337724694635
2264.025827286369,3,4,2254.792093092178,1,1.3948216937848121,1714.058096630551
5026.271684763886,3,4,4976.0745585962995,0,2.1597590308347097,6535.311870789796
3050.9229649106483,3,3,2968.707637830437,0,0.8228818006787447,3858.237252659423
7091.405316154756,4,2,7986.273085654175,4,1.9200836914513502,9189.62490851879
1881.0153007105696,3,3,1826.780311685347,0,0.4668549402002795,1677.206554456574
3948.053766315055,4,2,4490.473822880763,4,2.776108686708718,4088.449532920048
1854.3030350515303,3,4,1784.0244977043603,1,2.322557112498159,1561.9109566314114
4914.5953858566,4,2,5503.1169448898845,4,0.1468749654804314,5284.218742788627
6933.400725775109,4,3,8233.277195717521,3,0.5004807627682815,7249.9865896374295
11399.936475977018,3,5,11302.638967157782,2,0.6915696879996024,14335.034853238623
6779.571710615974,3,5,6766.330246887132,2,1.2150379683595425,7474.410127829095
2298.9818124276458,3,3,2189.419298466141,0,0.6886093037946328,1767.6495815101546
1056.053728941836,2,6,826.6647294117494,1,5.991182542532293,722.7649285946848
8886.940830510732,4,2,10321.826379934328,4,0.5912609257073245,7718.378348912805
2820.5384136367975,3,4,2712.695925358849,1,0.5952893364454002,3798.134118567405
2175.0003754363406,3,4,2107.4679244706444,1,1.467439119058411,2131.180911875468
8956.779135956767,4,2,10307.616335199817,4,0.35013166031707604,11333.252384676163
1958.5145090326268,3,4,1909.7729186782385,1,2.492229272806121,2073.291476760371
10133.799455261607,4,2,11562.744351194578,4,0.38905767128111124,12714.960218724029
2087.025071813719,3,3,2021.874877511368,0,1.4176247611910193,1913.6569485175455
4828.045946327031,4,4,5816.54440043568,2,0.24124279206086507,3267.2887523475747
1936.6992917728562,4,2,2172.1774159473853,3,0.07613172834678614,1284.9251718430103
3106.1587613690426,3,4,3029.9173204730755,0,3.022581742805388,4174.0953285830565
1232.0104598135513,3,4,1200.1814930990981,1,2.589557812376972,1111.3785022116908
3671.0799397151527,4,2,4232.955537097289,4,1.8625199146193785,3102.0516959552324
3209.4616440664304,3,4,3190.4712025754925,2,0.487903947745348,2894.5599985470285
3771.854809590546,4,3,4378.193197526995,4,1.9709075732837495,2645.899811880714
4273.453450776068,4,4,5137.888456085301,2,0.6335967036195024,5383.543689957585
8431.708460089998,2,7,6835.930498209532,4,8.44837624207845,6344.878703377763
2325.1738077160057,3,4,2306.7966156526954,0,1.9828519622468759,1512.7645760634955
5130.344673172118,4,2,5933.679846692368,4,1.053894552603935,5805.41293859375
3611.9139252349746,4,3,4144.56992967566,3,0.25759337004827504,4115.06918702593
5065.722042006609,3,5,5133.380030595743,3,2.05308955859551,4208.031533687153
1389.4711164240543,3,4,1344.28916754695,0,3.2561338814445167,1003.5352958745234
1814.3477352275665,4,2,2049.297390283236,3,0.628276779249392,1783.981379845071
6386.581911316798,3,5,6277.4994855117375,4,6.592358331982234,4900.034409153302
6455.032245326145,4,3,7642.794898719972,4,2.9222529618659947,4814.432610186095
4392.174584314673,4,4,5174.005005294821,2,0.681265574893955,6383.144932860733
4069.215302115669,4,2,4687.1320328600295,4,0.6182474706075449,4664.504658436817
3220.898273983861,2,5,2496.4081401055046,0,2.8612408169492576,3807.7257380644087
3636.626643086737,3,5,3611.0625881069423,2,2.3828642743196347,3248.4503944593366
4360.235578102713,3,4,4181.710204638721,4,3.5247823581009636,3247.1365352646476
3778.112538342646,4,2,4297.683606779149,4,3.254478465308648,4554.514636686924
2985.1975840736777,4,1,3353.9126104003135,4,0.12290031530540578,4164.088438988501
3088.976746588735,4,4,3729.0505780755284,2,0.9755212798838624,2112.876482902588
2558.089724708894,3,4,2494.1223152704597,0,1.852895426731124,2434.337861871516
5501.763430219771,4,2,6219.366991547929,4,0.43633550180165454,3598.9065053679064
614.6170597724864,3,4,597.3384665522872,1,2.1464265079225435,448.8898952902398
3317.053793060712,2,9,2810.752566448137,2,11.382432136961246,3419.618727306016
10467.779193849152,4,4,12440.830757890337,3,1.9072883174475153,14287.44072838265
4905.611214417545,4,2,5644.750444916248,4,1.7935479490852602,4316.83298226564
5025.382264869278,3,4,4968.504151829525,1,1.328076328924391,6562.484109182116
1167.5166126118456,3,2,1071.011598208491,0,0.6531930675667457,1216.359746033616
12164.266109157028,4,2,13623.720802870002,4,0.9651569203659882,16800.915266714364
4469.607563125755,4,3,5174.211282943812,3,1.0933183070241306,3673.2368465610202
2284.6181404651593,3,4,2219.67181646805,1,0.5123966607317282,1913.4087790814276
3719.261063203624,3,5,3654.050423616687,2,0.8067274657433454,3034.2019307241503
5145.851045616023,4,2,5762.0460378184525,4,0.062300086576848844,7189.2853287480575
4634.345837878061,3,5,4669.887695086113,2,1.8035843433594858,5588.1214508738685
3279.9627159348756,4,4,3872.124383450594,2,0.3922031338580724,3869.479405312667
5343.546218786085,4,2,6002.239461473734,4,3.0439875244274464,7106.481852971845
3552.2774710883828,4,4,4305.376366677594,2,0.8783862115458617,3975.4230595123668
2669.1686440418744,3,3,2501.282711889549,0,1.1130852337581034,3835.7002048711693
4091.7310133268434,4,2,4737.137496051559,4,0.025655240822116922,4785.73282401886
1889.5260737789054,3,4,1828.0364962139026,0,4.7917367248534575,1724.8314789967949
2263.192895722497,3,3,2159.233069380609,0,1.8831014713481211,2622.2076766136784
4363.839541914144,3,5,4305.128031636281,3,1.4743522237078202,3157.983083756305
4526.832509783115,3,5,4536.401648234851,2,1.7517661907486008,4682.37916479026
4850.245074423577,3,4,4798.304366117217,2,0.5000487471826436,3491.14485367802
10011.09287976537,3,4,9781.857494250633,3,1.9441049613427985,14543.691984150348
2253.123823331086,4,1,2543.154400767443,4,0.18555660543497784,3071.0995132782195
2174.691480284492,3,4,2120.3409472279163,1,0.28476847849881315,1463.2384927960927
1472.530326714812,3,3,1399.2529622332731,0,1.8173107478002384,1114.4090262761727
4332.7736824948215,4,2,5030.5230500616835,4,0.769241291213721,5763.514405630731
1807.5651416294068,4,4,2123.341729285139,2,0.6140832320381304,1601.1786290102436
3267.259158007336,3,4,3252.0447260553633,1,1.0067916655746483,2159.623060696149
5401.932555329128,3,5,5304.619215278941,1,2.383413381619768,6428.100437229546
2086.6571672349173,3,5,2051.735318889485,1,4.566441683300898,2562.0310183092197
3308.01954191039,4,1,3657.5671698822903,4,0.742158105363189,4234.095057695213
770.2033592737515,2,4,593.8791391466012,0,5.018075880726079,694.0254688318299
1814.5525380669312,3,4,1780.6548711404978,0,3.4290730945302914,2358.3889461298627
3304.6044264046723,3,4,3196.443207744272,0,1.5219467717241115,2462.3259414485037
2626.0200220033157,3,4,2545.831554785237,1,1.0495897213183922,2398.9913444483345
2102.2104720366133,4,1,2301.0815788111577,4,0.7499035525286811,1722.7954394042777
7917.12644053135,3,4,7695.9558770868825,0,0.11894864760763911,10541.841858286314
2833.18374140493,4,3,3256.211029008394,3,0.5312436763050818,2556.14556649688
2914.4728912292962,3,4,2896.5812411455413,2,0.2780911203168281,2343.885780738937
1651.3145186188265,4,3,1963.132335989355,3,1.244087572379331,1316.9727833915076
2189.9528820966325,4,3,2535.7430857241507,3,0.2370372897403881,1768.5488253165252
5665.148111448352,3,5,5725.6970165165985,3,1.6125175756862067,7994.586425701996
8158.925616497909,3,6,8245.347944280951,2,4.475616911690935,7067.960716323866
3333.1360198516522,3,3,3242.8816466068306,0,0.615035951586747,4510.963798875089
1964.923291630237,4,3,2334.1788405423745,3,1.4847752178322784,2149.432242402104
2323.8317639213824,3,5,2335.3233895668805,2,2.791699406550571,1862.2551738130514
5541.454626569661,2,7,4474.124671372635,3,7.407758576686013,5543.317601517855
5914.761457252141,3,4,5677.170818309854,0,1.6271019453776594,6630.931120526733
2104.7002530696454,3,4,2030.2140700976324,1,0.10954875200399404,2705.5978014289235
8649.77961098157,4,3,10180.292764979418,3,0.48363239672020064,11078.793634105547
5181.119201284589,4,4,6108.298113871653,3,1.8628959752580008,6668.919615036441
3863.877270310522,3,4,3820.331994375476,1,1.8360775582470534,4782.44888101391
3091.7187580184263,4,2,3544.9765058333564,4,1.1530348019226995,4237.140007022331
4396.985354739657,3,4,4322.5925125846925,1,0.24033540661782787,5367.100841803862
4535.879122643442,3,5,4441.04608140699,3,4.082490213785358,4772.541087930636
3113.0598375283685,4,2,3568.3778495458596,4,2.8799728661490067,3585.928944618814
4866.037576308487,3,5,4787.183416128536,1,0.29034930212787446,3484.9689274870407
2591.825643758514,3,4,2483.180463433729,0,2.3039373134158265,2863.5941179866113
2545.269492397906,3,4,2453.319927940135,1,0.019722244061163356,1858.6956780128746
6608.90022664105,4,4,8019.660764210289,3,0.2762610754990167,6565.090774359803
1812.2859722141118,3,5,1802.1173307093297,2,1.2115649075530717,1955.8026902764927
1568.5732977051969,3,4,1536.2375502278671,1,2.732402091377582,1969.8875438234202
5670.980176230381,4,4,6654.290871296304,2,0.6787006519630593,7462.255102453723
6616.941171822444,2,7,5317.38502867037,2,7.816023942118708,7652.787252930671
2119.4069994456054,3,4,2035.5732528975323,1,1.322477060301608,1861.4373010023664
3618.300339553331,4,2,4125.651112488859,4,0.9256078943939251,3121.4501992380365
3394.7724855517504,3,3,3294.9194365696294,1,0.8096829924312685,4590.641350874158
887.5233651455328,3,2,826.6130781574178,0,0.1817453819789727,714.9723885733033
7423.24661379357,4,2,8580.943912484005,4,0.7254991263205537,6974.37195278929
3897.683228179502,4,3,4634.862461284856,4,3.1922038608527283,2757.7784146931576
3016.1066362956144,4,4,3536.0078050260972,2,1.064270958971384,2191.672850368363
3399.3350999367226,3,5,3357.3202808536525,3,3.528595118334103,2920.2702138131667
2253.964829480152,3,4,2157.1545600825248,0,2.312219571931091,1927.239469521703
5737.915774566753,4,3,6719.517314635938,4,2.2814519403224516,7205.667821968366
1098.5171176246358,3,3,1068.0100364157727,0,2.1736175025297793,938.0903952102456
8423.672408908093,4,2,9620.693798511487,4,0.3479557637900059,10062.722003389634
4177.353403448768,4,3,4833.296716458756,3,2.7505527232978046,5009.262476815262
4217.976743426077,3,3,3949.8251221117953,0,0.2974951265716614,5884.941451502463
1376.6019388858717,3,5,1364.4407552607845,2,2.877116666507806,1059.497431616955
7474.995291544267,3,5,7412.464230555617,2,0.41278999796202187,8706.77203977621
4418.814335357425,4,2,5102.744984552463,4,1.6637195187353035,5699.915166105506
2730.204160000577,3,3,2584.2781258525565,0,0.07111777433905724,3723.6853066434714
1366.064270605555,3,3,1329.566925612989,0,0.5763270121254462,1012.4298444508926
5157.0352186269265,3,5,5066.657896384729,2,3.236523667248594,4927.031616945176
8529.91690067039,3,5,8481.464601643675,2,2.014888262281781,10864.962915331162
2744.932842936763,2,5,2088.6801277737623,0,5.277400075148691,1928.3778886827865
1783.607099617937,3,4,1708.5431403569953,1,0.48930517355974196,1675.2728586088917
2773.2306127049073,4,3,3248.998352905674,2,0.7314317249009135,3132.1743570930043
2132.8092374619478,3,4,2097.2592044068124,1,2.7674617362329355,2749.6711035819235
3668.4709837729733,4,3,4344.580188217727,4,4.735063069375215,3218.664263007648
5359.249513464252,3,4,5284.395189842067,2,1.0177516411399525,5731.642822022182
3153.553532414345,4,1,3454.8149022426073,4,0.6846398062902944,4117.74227555826
3936.2722269399137,3,5,3915.584200919708,0,3.0401661307157695,4836.319460060337
4155.529768328353,4,2,4835.437627625737,4,1.7503064232756387,3998.7375680218556
4213.753962009267,4,3,4835.379696952834,3,0.20137359679876418,4297.131396860991
3204.01076729025,3,4,3106.0679805565437,1,2.2080144338186876,3294.9424748090023
4631.79727526886,4,2,5291.832245873969,4,2.2602762345658123,5158.820714716157
5821.542135627134,3,5,5724.860771163739,2,0.9943840933667838,7337.200318171357
6573.079056836291,3,4,6485.7330841281255,1,1.1698629363340045,7041.852861411415
5208.182759266274,3,5,5120.846380491916,1,0.8817675365356537,5010.276052674004
2778.1424395877525,4,2,3154.265584221693,4,0.36854910729251245,2152.3464527020537
3266.55101182435,4,2,3706.5921642171947,4,1.467800860087696,2955.7124563607763
2920.1778480639364,3,3,2828.33222169052,0,1.258997073271707,3921.528414039679
356.88165784215096,3,3,335.90107946140813,0,5.1659768188502,223.21085821196442
1956.643337179143,3,4,1900.3731399471694,1,0.35217451649183457,1490.0480971985473
5261.898902263321,2,5,4023.024672465251,0,2.0207410027642285,6541.148534923731
5079.36985915136,3,4,4940.688809462342,1,2.6870242403674447,5978.8947168822515
1889.3542760586245,3,3,1811.8894368958213,0,0.41149300934448474,2400.1954656033035
4104.001643095809,4,2,4706.594234768071,4,0.8845127056170048,3595.48588732547
2977.24595162463,3,6,3060.6851780847082,2,5.749657365656729,2993.0018744790905
1354.8222952971316,3,3,1317.742311866352,0,0.9256975911741188,1429.021179080344
5571.450895899182,4,2,6299.416214849083,4,0.7755321181136067,6238.595394643206
2947.397358214508,3,4,2858.9276832511828,1,0.33465094019663927,2869.821480553513
7568.494264032793,4,2,8641.310697511817,4,0.5647190756321372,7216.063499894067
3903.375651412531,3,4,3886.5233628501105,1,0.9799006810079319,5531.098643730386
2275.3956277468856,3,3,2175.7864525532946,0,0.11213835057947935,2238.76932350964
4867.4418962182135,3,5,4799.290943621781,3,4.130742704557137,5171.170959406034
9717.997305929233,4,2,11316.131772601242,4,0.48235246763336725,12909.393484439262
2459.1582518504333,3,5,2442.500957453173,1,3.6416358977190866,1920.000918324934
4658.562432053957,3,4,4530.769614805692,1,0.66630747813128,5594.6164586891255
2766.3630783862122,3,4,2729.6489359679854,0,1.7287597112697484,2529.8007739806408
9842.743160137556,4,3,11266.512607896175,4,0.9710749742439037,8585.206857524105
4539.453182022882,4,3,5278.611767796158,3,0.47534973251381973,4530.189299787576
4043.554781648425,3,3,3878.9557652523476,0,0.6961160961349828,5031.885117869653
1298.114921942246,3,3,1238.9375128363486,0,3.2976443845523806,1057.5162049860267
3611.095940211568,4,3,4171.719447875171,3,0.27944326392911506,3804.850821632187
3122.0114570410296,4,3,3618.342085228901,3,1.3120571950153768,1887.2990079061922
2193.69346528224,3,3,2063.9506523557225,0,1.0217000591132541,2472.630671578726
2942.1293476146293,3,4,2880.160893811166,1,0.2722015592497235,2663.170483257262
7726.0552717323335,3,4,7565.640904503637,3,1.3609446336327773,10549.377263077693
4704.607508011462,3,5,4699.4608742398705,1,1.4080712617739974,4101.899126029309
5258.424108110301,3,4,5132.089064204406,0,1.1051921047183582,5359.486088052877
7768.404610422824,4,3,8918.390974790384,3,0.7655324455719557,7362.887062967201
2477.0488288237475,3,3,2401.315761554264,0,1.8285922185673704,1936.172984654138
10051.454498112405,4,4,12143.544003781984,2,0.3836529194272625,12054.980794635452
4569.018808598834,3,5,4490.847471578626,2,0.3382480041820223,4049.6054319515206
7452.6800038964275,4,4,9063.875132804602,2,1.327930891463561,9901.0750348763
3022.2761743507494,3,5,3020.223138540998,2,2.1222367292321787,2896.9593516571495
1862.7184934692225,3,3,1806.8022259279378,1,1.7043082186668332,2263.8491769946518
5061.511228669304,3,5,5132.228162048522,2,2.3040813455874516,6172.1887840899535
4285.399725491204,3,3,4162.937859440736,0,0.16656352873727978,3662.075604635682
2998.141570452057,3,4,2906.225358547009,1,1.339363274530495,3926.035067927833
1259.9857772375751,3,3,1210.7457198874163,0,3.536900078435834,1008.8184741543397
1367.9983445127796,4,1,1551.9570568101244,4,0.2129072579263981,1038.259281669241
2737.391519029219,3,3,2619.292398028098,0,0.39091737590443715,3692.1649939449076
10758.539839463956,4,2,12494.682179542255,4,0.22483053783327073,15148.68789776453
2875.33939704777,4,3,3422.6736226658286,3,0.5497803003777472,2721.4621207391983
3109.273504978613,3,4,2980.5075991991125,1,1.654594698029458,3364.938845449672
6560.554793386978,3,4,6441.730664569955,3,2.1500932732073212,8608.149463059955
4078.2984137530843,3,5,4071.7579092825104,2,2.4094628368110755,4053.184784002094
5832.786447444371,4,4,6842.166702287203,3,1.800384195131954,6319.252812894051
2247.536405439428,4,3,2632.8430237545826,3,1.3396477827835123,1840.2580877800178
2908.4004198092457,3,4,2786.651814978047,0,3.948425281535371,3685.0053250714677
4661.213911064108,4,3,5484.708654194038,4,3.121224928165851,3875.1785878201736
1979.737268355008,4,3,2343.7837159551814,3,4.1179065858179955,1849.6625173319405
3709.6016135729683,4,3,4310.334106570849,3,1.5476655097993552,3554.463552494162
3835.019384022166,4,2,4448.3960567655695,4,1.485948121578447,4480.384692129726
6398.324454700222,4,3,7487.720958045845,3,0.7784322038547083,7193.142896890126
4064.0293557431232,3,4,4046.6994460935853,0,2.2713237573443643,5514.089830758915
5450.127882441915,4,2,6248.163894053691,4,1.1601063741998885,5153.601954702734
1733.22155517894,3,4,1694.4466291509307,1,1.9629924515074948,1341.8217307516165
6796.318216534234,3,5,6816.0968484217265,1,1.681422849814322,9422.77658645871
2285.0924114096006,4,3,2616.392152328103,3,0.8047407639198301,1688.7640936788725
4881.989632056197,4,4,5892.309857400598,2,0.3833047362978071,6079.799322638637
1155.8650973185754,3,3,1115.4590299543006,0,0.3026396087019591,966.9850759782245
4926.3093513931835,4,3,5771.3102903757635,3,0.27840498285883014,5466.268086809093
1377.7670036232162,4,3,1627.7640232097447,3,1.6544321436771525,952.5690578009621
1038.6771635246205,3,5,1038.235524254429,2,2.7369374066674026,702.5179196410143
2162.4458084402695,4,3,2519.4177386333654,2,0.09417014671572024,2736.9551951703475
1369.9254535860512,3,5,1382.249595957176,1,4.916941964106487,1333.506739699718
9698.803173026346,3,5,9799.876388891727,2,0.07927903272739423,12804.11774882098
3460.0351341739834,3,5,3419.0246743055923,1,3.4122095579664427,4294.21221562684
3282.3095240021607,4,2,3776.1826396911715,4,3.5830532081339657,3804.160786403422
14605.635427793573,3,4,14210.46539917715,4,2.854961735897677,16672.48591191025
1884.7047920582795,2,6,1494.7633856057078,0,6.294385837868484,1772.03464247698
6661.519434458208,3,5,6522.3346005633875,1,1.965759156916934,6732.850849534263
1794.8173617654807,3,3,1741.3256475316898,1,0.7973150001596457,1355.435399000218
7907.390515089159,3,5,7807.331550667147,2,0.8430986542808789,7826.684504653513
5031.41571465439,3,6,5034.628543301638,2,3.0376133016087317,4059.7985391080365
5432.5590715420685,3,4,5206.457345202524,2,0.9029509476002158,6062.848625540934
5586.896131820724,3,5,5633.265344083703,3,1.9470121394718052,6999.211976150906
1986.4805941929114,4,3,2342.149969028065,3,0.9346946451673842,2677.0671609664696
662.8039393948686,3,2,607.7234987378986,0,0.24649738329247003,589.8482884380455
3316.5755225751022,4,2,3776.2478221386095,4,1.9093016325797634,2538.690433159454
2425.814271086864,3,5,2454.9449709583873,1,3.50662639410811,2119.8510398731537
2463.8462262677513,4,1,2734.1443997795095,4,0.07686992681530576,2304.8130253493005
2549.6394068526793,3,3,2465.072831661693,0,0.18767623874222325,2779.267759668543
1409.5780498316542,3,4,1349.5976822081868,1,2.850798154304007,1973.2836039492468
8279.174112863124,4,2,9607.098125506198,4,0.20001370074534702,7678.053112115837
2925.8116523802023,4,2,3320.074610935962,4,1.6704390514556482,4170.658852298816
6442.657626148606,3,4,6374.834695670199,2,0.18866865279709466,7864.2255614922915
3643.1147829987467,4,2,4208.244788332291,4,2.3766493146193723,2413.971440901005
9632.227100757498,4,3,11175.581590069363,4,2.458550508676548,8086.269900091265
4223.355680611548,4,2,4866.751694987875,4,0.5121994332347374,4737.545447592896
3983.2250324241004,4,2,4530.484526638824,4,0.38435319155134207,4750.7254441462865
2231.4531353603297,3,5,2243.397613365224,2,3.376013341753134,1583.5123119235864
4823.592767145949,3,6,4919.539664742446,2,3.225835032271049,6673.358421252095
2638.752907389223,3,3,2550.9874887866395,0,0.05647424739852576,1850.2268740402794
6307.6048093021,3,6,6470.627321889832,2,4.203683192498071,8300.231690192464
1044.92169017929,3,4,1030.229895690263,1,4.196606611604895,880.8313677090084
3987.081483796218,3,4,3933.8862166959007,1,0.6067097809384551,5403.261292056874
6806.95279080325,3,4,6585.030490342684,0,0.4556350232296382,9706.019811503196
9218.463574953248,3,3,8953.028164168847,4,2.2151258092723656,13172.196950434833
3044.2465128295676,3,5,3002.076945757957,2,0.8074563854115582,3877.7241294878827
7081.649479442373,4,2,8001.970928608104,4,0.5981747127390877,9303.065591520826
1274.7961334247389,3,5,1247.178485573276,2,5.401500093830848,917.4230870397289
1846.400245088256,4,3,2154.563656220658,1,0.45409920083396116,1872.8598726018756
4893.322014001688,3,4,4738.112685095371,3,3.447800730510418,6509.9500681115305
7007.746179968504,4,2,8133.512919602677,4,1.5175584460137383,8594.649271300797
4713.130816892954,3,5,4620.355088834361,3,4.010570577393733,5817.719284645216
4548.606829197146,4,2,5197.04605149243,4,0.264884865469729,5887.825504337155
4910.591007298984,4,3,5653.547880785995,3,0.1755807031832746,3333.8751541456186
7825.099371412685,4,2,8762.33170223505,4,0.5162956813844476,9758.218789890292
8664.791521929557,4,3,10072.755786851882,4,0.839797551277503,10311.800490137564
3424.672395143111,4,3,4071.8156395378787,4,2.094970100691908,3075.6042708489044
5701.447177600157,3,5,5772.509640784781,1,2.9995430246346046,7257.794089239818
3350.3962300913704,4,2,3844.3878787043095,4,1.4746320841563665,2995.4026732627344
7565.6976705493835,4,3,8748.31181539446,4,1.7649386204166149,10302.203406934439
1452.2735329550121,3,4,1405.570364108091,0,1.7542015422674386,1531.9486392134163
5625.498499986396,4,3,6502.007759187786,4,4.522715685268851,8047.744032111742
10102.082883347823,4,4,12129.424243588874,3,0.33411470019878337,10426.871252434303
6456.764967627457,4,3,7443.882432077455,3,1.6437382192017,8507.606143744812
6348.774531033947,3,5,6287.394068075931,3,3.915240441604354,6697.626486639662
6207.375825240213,3,6,6342.915577844259,2,3.657890842909319,8823.767300637632
2087.332227982132,3,3,2013.162856463787,0,0.20520961482564032,2682.9862185412917
4178.65880020566,3,5,4129.366493495142,1,1.3615463201824696,2927.850287559712
6063.832530445873,3,4,6009.295396972917,1,0.10369672576286763,6603.63343746833
2457.068899172661,3,4,2371.9673201710934,1,0.7172304678368912,2523.923419932598
1772.7432629346638,3,3,1661.44930923159,1,0.4201025423992586,1292.8204289566163
2319.9307289280205,3,3,2222.361331202341,0,0.6530337770278419,2016.9475924136377
2121.194953590468,3,5,2083.7052335194917,1,2.8973117245497577,1957.2553291500983
4377.491758270909,3,5,4306.891330583509,1,2.615150299116131,4710.225064271382
5128.504985838039,4,2,5869.455716248698,4,1.3563723739936537,5438.700049937359
3662.853701006921,3,5,3582.957219777938,1,2.89326686389289,3096.6724036103888
3108.3305379648314,3,5,3103.5869668469963,1,4.525607036879327,3904.8319948259223
2810.8644534673654,4,3,3280.576384670914,1,0.00026915474781760083,3704.5321096703956
3098.724747177232,4,1,3522.8320882214744,4,0.20651220163067374,2833.335216622073
7124.0887648798025,3,5,7023.642946636841,1,4.883896047092539,9933.314599567355
1187.3333421201,3,3,1151.023547674147,1,0.11717246998058947,849.403281538382
1899.3092574628172,3,4,1854.4299845580483,1,1.7834706102011555,2207.2768714150898
5254.716738257337,4,1,5771.7506812967185,4,0.20727565287149982,5416.721261940904
1730.5065220968606,4,2,2003.3790299655655,3,1.0141024560075205,2373.0425977474774
1588.6227048734709,3,3,1540.5930358786993,0,0.03021723809280812,1431.8433376840421
2062.5198381347705,3,4,2005.5428284240163,0,1.5488879602285688,1909.3433271496276
3128.19630446516,3,5,3070.5470392942066,2,1.9662135383102366,2749.0617712832254
4721.645063796677,3,6,4771.641046182465,3,6.456057825577545,6713.9666351407905
1896.8162229045038,3,5,1916.9167689809292,3,5.459088355221022,1681.8469319045194
6671.405517104022,4,3,7807.444578721823,3,0.13341993435728605,8358.054179425828
7591.0852171687575,3,4,7394.464916034545,4,3.470002340827628,9858.716254135561
3736.638075367593,3,4,3586.1552511789714,1,0.39028874354196025,3070.977454750453
3087.5258526471944,3,3,2974.4230369492598,0,1.3760491252090306,3949.735664086937
3964.093154047065,4,4,4691.101985046906,2,0.8997891558668926,4747.133883345015
6427.110194178565,3,5,6388.921360039453,2,1.563044018955713,7506.094426159203
6238.197147462623,3,5,6294.544008503137,4,7.104135879629261,5703.561238075435
7916.460942618379,4,4,9414.992755028152,3,0.8956987181871835,10927.809628563042
2081.3237089272493,4,2,2397.66776157846,4,2.5655395785036585,2109.2510054670547
6050.601691514733,3,5,6102.584903771654,2,0.6085458935656504,7912.596566846456
5337.0818243296,3,6,5406.5264549420945,2,2.104301858158077,6785.751333133725
4302.36757824145,4,2,4938.292721578571,4,0.22871995123723368,4484.775287018781
7106.896229338723,3,5,7009.544835126322,3,3.5220373861620526,7188.699698316689
1756.8243842989161,4,3,2013.3205070410427,3,2.204920879064574,1651.5500413925529
7963.442191445289,3,4,7708.039571130544,1,0.19326755411462587,9460.518350560806
7149.359435096417,4,3,8457.080233023695,3,0.2805283573738358,7107.910787344358
1504.530717668967,2,5,1147.1368284317618,0,4.362238689077225,1212.638406258577
2201.2160960303545,3,3,2125.728998867741,0,0.30770332351420804,2289.2235365561537
3757.083076135047,3,4,3736.1192997597514,2,0.3996000814902042,3349.278178694291
2436.411238516545,4,4,2916.014226852192,2,0.25798307297301476,2291.018076523696
2992.469555577577,4,4,3538.733019054642,2,1.1415459218127748,3292.2359088728217
4537.208717446911,4,2,5133.910875949536,4,2.0910304937919872,3480.3867639414266
2456.9852471084228,3,3,2384.707397335193,0,0.7215061869826818,1925.142919302831
2177.3570047540566,4,4,2573.5721630458925,2,1.8023666161696568,1914.3168607441619
2777.9103312649004,2,7,2204.8248630226344,1,7.958898911546788,2765.770485497651
2918.556188874029,3,3,2810.0086648604865,0,0.8893445512479677,3063.6672486875336
10395.938565490504,3,5,10294.584998799146,3,0.9506770903897667,12284.65148501367
2390.1522784624694,3,5,2392.8852505249483,1,3.7629120507019147,2392.969442064648
4691.511243481937,3,3,4435.4946408238375,4,3.723812897325139,5977.900173608412
5719.418594111428,3,5,5690.292120136599,2,1.7354335157612364,8000.338548087106
3427.2358918010623,3,4,3364.862341640856,4,6.309195666697613,2571.041095334244
4561.331440466834,3,4,4439.5406852923325,1,0.6174168618183772,5418.918990241591
1577.4509086623948,4,2,1829.5268165570678,3,0.0023715918475164972,1242.152622143592
1904.1921277140593,3,3,1798.0736484528948,0,1.2580094522384042,1455.6769983778602
2549.5379873102897,3,3,2465.713355626858,0,0.002612741554108158,3202.165881786475
6000.382336882807,3,4,5816.070590058806,2,0.48189260025667185,8687.972648016092
4795.3428183669475,3,4,4746.975179276244,2,0.7544895335870989,4128.886151912708
3621.9347502091628,3,4,3526.146524982882,0,3.32130887690753,4540.711451125566
2055.492862280163,4,3,2381.6248440819995,3,1.4636968058991215,2277.2797206347836
5022.274391204346,3,6,5162.809836993028,2,5.94058561248641,6838.478510359212
1663.2178544978012,3,3,1619.4866061186253,0,0.26530151423969656,1559.3401061745346
2639.9433659972065,3,4,2532.6232408689843,0,0.9229018330517844,2128.809387894634
5229.720055543426,4,2,5919.5107623412905,4,0.03632509496593931,6962.716365753862
6977.626220152192,3,4,6832.1571971270605,4,3.8298997150853373,5021.606033420429
3696.0871770994645,3,6,3713.208684432077,2,3.968840847472501,4222.344929622367
1374.5194662351817,4,1,1556.6228682158937,4,0.8862977381222731,1362.1771817453114
3096.306508460072,3,5,3118.7317673363073,3,6.663982909770139,3003.83636633279
3087.2875343424066,3,3,2990.142021686539,0,1.0063780113425036,4093.9101040144014
4427.783481525258,4,3,5124.035998285144,3,0.028634122660880296,3609.10052091367
2876.5760424978725,4,4,3457.01185210034,2,0.9348119821771784,2377.0449044091392
3534.6721304941843,4,3,4143.322001911299,3,0.3558639987430776,4107.452420201073
2362.4108781485656,4,2,2664.3680164766456,4,2.1157129007372992,2053.1174765242527
4270.417078999412,3,5,4311.854752760214,2,1.4388646899329816,4064.1304272619436
6520.164744805284,2,9,5395.903649211459,2,11.40449884431773,5536.558791636951
715.6747808158357,3,4,686.3886980378581,1,1.5576728695071727,593.5242871893568
1690.1710014734015,4,2,1964.815476300514,3,1.160657351790036,2177.4429169780883
3344.9654898181807,3,5,3298.100460127773,1,2.042610096805515,3871.3451403784534
2805.0515731150736,3,3,2693.4144577971583,0,0.8441822882723382,2750.5595866429203
5397.989380844116,4,2,6227.79467804709,4,1.9209919856360396,6184.849520261638
3139.133831367089,4,2,3648.436853949402,4,2.44768441412259,2511.37422623956
7937.266012980923,4,3,9438.662649216507,4,3.841283066713206,10393.305567983538
3612.772208666854,2,5,2852.176510227133,0,4.827748450868432,4620.091806932131
4452.441897067706,3,3,4276.266207336653,0,0.5579054256765014,5545.032695270229
3469.5550624438306,3,4,3384.532289765024,1,0.5677490117986964,2920.6210911789103
3644.5413035284932,3,5,3670.829536866525,1,2.1347852490490262,4524.978788736132
9714.523979718884,2,8,7916.086818392137,2,5.692951310023039,11940.542708012408
2530.6165056736063,4,1,2872.0654239957503,4,1.712347684433214,2308.128800954483
975.3675855408844,3,3,927.5747227639971,0,0.7120451819415801,763.8530150888961
1359.0629403651192,4,3,1597.2998742241793,2,0.10217251502850855,976.9860599720123
7003.121555151631,3,5,6948.0980964600785,2,0.5602206100428269,10107.467507195908
1792.7848639709089,3,3,1717.0751600356045,0,0.005093559929699239,1948.9127058244428
3800.4685829760783,3,4,3684.193554624953,0,3.038314555536426,4982.138391451799
5166.561039739689,4,4,6215.046389411647,3,0.518063440090425,6308.431520995015
3291.1701595212726,2,6,2588.9809612580657,1,4.524883369490291,4209.512497476173
2716.17677973183,4,3,3164.9556146327263,4,4.393735638499848,3002.868779115587
5125.450399503098,3,6,5266.13029234363,3,6.124420642724401,5639.992803354847
7440.961695017786,4,2,8431.305149506607,4,0.9613324377497425,8496.730351298618
4734.479824396419,3,4,4703.669865410704,0,0.8100105186594949,5697.948787652158
5440.414022372937,3,5,5394.511331871063,1,3.0299607419590138,4035.9678321426118
1815.0239323855276,3,4,1744.5147141373218,2,0.5540786039400472,1498.274810638288
5525.705749155092,3,5,5621.1764845321595,3,2.0837105211388565,5058.8581295458625
2083.9193013753084,3,3,1981.8459288115691,0,2.213783887636506,2660.8656434471686
1536.4713534659602,3,5,1527.2176466115686,2,2.2339617607745073,1913.2722002031828
1382.2031365279447,3,3,1335.1627722375933,0,0.7137740955548332,1100.8574163666503
3959.4633172541353,4,1,4372.421315542498,4,0.3159288977512529,4802.784551846793
11135.040831507366,3,4,10966.642511969369,3,0.9247546892481409,14057.058193122777
4286.834608879388,3,4,4152.821207207016,1,1.4661476659179906,4352.88660166223
5491.5479544959635,4,2,6328.0122688164365,4,0.13437469968761365,4995.139622513729
7344.540386873769,3,4,7047.785644002712,1,1.3281898249257549,7710.003889504508
1981.6780560759805,4,4,2318.239300183026,2,2.0094948048200942,1480.7414155399515
2133.888663631486,3,3,2079.1099473959157,0,0.4296973600823807,2854.5543474938986
4569.796584881664,4,3,5299.891629692202,3,0.6239093108598548,3631.7315360489138
1690.1545948050305,4,2,1921.2812353554086,3,0.9829563020738822,1316.5871009015548
2954.705857416881,3,5,2984.7604706785296,1,4.002171177312382,2900.837232724534
7337.35350424864,3,5,7397.992327460331,1,2.8554040780622096,9660.355810390976
2717.090175956136,3,3,2608.7666773351807,0,0.5958263885331356,2098.3257773609475
1994.7934903332066,3,4,1930.6500437342406,1,1.5139279073225667,1423.4784141682746
3015.6278723836876,4,4,3600.598232452435,3,2.9932668496856785,3526.8546240763076
3860.240965293443,3,5,3890.5638953740427,3,4.0221100735611905,3620.874263471117
1052.1793945132822,3,5,1058.0349082456585,2,5.975093561450648,1041.8126674107195
4708.629529162664,3,4,4681.429176695988,3,3.5489566863599658,6448.956851346754
6340.14025630321,4,3,7498.884921328109,4,2.901101985701057,8752.255491477215
7519.501517764898,3,5,7395.887982203191,2,2.1501016407083737,8119.315859149675
5150.0095870551995,3,5,5201.791727652606,1,2.5232090662420603,6271.2973086513575
4322.699672733405,3,5,4388.4268462763785,2,0.28586092741203456,4999.897936128146
2096.2780370657465,3,3,1984.902146726246,0,1.657531428365377,1710.742632520387
4266.214945023944,3,4,4179.8246415720605,2,0.17480328307932944,3512.5594854656465
4154.398581546258,3,4,4137.819746706278,1,2.089442505483163,3875.62722708183
5871.416165446082,4,4,7055.7276272426125,3,1.1509979490775744,4837.674435155515
1097.2571845649045,4,1,1242.571991304366,4,0.5744826789976597,722.2909700972978
3050.196798084068,4,3,3587.915326696569,3,0.23013722189830743,3107.611289951671
5603.723739465696,4,4,6820.253615791368,2,0.13909116949040995,6383.114746018682
2730.4379725755266,3,4,2663.488256292741,2,0.33471127961124014,2123.4687048804794
2496.359059764876,3,6,2591.227082855018,2,4.900945176621794,2782.580712075443
1785.6855876495154,4,3,2053.9106415708993,2,0.5305506209743329,1422.0641008842997
7056.184663250532,3,4,6932.589177051665,1,1.881443998187664,9598.818404080343
13019.203552960123,3,4,12595.130103355366,4,4.157724019453731,15882.925169680022
7490.539200372407,3,5,7352.732134689596,2,1.0755649494198734,10399.49640683708
2427.096873039854,3,4,2337.6404881296644,2,1.193698449085436,3118.056705938762
4449.58756115219,3,5,4390.086693030319,2,1.7157956999671915,6192.241373628898
1485.6126100373124,3,4,1433.7700001622895,0,3.5782902574282467,1921.751921627117
3011.6681473116855,4,2,3454.155770149029,4,1.9593659395919223,2311.845774597737
4227.732001245576,3,4,4194.3929142608595,4,3.485801754770955,2858.7229871612917
2139.958580687557,3,4,2068.285149207024,0,2.7347833744223644,2873.20069746414
6205.966861343863,3,4,5941.371794247954,4,3.9086727879521335,5692.749959321787
4098.143262600372,4,2,4713.673507084302,4,1.0487514961056852,3512.711561957641
2631.689209654153,3,4,2605.3072199062235,2,1.0872848171575065,2824.9953627998007
3124.7208696761268,4,3,3578.2514602913707,2,0.6784438650729875,2425.239911824712
2213.4500289621064,2,5,1692.1261542084367,0,4.496832555217817,1659.2992525060451
1585.1654507813214,3,2,1488.8091578869144,0,0.7041349015656712,1243.093574572539
5806.676981442912,4,2,6589.613746611707,4,0.8903621241893274,6784.798064016636
2006.083536208869,3,4,1953.740426794521,2,0.7229634798753839,1510.67190477894
4447.791716978193,4,2,5037.091299242786,4,3.344342900392889,6246.977078382719
3788.695842800593,3,3,3587.6812342787425,0,0.16554199663753558,4850.277701812692
3696.9107451419336,3,5,3641.1988358678404,1,1.3259192486652496,3579.269749477606
2378.1675647410348,4,4,2843.448189557196,2,1.6337654592673163,3121.764771519822
4276.745718044501,3,5,4302.065808916872,2,0.9649198535590282,4304.643577287505
6429.246198186686,4,3,7469.561643711725,4,1.9231330355716867,8836.731190164915
1553.5090542960543,4,3,1848.700746886948,2,0.11242850148546468,1520.6299637469758
7653.621970482771,3,5,7737.957795058518,4,5.901572732321124,9419.550295985207
1214.5618944146254,4,3,1421.8625461458212,3,1.4736024864116477,736.5198124442188
2854.3703779776174,3,5,2870.5340871405633,2,1.4200938598906665,2168.291409342983
1845.9085812610042,4,3,2172.3474192850867,3,2.224020869115903,1604.689564313565
1704.1465505924466,4,3,1983.984372052225,2,0.2571119259488805,1283.371347407014
6919.037442753343,4,2,7923.576651936002,4,0.5199576197611052,7648.501173933711
5715.437407684373,4,4,6796.501909348801,3,1.5506550666443437,7086.711314150225
2273.689674382741,4,3,2670.400747683393,3,0.24255655058873016,1608.220827974011
3947.7377027228395,3,4,3873.0714893428044,1,0.8969667644738405,5004.3311597027705
697.3038011864926,3,2,661.8277529693687,0,0.14688633518987712,487.46505027628916
2722.3340827516754,3,3,2650.4374136212605,0,0.3136430267698573,3567.8988661664075
5526.507967644785,4,2,6283.660163444645,4,0.19873003536583353,6759.808069595645
3280.944374436014,3,7,3410.8223401136675,2,6.6336989962747985,4449.980639141496
8690.72425447882,3,4,8614.198244850431,1,1.695642900669771,11931.850155653463
4965.5790518902895,3,5,5033.935340064062,2,1.0240347235464027,6061.6168761717845
4698.652917586665,4,4,5628.197296529122,2,0.631363477171167,3494.4259579468517
10195.042397865122,4,4,12165.710325092741,2,0.46715124610590597,13892.210029411126
10647.164033593017,3,5,10764.593391801109,2,2.31764951932446,14459.009877846009
4245.640809123407,3,4,4103.966496527271,2,0.31027033389897996,5853.005845290308
4311.795024917583,4,3,5127.801944749751,3,0.03606477822556022,3481.239743711855
5451.816381778458,3,5,5546.888811419361,2,1.336275771984685,7119.766697179692
4016.3876990092194,3,5,4019.969451227978,2,4.233720560833067,5283.2186532292235
1811.813017847222,3,5,1809.255350628118,2,3.4979758404938024,1931.9216555691532
11413.847375380443,3,5,11297.336865181238,3,3.2627347062259147,12790.188043127439
3149.8473696015094,4,3,3651.228474812393,2,0.9139187864309389,3893.3252602541997
5324.129345264503,4,3,6254.358771730881,3,0.06337438012733058,5834.720529235375
10254.378817531106,4,4,12412.576496891006,3,0.17676775014795496,11568.9974931668
3642.7491656378784,3,5,3657.9363861883467,2,1.346166322099768,3333.20978278427
5069.7322084898915,3,4,4937.696521353268,1,0.03380864953835969,6078.932450164414
2566.9737233064043,2,5,1984.6183024062734,0,4.1588397686983365,2542.19531771141
3969.4914667788175,3,4,3936.424037367652,1,0.7065879793620014,5289.513777981298
6119.198709790969,4,3,7042.289185019034,3,1.777766417990678,8331.60162281611
2207.4443391978693,2,6,1766.6038259543234,1,5.2603500858780805,1759.8054275982124
2258.7553424814982,3,3,2121.7415237232963,1,0.5011015233701175,2417.4716494115196
2765.956481726958,3,4,2734.867671870216,0,3.477261464493822,3414.0288035426133
2290.8959359829632,4,1,2563.281307945486,4,0.25109730179915296,1595.1210319729046
15059.535771972887,4,3,17891.578328083146,4,0.22560012332385082,17576.848765066323
2964.3878441705842,3,4,2842.489340059269,1,3.722339139997795,3622.7310172268894
3775.7283185451943,3,6,3902.062439017953,2,5.1896311251628315,3589.335830937904
5109.37023124345,4,3,5849.3351247096725,3,0.6889105465088944,6533.147903870537
3038.1304428063604,3,3,2897.33331185994,0,2.8823796222408755,3394.041641165077
2711.9048124888054,3,5,2660.4300878552103,2,2.7052160946034722,2786.559883970742
2424.648545358364,3,4,2414.9981437310944,1,1.1742640500459776,2441.6992629688443
9549.666467223306,4,2,10806.537069174834,4,0.9937232309790284,12291.364318344438
2650.106746697298,4,2,3050.4579567224805,1,0.11900798289660892,2757.242292134776
2108.9306064239704,3,4,2025.1266332063892,1,2.3583989010117734,2122.4814405709676
3790.893818067138,3,5,3848.037091517754,3,3.6647924032834065,4669.408002916163
3759.980380178841,3,5,3751.4497275911417,1,3.4874725558332265,5132.8652533920385
2373.9882550515886,4,4,2793.2567488321347,3,2.5681165934620593,2077.807647334946
1179.6465970907668,2,5,909.0357140432394,0,5.243835703059002,1163.8700086626318
1548.2146043853318,3,3,1479.869484719644,0,0.46181766683048964,1024.5500074405697
4559.8276731164415,3,5,4483.993887039407,3,3.739081299920626,4314.874694595455
5249.538875598426,4,4,6155.260854807174,2,0.29575070277653853,6759.866010017087
4755.958876206851,3,3,4476.700351073624,0,0.3401638159276878,5446.903773729864
4748.419514309975,2,7,3768.001668568597,3,8.871932429811954,6055.129896483134
4073.20816475312,4,3,4755.325965500171,3,1.3643968013792818,3762.9391033061993
3865.3278568162855,3,4,3780.6162232530573,1,1.5027472479719477,5481.952680094235
3634.5400647891147,4,3,4326.797294158512,3,0.2222219055861247,4827.426878026195
4015.9731363764727,4,2,4669.746115724754,4,2.00670746307536,3599.9809173244107
12418.506897454443,4,4,14531.237963312573,2,0.24361267036137607,17186.836325330056
1730.6418722714293,2,6,1363.7210923975715,0,9.474216027233501,1984.0645907653457
7025.250375460564,3,4,6886.567828350862,1,1.9837123197852704,9458.151307420556
2418.865399353777,3,4,2316.1478249590136,1,1.7017569623663868,2154.361711908174
2421.2404987389987,3,5,2393.5133289402465,1,2.4955971257370266,1970.9056866733263
5198.934523446285,3,4,5137.139438601151,2,0.09665906018381,6029.199836914897
8160.851037753488,3,5,7993.935867817754,2,1.678323199933393,10277.095793799344
5435.532073491061,4,2,6114.393360503676,4,1.3958547125304286,5549.805103140146
4391.549328031495,4,4,5200.566840763037,2,0.8637606630482599,5405.378615069001
3621.146582324415,3,4,3567.7090390190688,1,2.0275360348482017,3553.2550452045443
4900.564073263436,2,7,3999.0100825537365,2,6.470986764560507,5459.591355592219
6212.706324619537,3,6,6381.445833955805,2,3.9986943647945323,8182.940295540054
4225.013265295321,4,4,5125.951738385463,3,1.70850419553181,3965.888692280972
4144.976848755731,3,4,4051.4700252022426,2,1.3077529838559472,4881.082445239585
3874.4507943185595,3,5,3826.896282931674,3,3.2068599492383107,3083.669408269874
2079.9045680924482,4,3,2451.463776083463,2,0.2890894734943629,1654.9135947049688
7554.743048356032,3,6,7639.887607563676,3,4.189471285893431,9495.132288778761
3391.4367144391927,3,4,3310.9938520535,1,0.5551611561934422,3167.7754632046776
2473.118638558626,3,3,2392.895394302712,0,1.1179533380060238,2668.8789384162887
3209.025097139981,3,6,3217.147946268594,4,10.799578683912125,2507.1190178051174
1846.9217634031202,4,3,2195.354215074096,1,0.33179104224100125,1523.2641790046985
8372.458127517919,4,4,9964.632774639134,2,0.405362011112574,8492.732325996996
922.0309676923729,3,3,874.3306825690714,0,2.870527744784608,661.17177659625
8302.455986542209,4,4,9946.947262749376,3,1.0506661696148945,8925.41035769182
972.9942588354454,3,3,947.6156221131868,0,2.357419109485298,751.6224929143093
5291.116808244109,3,4,5234.728584670321,3,2.615154862484052,6034.223698931081
13613.88429502965,4,2,15836.479116213175,4,0.30420799472848253,18532.207719108694
1159.7446996262781,3,3,1109.2952329673342,0,2.644881289181436,1008.1682500495994
2639.6508463597593,4,3,3136.7576067911154,2,0.3567227567844158,2470.550623703516
3553.0020630404497,4,4,4313.199722251587,2,1.2886362013147972,3996.0540877684857
5699.451535201066,3,5,5696.481374458006,2,1.977846672091978,6182.6314261429225
3735.5885498859025,4,2,4291.402039174259,4,0.9796696046486583,3360.824983595357
2860.1752656166054,4,2,3233.454170557031,4,2.966571618784963,2671.1855718874385
2791.4267327113985,4,2,3124.954623586423,4,1.1185624218511259,2343.637293616504
3515.912087816482,3,3,3327.519479555993,1,0.29583027240751547,4127.704217031669
6402.500441529573,3,4,6285.0327388939895,3,1.7155850001227597,8045.5374563482155
4396.214037991697,3,4,4265.051046569075,1,0.2723119092661733,5655.855232516167
2258.8599370197408,4,2,2531.1564283580383,4,0.3399717896958078,1892.0469509612271
3106.1920980544155,3,4,2988.348727051321,0,1.7028745475366207,2787.525035511173
3753.539671857157,3,5,3687.0686413097424,1,3.8755183873766055,3656.0493925215765
2871.0584119906116,3,4,2836.592490005804,2,0.06437910644587165,1660.9681638382551
2412.4497317945834,3,4,2339.15475062767,1,1.6429792443116467,3057.622768638855
2102.161846697219,3,4,2017.710218865622,0,3.5336816043306576,2888.634215987115
6902.414317002871,3,4,6874.417535205907,3,2.5161483199281798,9909.293418703593
6321.06916764703,3,6,6523.251005047755,3,4.221222644559426,4970.449723970224
7502.09012857387,4,3,8775.826210550478,3,0.849003392429273,6752.068336514689
3931.938808782797,3,7,4122.668551892272,3,8.51137978559046,3750.4180613876592
3144.253159378009,3,3,2971.50688517908,0,0.32901059901453117,4125.591045598673
6885.6914461681445,2,5,5307.363362125917,0,3.67752850615279,6555.590402900403
7430.340050111617,3,5,7459.8654777799275,1,1.9198441278300133,8066.08773071852
6177.336906393349,4,4,7515.002992810987,3,1.9656979839847137,8187.731426709094
12085.490404655242,3,5,12187.120168872752,3,1.8116237782908962,13444.208305085176
6020.065973021106,4,2,6812.596795232535,4,1.1581143484619933,7510.010499472292
9306.541085412982,4,3,11078.644496374805,4,2.2041837567669393,11217.799981633432
820.7161519545973,3,4,793.1139424532779,1,2.805142048863597,588.7730911950192
5450.355616629928,4,4,6518.313873021871,3,1.1540510140018563,5417.5578921605675
3144.0691797609975,3,3,3048.187301375066,0,0.3336728415015708,4340.306354088087
6509.925389540087,3,5,6519.404154993733,2,1.713924810670793,5838.89802302638
1523.3916721896933,3,3,1449.832341195497,0,1.726721141364126,1460.0763750267888
5077.677132283553,4,2,5845.65617959684,4,0.6033492820979073,3538.968900787963
4761.1619897972905,3,4,4589.776398492729,1,0.7305671721252183,4596.448438409968
8543.905737846966,4,3,10016.780678496654,4,2.689084660530051,8521.009283007397
6092.3283652721275,4,4,7209.43363004618,3,1.195409958524402,6396.329316179059
5079.3242809197145,3,5,4995.726937388016,2,1.9868899510395095,6209.183238013935
3071.2205598278724,3,3,2959.595122392176,0,0.5339375258090142,3171.96744254618
3725.753707879472,4,3,4281.740789728546,3,0.4078696095471177,3357.4857718324733
3660.3720626071845,3,4,3613.342091386364,1,1.3053512844521797,3274.5109173562696
5154.810836878678,3,4,5075.861833428453,1,1.2651745360426192,6892.097028113556
3085.1700949768697,4,2,3580.985692306241,4,2.4514845965206145,4143.630389878107
5384.925968650571,4,3,6387.112473706561,4,1.5902420717057038,5680.147067031186
1676.2278244469558,2,6,1327.8110249884005,0,6.374683527114383,2009.4387323694189
3267.4600802179793,3,4,3245.207825846269,0,1.8867470437887766,3487.315670114642
1904.0637050813227,3,3,1838.1938151194654,0,0.2887326843250466,1315.6431665155108
3343.441547889534,3,4,3270.7500804265064,1,0.09660317193075516,3110.7436126760626
8410.500726897411,4,4,10152.559584269959,3,0.6473893596235955,8817.879668008758
839.4634114662571,2,6,673.1673530117394,0,9.497734086771638,558.9499434483625
3669.1326262505772,4,1,4073.3133776284244,4,0.2257590796044965,4771.200232750895
7699.635470829778,4,2,8645.7025735061,4,0.6957475217544294,8404.592714269083
5893.7167168168235,3,4,5693.781175375221,0,0.5077363784940628,8053.054429866469
7081.634066650622,4,2,8158.003157531279,4,0.508411114792413,9535.050492429396
3294.75726651281,3,5,3317.1408052560523,1,3.9915597372651153,3185.848796995658
2816.99255461799,4,4,3413.9023499593095,2,0.561623228265968,2872.4710724267325
5575.841327644871,3,5,5590.092014659771,2,3.03989074427075,6666.99426475248
4194.072238267313,4,4,5028.495546182262,2,1.4469265579656592,4398.025983025112
1746.5609373979303,3,3,1676.587052376368,0,0.5551539373133895,1216.1315904239166
1663.7372896164877,4,3,1951.550917525857,3,1.3727290061820003,1135.8978694204243
2222.7495600618013,3,5,2206.500146550657,2,2.7810241108531293,1929.6129253011088
2238.0264817840725,3,5,2203.136573689259,2,4.193852382690266,3025.8908086814545
13572.481907443449,4,2,15658.507615055887,4,1.5407127951890343,18308.158291450058
1601.6119105221092,3,3,1528.9398827518874,1,0.771841250762134,2128.5890265721973
2515.3392884767413,3,5,2470.5448354338746,1,4.723372039632371,2221.3019140895876
3471.6667328243298,4,3,4030.9512899601473,2,0.20394989764201504,4760.442308203835
2680.9051800085253,3,4,2657.562676362158,1,1.7595854602631082,2434.3575763821195
6006.675367050601,3,5,5997.53930588142,2,2.805611838661922,8348.393393319764
2110.2708946422604,4,3,2462.2348606624028,3,0.08874541554601369,2649.0294431932157
2603.6597893612498,3,3,2490.615999830367,0,2.5907044938946884,3545.515049233478
3058.2163210826725,4,3,3574.209419966052,3,1.3905717764099006,3206.2450972714355
2907.4328184832325,3,4,2893.059067149313,1,1.0348836199409621,3615.7951760663173
1079.9073316484912,3,3,1035.1238739325663,0,2.3202192039178957,839.8935042275356
5828.102828097867,3,5,5904.804614884356,2,1.6269967869005635,7150.991593375118
6320.874060785497,4,2,7322.9325761125965,4,1.169660246722468,5785.863960680236
1525.7468197186536,3,3,1438.5524980204382,0,0.8627083324631366,1381.9163120597193
12799.577815027873,3,5,12734.907120616834,3,1.537522495496428,18319.110586672185
4126.967731312146,3,5,4128.165611473632,2,1.9241516705617752,3076.133852145082
5474.777592665331,3,5,5369.896047893415,3,4.093009068785318,7416.995593420324
1481.2940755703664,3,3,1418.8762035573293,0,1.3606877532834392,1284.0796034708442
3444.8084400689436,4,4,4049.717226275049,2,0.7552982729506911,3779.2332496192075
3840.680635001765,3,5,3756.683972721015,2,1.045840117755412,4207.241386993523
5292.640817012853,4,3,6252.170804082777,3,0.6136620424627734,5555.310493904935
2613.0008601498857,3,5,2584.231539024395,2,3.0145985706771126,2066.6514087948985
4522.211407591639,4,1,4991.1787197652975,4,0.5538961617891515,4630.7108968484035
6519.854749390843,4,2,7374.533979654289,4,1.2633268658618209,8633.093081594647
7972.297185413668,4,3,9335.805450150337,4,2.022107074889307,9598.887919333802
1750.0453534354767,3,5,1724.6762602858114,1,3.3147477228140265,1282.2598220164812
5835.138235930814,3,5,5765.077267893167,2,1.935253824631776,6960.625623893518
1606.013196471136,3,4,1581.5976181114318,2,1.6035927544943631,1192.9668706881905
9728.32315886547,4,4,11488.48658436326,3,0.6762483499618742,8300.159699576823
4963.043831885578,4,2,5753.077054938054,4,0.28592583317896775,4389.51527691903
1043.5073180288498,3,4,1007.8846602711538,1,0.8592260039310512,1080.2098171579798
4934.805821740717,4,2,5543.083988303724,4,0.5239312238121341,5779.324544841337
4031.395461443239,3,5,4004.638311276386,1,3.3348152915638205,5217.054631154786
3194.1088615102035,3,4,3163.7528292557136,1,2.3226152844935326,2583.629876903
4180.761420081947,4,1,4683.6470663172695,4,0.041553170338586194,5094.798824069759
3337.657175634585,4,4,3937.342897385355,3,1.5556204134545102,3313.190504224681
4835.741112086692,4,2,5571.625534200937,4,1.3892318627976272,4698.519627407191
5313.641097005175,4,2,5992.077758196629,4,0.7410984416243351,4476.8311186616775
7018.0779413998425,4,2,7878.237691222391,4,0.7422055199396617,8472.532933094382
2452.6369250282833,3,4,2399.976727595179,1,2.3308372703724753,2003.0161877891267
1615.5670784924826,3,4,1554.3559222080821,1,3.509887008714737,1809.3611455131047
6260.181267658151,4,2,7202.659329808825,4,2.3095428124174857,6348.482858459917
1264.817329458686,3,3,1230.8937025730772,1,1.1979142108170324,1054.5363058734506
7056.566139224288,3,5,6989.554432541544,3,3.055638515002245,9441.971068767674
6816.003414465666,3,4,6642.170271956256,1,0.5714556626663814,8800.711233101945
1058.0291819215288,2,4,798.5932923401191,0,4.205855952159454,1041.8030925292449
3559.3520167851193,3,4,3499.322770870952,1,0.12912079032459178,4116.334199213895
3840.657266513184,3,4,3740.7607153058602,3,1.8371422358405813,3821.918001885455
2851.710511093643,3,4,2735.9194693821237,1,1.0941530346576134,2032.1413416361836
3315.334068077258,4,2,3762.8315588574687,4,0.588477953149812,2287.4099690780367
8277.765660061217,3,5,8418.38319060416,3,3.2255321253962927,11231.779007395475
3440.8462015504774,3,5,3405.0143365261765,1,2.5668705122957323,3226.5811199470672
7395.893654033747,4,3,8725.823776116738,4,1.808195080648513,5222.7726368927215
3052.5746155735683,4,4,3627.0657055060815,3,2.3663644437028433,3341.941158123063
8315.399146214422,3,4,7971.997550783599,1,0.20727435418024404,10914.406361737556
5776.671527822908,3,6,5910.029592211569,3,5.312436913093886,5095.931590297083
3462.8328031217393,3,3,3358.877105828713,0,0.7975454994708756,4667.629780883548
4442.803618963086,3,4,4257.707905347905,0,2.0828639197802477,5751.271943644905
3664.1447045925115,4,3,4193.986154475827,3,0.6171213388635803,3558.8329230915424
10314.731981762856,3,5,10266.387028774185,4,5.520832914036341,13834.399121031029
4010.130551947203,3,5,3958.6392332986406,2,2.4799599348752785,5406.2799408135525
3210.471996318861,4,3,3710.5327504218913,3,1.4038195233214943,3283.9080069824636
3915.8689748319025,4,4,4618.226714769667,3,2.855701222065158,3668.6935416700817
19831.324173037483,4,3,22750.053383247294,4,0.5038523816095837,25689.14882415602
2972.8959278892457,4,3,3420.546602166894,3,0.41759534767316026,2170.4730338326435
6057.437430332424,4,4,7152.996880482658,3,1.4109286907997864,6556.251694971163
1847.2672716348543,3,4,1795.8804640361932,1,2.069978485181643,1484.567468665934
7961.889691299238,4,4,9681.14689437588,3,1.1815483151337276,8063.8821488929525
9823.759864085017,3,4,9676.122838284522,3,1.2544801185969183,13875.51526006723
982.7398595751549,3,3,920.383712069844,0,0.9205527524593142,1330.7640431498664
7304.27008781676,4,3,8645.670317916374,3,1.2818335868094546,6184.032649381608
4537.678702632767,4,2,5181.917028670643,4,0.31188403734790193,4426.6171345258335
2965.3735492429164,4,4,3507.571415222845,3,2.1144150888855617,2173.395635872866
4449.054566572108,4,4,5266.622297734929,2,0.10360651206826245,5941.90876571168
4401.223725163526,4,3,5082.829404197036,3,0.848155415772946,5320.329848050435
4355.74111972241,3,5,4332.597856777977,2,1.666927289495225,5038.960314818446
6028.3604417951055,4,3,7052.876521124217,4,3.613867279943261,7310.008910957292
3404.522446723162,4,3,3912.1754722718624,3,0.5649231292746582,4198.400191208259
2929.152901279038,2,6,2300.867479108184,0,4.766027755891139,4055.9857800402588
1968.5822727079417,2,5,1503.4359282464143,0,5.496076896683398,1521.638024162513
490.7784366407372,3,3,473.0660846196067,1,1.6053984330157125,418.765771358111
4613.4836191142695,4,3,5282.624465320507,3,2.417703217547764,6210.830698947613
2908.864938163883,2,5,2255.773821878503,0,4.81151095262328,3951.5155141586797
1364.4208482662712,4,4,1609.5128004487794,2,0.6477642241470964,1188.9293138490266
12830.82206393178,4,2,14658.673340407211,4,0.15944847193732173,17192.83617318954
4124.411139968529,4,3,4828.753560368933,3,0.3545703384403453,4232.503476095604
1685.2450542655495,3,4,1636.9731754648822,1,1.2265100536423192,1713.8241071170603
3089.960174748764,3,4,3025.344751143807,0,0.5620297273587135,3071.7817337347547
5194.611809508467,4,2,5832.2062213321215,4,1.3660305767185326,5472.486547323772
2697.710142894154,4,3,3186.439289827123,3,0.3108143822039834,2850.6538248248708
2120.882815143471,3,4,2053.2673996220087,0,1.938384686809101,2644.4977405001428
2149.585195173352,2,4,1661.763009998062,0,3.2903471508416757,1599.2685317040086
6970.930870080602,3,6,7020.852525248337,3,6.096957917580317,7246.110754258713
4522.249159113471,3,4,4375.9647144247865,1,0.46948944952164423,4371.854996029197
3377.9476511481853,4,4,4038.9682475394875,2,0.09330961788304942,2395.3810895481647
4715.940162445724,3,5,4782.271515569116,2,2.6634960374310186,6609.954802387588
7834.2048642774325,3,4,7700.767592589686,4,4.500976307057884,6388.101233518659
2191.039736012464,4,1,2484.9722816358462,4,0.8479986529182617,1595.4595500378002
8660.412226668748,4,4,10480.453403600295,3,1.6503586690352716,11270.09064339997
3812.540086884592,3,3,3712.326459863446,1,0.060469914646322495,4998.547978960547
1716.7079994050243,2,6,1382.6648562295534,0,7.513870090039213,1705.1250421582156
2784.8917301225633,4,4,3270.0238969621137,3,1.6230590845439872,2966.2967334650184
5358.933278063974,4,2,6145.9190270679865,4,2.1269637000553994,4414.416864260559
7659.727356274505,4,2,8762.96493306699,4,0.36360256470777946,6347.549869135514
4200.719077135173,3,4,4034.0830720480485,2,1.5186740209656275,4358.5348917933325
1666.800599569889,4,4,1964.9923666243194,2,2.5258235058039435,1353.9184340417842
2907.1162233408986,3,4,2792.116823436064,2,1.4214427662617501,2961.677485795398
2133.8079047678243,3,3,2007.5931315849757,4,5.1050549724975935,1602.8996186160748
2523.939133170701,3,4,2507.9805147218276,1,3.478449035714125,2606.1860667857522
3827.0988081548976,4,1,4244.599224523585,4,0.23678642973326297,2816.2290123152316
3783.806709920956,3,5,3812.999024518341,4,9.983173570335426,2536.1374852201675
4647.982546479228,3,4,4497.105004463741,2,0.34405616714150106,5740.883015726131
4753.268670645501,4,3,5483.729452305012,3,0.36594667951793597,5629.261061517948
4939.262221407787,3,5,4925.288132157717,2,1.4875673658623758,6799.187733423438
864.646258424692,4,3,1015.733977915263,2,0.8134233655853488,717.9213310913339
3667.990556595969,3,6,3715.1105651493367,2,5.195835913767095,4307.420013865684
4522.431211659864,3,5,4466.401145563878,3,2.6053927546868705,4624.172613688501
3765.994500410189,4,2,4281.917063468688,4,2.397906206953361,2883.6718652714385
4093.2488977753587,4,3,4867.982428125573,3,0.06630432137412892,3540.3617152531256
1869.722083093205,3,3,1793.95554247695,0,0.027394447767476925,1476.3958681890022
2547.6503733991767,4,4,3006.061201887481,2,1.475145483731359,2424.22448930309
5223.584576370973,3,5,5184.855856243692,2,0.18944079651140716,5203.8200538285255
1460.2617943767145,4,1,1607.3912890250945,4,0.24551309603491658,1150.3094655870857
2186.2586254046337,3,6,2206.899108934868,2,3.2032828991074007,1534.9251297447333
3286.3686057422533,3,5,3312.0399523191654,2,4.814255022115275,3688.7866936117425
2041.43559451631,3,5,2067.023107980441,2,0.9317509172552404,1635.9847569528938
5832.578442274482,3,5,5868.17804237556,2,2.739661252656606,8070.569129645715
4034.0728346556048,4,2,4584.458594593235,4,0.4265362478882624,3371.67987458894
1057.0073236551393,4,2,1203.3661050144517,1,0.433189242476584,1091.5894047014988
5403.9305006012555,3,4,5214.285956562314,1,1.5996873822165287,4486.46872457491
5467.686124747896,3,4,5306.867752458529,1,1.563236213069417,3761.4424528645873
5627.160890906,4,4,6748.959358532321,2,0.49652479286586526,7290.310062824486
3098.8570422869784,4,3,3668.441775489496,3,1.6310138388618047,2639.8493836017124
3706.63109778792,4,1,4153.955345534727,4,0.07913170737235942,4470.765419253834
3641.701796661571,3,5,3685.4769890683256,1,2.8579548810807314,3307.8157298120755
5177.190015668625,3,4,5059.0402146963725,1,0.3024691170268603,6073.662702342718
8442.386009658889,3,5,8257.634125749319,3,3.8459545084025937,10944.499211144535
2090.495699865588,4,3,2426.043706804769,3,1.7910432672116443,1961.4996070456468
1022.7250333966645,3,3,984.7347261510888,0,2.476878750505611,801.5867763998581
3566.049998309132,4,2,4125.344798239379,4,2.376567842737861,3036.372947000694
2399.911787753448,3,3,2285.0696319065087,0,0.07071293822611673,2039.6261024528937
4357.198452792877,3,6,4466.693878266279,2,4.249799610578077,5481.052576921951
4638.388636168531,3,4,4509.298157590342,1,1.8503774956026233,4251.083196547975
3583.200382812662,3,4,3497.8266142023676,1,2.000676081227098,4240.741164218525
1903.0481005054332,4,2,2216.7136629162173,1,0.43759539062924424,2373.2911879077315
1331.6622984588932,2,5,1042.1896980910385,0,4.546766736063598,1534.7552800538092
2549.293028021662,3,4,2534.9669069358706,1,0.8133683914343408,3227.0169584340806
7712.1675414666715,3,3,7439.299461038365,4,2.869314469677262,10317.153845070183
5605.436311004909,3,6,5761.981138169138,3,6.138728304382655,6371.969949301286
8777.812467549713,4,2,9919.882198698702,4,0.6933695546771306,12374.989571005526
6782.830694489298,3,5,6867.476139991424,2,1.739928198153315,8113.980454078039
12619.234730078288,4,2,14535.28074259832,4,0.44426700299822103,15617.314561027337
5312.512867973899,3,6,5316.575311497339,3,5.745666668147955,7231.546107355905
9446.57648204026,4,2,10736.480486623015,4,1.6707162936203963,13210.347996494038
1721.061685392138,3,6,1754.7505705403519,2,4.880965122290803,1719.607245217255
1665.694255027198,3,4,1641.2132185613307,0,4.4512380557295295,2067.6408384780752
5411.375528701421,4,4,6537.543570680074,3,1.33709679400492,4616.639913917138
8262.332368944131,3,5,8141.847183795761,1,0.6486863869174793,11628.255995414309
1948.1380702844906,3,3,1877.433080430561,0,1.9538032953022044,2343.7930953194978
3257.4096024895994,3,5,3245.448696501659,2,1.9967118187046449,3309.7245018092754
3137.73758847582,4,2,3619.9788753810635,4,0.839441848206407,3054.447813317024
5307.7111791785655,4,3,6176.168360906832,3,1.4447549535904032,6639.474740842593
6480.658351844754,4,4,7659.83777628646,2,0.8242776576642404,8694.630904617137
6294.815462363258,4,3,7246.240414198407,4,1.4990508344761149,5678.78458737168
2660.6660620742264,3,3,2592.1844271191394,0,1.574466825076352,3399.2183116576402
5552.209257615848,3,4,5403.384293505116,1,0.3980089536618137,6894.510801263891
1473.8744549349951,3,4,1433.7784960654076,0,4.677096158249534,1417.7814901163117
2991.333093619662,4,3,3491.3143078859725,3,0.6225595778945087,3662.813583625421
2263.581983018432,3,3,2128.6163384316546,0,0.2138572342713325,2785.4464388173437
4354.745964814115,3,5,4367.059995478357,3,3.9973627910908096,3518.280464798145
4880.554146705762,3,4,4833.469081456185,0,2.490311562356736,6393.377039926054
5188.6697041929065,3,4,4993.8536868047495,4,3.2740488277211823,5330.124971193193
6346.322155007215,3,5,6429.328432574293,3,2.4448454935209627,7132.824487204277
4236.965332050714,3,3,4047.3747018254667,1,0.2711495294188913,5035.406173012021
1819.2077524867516,3,4,1774.446627331203,1,2.062831172159943,1577.76092682367
5751.148681497765,3,4,5578.233487368748,1,0.1480737440676793,4078.530714207493
6998.528449388582,4,3,8256.856923964637,3,0.19783059205651574,7342.672647800993
3956.4739851561726,3,6,3984.7652583652584,2,4.968044942593866,5337.5862148625365
5360.212275097743,4,4,6326.535386339232,3,1.0393738688752525,6336.9019136148645
5420.414453468186,3,4,5332.754213667341,4,6.052501700460416,4337.021431200097
3108.153282506341,3,5,3130.5058893285473,2,1.9807646183790475,3103.854785483892
6879.300102595869,4,3,7898.603470474004,4,1.0704249382322772,7514.887269450453
3413.2386634610593,4,3,4049.1039465837907,3,0.8011141139645478,4094.6715580968457
2911.6777931430106,3,4,2799.083977030914,0,2.9942531637664787,2689.653825558583
9962.884376280259,4,2,11295.094902103898,4,1.7991366890880793,11640.291623005092
1972.948564462803,3,5,1996.666087622286,2,2.8140483245035894,2175.093683074823
2267.8215635390347,4,2,2574.1925292214482,3,0.22791774126366546,1871.5364871797074
3448.5619668120344,3,4,3333.979222261841,0,2.3664133161257226,4115.183100301018
3064.918553791113,3,3,2936.399683478615,0,0.814277936501484,3170.926562302703
4919.344650160707,3,5,4918.4616494102365,2,2.277796715941458,6571.7218251352515
3740.0357699700066,3,4,3642.677984993897,1,0.46773016281220237,5092.350540710698
9849.806146474266,4,2,11158.70689003929,4,1.383599777031552,11611.98353500845
3876.129363789962,3,4,3795.6653574463808,1,1.5455605162743167,3679.105846158494
7414.204269856521,4,2,8602.672002028346,4,0.9137451537211653,7521.4706288594625
6064.647637642557,3,6,6081.51164674557,3,4.290838842165073,6348.9841797787185
4770.4124904808405,4,2,5472.831100316835,4,2.2876218031582876,5239.91065009688
4624.252133600431,3,4,4427.8381012395,0,0.8844202524677551,6482.512490318579
5305.616359690816,4,2,5951.596360139807,4,1.9359562356103828,5453.868901640461
511.52577851247503,3,2,469.0938475605274,0,0.17702740580348225,427.7683798670536
6525.078132739022,3,5,6499.346523142549,2,1.2932382247650753,9163.319585911791
4009.7842732772415,4,3,4603.633181760654,2,0.3796224192210889,5224.894082128924
5132.647418697515,3,4,5007.586910080046,1,0.1674536521470515,7045.194260840992
3232.553790023379,4,3,3841.1953694823565,3,1.6671976689412267,3626.17534979832
13483.52140374806,4,3,15861.788414249619,4,0.32694995664341114,17856.7755875222
3910.4562777093843,3,5,3892.3323516221785,3,3.338861081213579,3572.759687986312
3275.980873205532,4,4,3986.9911010085675,3,1.8913396743877586,3455.573898021861
4337.414367055027,3,4,4169.645897628099,1,1.5861474670961835,5450.0057360001265
1387.336397961669,3,3,1321.9851227448503,0,1.2056730442852612,1068.1565552225043
3154.839011619561,3,5,3094.141170445408,1,1.600985210643526,2706.224399704108
6430.2327222121685,4,2,7216.935945282362,4,1.2773822524419078,8679.443732371801
6105.162982844318,3,5,6119.199249985456,1,1.0484783323725817,7477.329898925344
1271.0873631072866,3,3,1202.656813258172,0,0.5231626758598548,1613.3069694652977
2121.926889267921,3,3,2023.8227848604,0,1.9772688688148445,1980.9965491502555
6796.073422690083,4,3,7813.546130607385,4,1.641397007118384,6071.838295541007
2850.2573132363095,3,3,2712.9479840781287,0,0.031219959456763625,3337.087044993406
4897.265490699319,3,5,4885.522682441,2,1.1608370772280974,5673.448073996072
5573.6309265393575,3,4,5521.822418449386,4,5.469400690713125,5617.1843734511785
3857.421748535072,4,4,4524.589304585244,3,2.2155048648323583,2929.6651395001686
5768.495882477557,3,5,5830.029159973025,2,1.9060706009987058,3847.9599662655346
2828.4596109762538,4,3,3335.5168106111805,3,1.8164833545926775,3048.376197464602
11622.527749656809,3,4,11336.690879391772,3,0.7255836306982618,14649.892507173023
1457.9827622184034,3,4,1402.7950887093466,1,1.4606082510382528,1232.5688028904533
1039.3101538094493,3,4,1021.0323776760833,1,2.4307310185831414,714.6470669674571
2917.078686364082,3,4,2849.332393859296,1,0.5418249662282638,2665.1639746168157
5314.620080418597,4,2,5989.33334197259,4,1.8525552727883539,3439.7626702339553
1445.5166204062866,3,3,1376.5038743915288,0,2.8850028538735737,1649.4267904699561
4435.166219506014,4,2,5072.388706825629,4,0.7258433450953257,5468.365476066465
7240.162134364206,3,4,7083.202054454241,1,0.3249605392777004,9869.331813597177
7599.962305895297,4,4,8970.76882979134,3,1.6037018033939157,9889.997061843576
1487.6754682851383,3,3,1445.8432138221638,0,1.6986914617361901,1242.2220386275837
5325.194519144354,3,4,5118.106445442575,1,0.1833431703198228,5164.937575694966
1890.6388022694346,3,4,1846.99988233525,1,1.987503322890709,2191.4339500074525
3944.760953794902,3,4,3795.0211627830777,1,1.29434521523522,3075.966832105776
840.3887637116728,3,2,796.9998825869595,0,0.06442337146073629,683.3784339116338
4794.669454445061,3,6,4840.799597255731,2,3.1334704666310285,4783.185252227616
3124.3843310464317,3,4,3080.3460492185895,1,0.12794249731328344,3594.363850330478
3971.6260716986617,3,4,3823.121303493863,1,1.1034796999378722,3751.00128572783
4812.574003194653,4,2,5470.609463409106,4,1.8908587207437662,5847.978496945535
1186.0148677600898,3,3,1112.4312470667526,0,0.7177571994907973,737.4661918797792
5386.231124335893,4,3,6332.84094406974,3,1.3706900771794215,5656.592465508977
4686.663954826956,3,4,4492.868835820579,2,0.7685607569555273,5649.402551673635
3433.590446476687,4,3,4060.649125341152,4,1.9592698380206488,3767.1116726273885
3326.4512317806307,3,4,3262.2764333558744,2,0.944677295842898,2508.7319846125424
3224.9153369132837,3,5,3280.4655435643235,2,3.2041681986088926,3245.674868132817
4821.0063757094695,3,4,4634.232418178993,1,0.05665981563957339,5810.886202796152
2867.0941069732507,3,4,2776.2509709848737,1,1.5466248401894038,2093.1335231181724
1708.993712011742,3,4,1637.033537853004,0,2.717956447461167,1441.244353467793
3864.4898950097167,4,2,4451.810241747378,4,0.670975567535557,2769.293227178459
2536.186065993031,3,3,2428.798138243786,0,1.8332418089428928,2564.2771934635166
4560.054091196786,4,3,5277.757867081508,4,3.254027514716433,5575.799587099654
6696.119939617017,3,5,6794.413438766716,1,3.3526701491041084,8690.678044770524
1811.5110434104133,3,5,1820.1241875334106,1,4.709514879229329,2079.038291968738
5164.878545655597,4,4,6228.963357139207,3,1.9372099433530365,3948.9844485767667
3523.9767018197826,4,4,4177.528672076019,2,0.2516431981482684,5119.346328729039
2760.711001080499,3,3,2618.42681366592,0,1.6000295200312753,2146.530360476596
8218.14870589079,3,4,7897.220014385211,1,0.7848694842282798,10319.105503078963
2924.9591705417965,3,4,2849.703904008451,1,1.040838264093947,3624.5939947830248
4461.356969670914,3,6,4583.199505265065,2,2.740142930182485,3527.119967792084
5079.766571482636,4,2,5708.540527299018,4,1.02809334276542,4491.179277529121
3758.2942607405926,3,3,3608.8140290474576,0,1.3625075382158163,4593.843525606898
2796.4413119302844,3,4,2776.8555658582977,1,2.267472292026096,2053.7403103750685
1759.148260511864,4,3,2039.4214359889345,2,0.8453428162226663,1494.9771942593088
4401.174875934285,4,2,4985.713696847834,4,1.2321329837300112,4104.890785815502
1874.4986353840327,3,3,1759.4615948175278,0,1.24077243580373,2587.9855697259663
7808.105035617971,4,4,9393.43684423535,3,1.2145785225164292,6695.704118015503
4941.708446866724,3,5,4857.355587619846,3,3.837998180691718,5379.602210684632
3212.070763790717,4,3,3775.9746152909174,3,0.3250383957861675,3475.6990073321745
2490.7197929837016,2,6,1960.9879456844599,1,6.3546869192278805,2839.9083792678084
3659.5487971778907,3,4,3621.787924431497,1,0.9944551015071926,3143.7832494357226
6449.779709052221,3,4,6215.749250332262,1,1.403086064535715,7831.876607831177
1205.3039601544465,4,2,1388.6937011647078,3,0.13156431591427342,1175.630325865626
2761.4887550248372,2,8,2290.6257184352917,2,11.893613314140204,2314.109788579756
1563.6435561357714,3,4,1551.3949463515698,1,0.1412736528273409,1829.4602322096418
1994.8922251337822,4,3,2294.881604174759,2,0.305740217074798,2386.920503438475
2158.918059283618,3,3,2045.0119199952615,0,2.345314894250562,2058.8940978250757
2264.406151183699,3,4,2199.4991537351248,0,1.6781121239162757,1670.162242080545
3376.5884611906786,3,6,3493.7773988469935,2,6.170675729246837,2651.186670593871
14706.070933566334,3,4,14140.155196888056,4,2.5817957307408914,17442.927179286995
2134.1428134222406,2,6,1700.7632991720482,0,6.305593746873714,2406.618724537756
8048.3533413090445,4,3,9438.82562799363,4,1.2253896118687386,5720.306090567186
1991.0124791620838,2,5,1568.6151954913669,0,4.3991340507269605,2641.3680773441665
4015.485214223493,4,1,4429.005698863014,4,0.8034949046017953,3216.896061912119
7120.367745384927,4,2,8199.270525834916,4,0.21061434400116852,8121.960136273537
1413.3710411523177,3,3,1346.1154273303316,0,0.731149355209667,864.7867459820917
3736.4373464475057,3,5,3718.329289417909,2,1.061511566415667,5255.953938209763
1716.4749199584069,2,5,1356.1117608076518,0,4.878555642591895,1758.4120192204489
3437.144930582688,4,2,3918.0133398424928,4,1.5350378471449049,3196.0517352378674
5015.840213879421,4,3,5823.277270651742,4,2.0395226931336876,3832.2214395405163
4858.1013949508115,4,3,5754.272392780117,2,0.08429644664352161,4772.417463587069
2580.0451005495765,2,4,1954.6755295921107,0,3.0223075028966484,2100.922678985098
4076.1848691256528,2,7,3309.8883098044153,3,7.785859664497207,3783.506067873406
2812.8453719405948,3,4,2709.4584398268294,1,0.9348021880404896,1919.072095716544
5216.908848571651,3,5,5229.192697063373,3,2.898078940627685,5739.32534958887
2828.1276579724495,3,5,2797.01606109007,2,1.5532192975851833,2919.792460047831
10672.513558961346,4,2,12431.668176827698,4,1.1766079458794072,11945.757790389152
2992.4519841776873,4,3,3452.2385408650844,2,0.22074514464978348,3004.4194350150215
2691.3743382955204,1,8,1613.6092250301422,0,11.850844782616921,3355.1500658815107
3161.7616053496163,3,6,3156.6334881601083,2,4.045778983538499,2678.813297836073
1823.6817623539355,3,3,1724.0731696213063,0,2.7011923012446193,1909.8951040855616
3080.7741972342997,3,3,2898.4522666289035,0,0.6782037142475345,3488.4851095197373
3589.215827208434,3,3,3447.4435034418098,0,1.6818096195369017,3840.0987291628944
2080.618595041144,4,2,2409.799032321151,1,0.08865543340045638,2208.868699529304
7198.061434204292,3,6,7294.212291092888,3,6.352779029485963,8440.494308389088
1579.4770989173974,4,4,1870.9443319275347,2,1.4456570426024042,1894.1957335738698
1260.2821639124813,3,2,1163.0642598179472,0,0.40370804020956147,1204.7876428342622
3641.0397078290757,3,5,3591.083556351911,4,6.802623467149477,2665.6571735989296
2540.1592904145236,3,4,2439.8932631065313,1,0.2061416732412851,3273.7873248176907
3463.5808093489277,3,5,3470.3024184476794,2,2.9380659821231725,4587.693194772131
1747.487770202847,3,3,1695.4411226094048,0,1.2333093805850543,1266.8517899710696
4528.480699440905,3,5,4577.03648740839,4,6.081534880262115,3941.934752550849
3527.111171412626,3,5,3505.85833894101,2,2.577382730762266,4826.721935743553
12087.184492999171,4,3,14177.126085190268,3,0.2343469493567768,13292.132474341824
1433.0856439232707,3,4,1383.6336488889474,1,1.6081637373397815,1440.745275108657
3079.600157608831,4,3,3577.5912850286554,3,0.42837972182941736,2936.581437981538
2985.7220624405527,3,3,2823.304125138124,0,0.792942982852637,3509.4224651905515
3457.243499244545,2,5,2731.6523426654567,0,5.705327426037062,3000.4665697721025
2587.7154542489693,3,4,2512.450362637086,1,1.457438492172648,3592.1487040785405
2137.436453385579,3,3,2022.8507332685333,0,1.1255944421691841,2656.539084417326
2419.901287910885,3,3,2274.468662037171,0,0.678537102300207,1842.7381849924366
2912.2508258158696,3,3,2729.7564906595876,0,1.1571619579170165,3834.3486473016433
2175.4887367489728,3,4,2156.283494858358,1,1.5092071760279726,2604.2444497837746
2254.4697391477016,3,3,2156.8312377243797,0,0.13117995200719215,2040.6602190226665
4761.474681839729,4,2,5390.242678318361,4,1.2179284541539084,4028.3052008269624
876.4116116358128,3,2,827.636952105386,0,0.7042465981362518,608.2488240235735
5227.845742222452,4,2,5987.065793894842,4,0.44385628874739524,5868.019384930181
2691.1847829641556,3,4,2677.5938519661886,0,1.8222265635442843,1998.0150278900437
2532.421927243744,3,4,2450.327123456313,1,0.693978505414308,2447.0513879810305
5436.27454920346,3,6,5470.498908409732,2,5.2680620352916385,4162.954335646216
2342.061058454061,3,4,2272.316039533685,1,2.1560809407178096,2144.135080504703
3553.0719564137516,3,5,3579.9219480420625,3,4.269010919128511,4155.714547062685
7690.9484141757,3,5,7738.591488504817,3,3.612917472103683,8437.856632138468
2665.9023299795617,3,6,2747.3451061475207,2,3.165391229929451,2212.710508793487
3095.6947068931695,3,6,3166.402878689461,2,4.561067706330274,3708.3348635622633
2789.9650279246284,3,4,2777.6274396188555,1,2.194643623196465,3419.347917978699
1030.1584689457777,3,3,971.0109594021593,0,2.7707766835665804,892.0542404870633
5818.431235823778,4,2,6676.818702892636,4,0.5975845615839144,6743.7820250113555
1840.7852749312801,3,3,1767.4111004109523,0,0.14964000930620533,1846.5643487515138
1318.7747295388751,4,3,1532.6521638010774,1,1.039222943974432,1645.9212241706698
2372.1878397045907,3,2,2237.039975871598,0,0.31597043814921455,3202.0672376129965
1421.041855798931,3,4,1380.1076900622706,0,4.606032085909023,1259.4397092793636
3590.661807064141,3,4,3473.0941328169233,2,0.9191292461489837,2836.6843525290865
5571.342459884092,4,4,6722.58255075879,3,1.9171792753879544,5564.299946379963
4874.28972723017,4,4,5851.531722369603,2,1.1450583925400248,5747.07322103549
11195.40638210172,4,2,12674.744779603587,4,1.1563972203241206,14326.205526097587
3422.413279764068,3,4,3397.67270776718,2,1.106258950728954,2174.1326000166523
4013.8848501512016,4,2,4632.4685608766795,4,0.6679118900188462,3575.144699518
4770.983744476081,2,6,3826.0033416776446,1,4.195361658831227,4062.1305598181043
9084.384329591025,4,2,10383.643119332773,4,0.9048858376984115,8866.45339498173
1953.6383743251363,3,5,1958.6062743473606,0,4.356195409004055,1974.888257619555
5066.786961701136,3,5,5105.17711873262,2,3.1022472104278664,5255.634260823136
2689.9776627192173,4,2,3098.9137526074956,4,2.6609413724447406,2774.8001009077493
2112.164132703897,4,3,2507.1133636430304,1,0.1285940958741699,2018.580683378057
1920.172088295792,3,3,1847.0578765121336,0,0.16676338589557763,2052.987816797874
3029.5316557568717,4,4,3640.5603016772866,3,2.488741829937962,2686.7822533776343
3340.2037671902763,2,5,2623.4303066226203,0,4.650032759590446,4188.779779127567
4113.075628723035,3,4,4012.39893666374,1,2.039885609179056,5326.297306447155
1930.1342138505393,3,3,1873.7111726504509,1,0.8495790947407437,1572.4588231544194
793.6827365564392,4,3,939.3169394696193,2,0.41462159748010874,627.2423954885269
6293.426128139379,4,3,7452.64921792315,3,0.08258969799373815,8792.41825701923
2941.751235799117,3,5,2984.956976439121,4,7.153023561236857,2455.268046089474
5687.241580361416,3,5,5716.782063856773,3,3.7705179033572915,5673.043598288224
1587.7065460338756,4,2,1781.8263785235508,1,0.6424563416789909,1865.9203165169035
1662.383204473571,2,5,1307.9157520484173,0,5.280742035611115,1494.7214198418496
3716.4152643987204,3,4,3683.4435502227107,1,0.7274495346388525,3592.7015733302796
2735.8463731223533,4,3,3185.550835325238,2,0.20340839868945523,3349.625333407867
2498.002336496207,3,3,2374.2113434771036,0,0.16502597492304222,1964.8894803288495
3150.2039619044444,3,3,3068.5694556235035,0,0.5655866557761691,4198.783254531201
2384.5017354837364,3,3,2323.113695552591,0,0.3145611281781679,2291.648937327389
3032.1272355244996,4,2,3413.0243649694767,4,1.958078939386059,2567.6020433311533
4398.458679434905,3,6,4430.722584098428,2,3.6150136575248157,5980.8522453331025
1634.588772609514,3,4,1622.9314779992476,0,2.1052020333863046,2143.1637857980854
7478.2561065389245,4,2,8504.289024512569,4,0.5285599257400234,8375.541340286047
4303.747699020375,4,3,5019.997800924646,3,1.311969236711529,4949.753003258253
5237.532544817055,3,5,5191.249341945578,1,4.066359534063976,5966.7093746165565
4651.924014578321,3,4,4497.10047602821,2,0.2908291964273185,6378.226953790244
2513.7982592239928,4,3,2949.611019985772,3,1.387787946097264,2818.8585680886617
4068.0587591122066,3,5,3994.3878039962888,3,1.969643834464945,4144.648168647343
2500.448175664506,3,4,2443.9512953662284,2,0.8815424278250789,2773.7466479182362
4735.849640050299,3,4,4559.535246763064,3,2.3500764626702337,4396.132330761769
5697.083384901992,3,4,5644.77959954008,4,4.728747896694764,5004.342111678863
2845.689859964452,3,4,2785.1499684923774,0,0.23278603001322876,2653.2412788396864
5234.37553612627,4,2,5924.790876366331,4,1.7338144395465462,6752.75728862925
3935.6139831441146,3,4,3839.049648422636,1,0.743766899106032,3867.656205639584
10351.273063676143,3,4,10169.933500892123,4,4.815438777022899,12790.422048123508
7920.6488166473855,4,2,9093.312105596511,4,0.707729920520899,10006.194343848865
4504.931007153072,3,4,4356.16989975572,1,0.329597666294892,5564.730059429356
5976.158128026893,4,4,7150.481506026829,3,0.9733338212157462,6735.999430415427
2741.6565824622426,3,5,2684.2842277563177,1,4.249820033545874,3083.4880108684492
5675.7765179143,4,3,6575.7723975468725,3,1.7580569590279727,7427.448002558836
8264.757449590596,3,5,8124.262423915235,3,2.757638109970899,10109.828362745118
1761.9324757307709,3,3,1707.449848647286,0,2.051504310318549,1890.658070722771
2132.4825089306996,3,3,2048.9541745465126,0,0.7309564105580374,1702.6403431052113
2759.70401738423,3,4,2724.579660768648,1,1.3080170130336604,3645.574761089134
6724.575667080659,4,2,7690.8903464057985,4,2.0330108336397767,9268.040431176418
6562.081735447311,4,3,7736.736834568118,4,2.487601416229517,7637.2676758196085
4744.948711601799,3,5,4648.0128763306075,3,3.423580441765696,5340.260168376424
2417.3479447673053,3,4,2374.9043965738356,1,2.988465037648543,3024.335158026602
6890.047188201977,4,3,8168.893067263884,4,3.28580967665481,8062.079888795491
1170.566556814043,3,4,1122.621823191482,1,2.75449684119287,824.5218084771527
11623.97514657659,4,2,13078.727906076312,4,1.2054873222230529,14284.326890043087
3323.875790506525,3,4,3219.97890006514,1,0.5195934170155493,3377.0332478513014
10074.751847724861,4,4,12227.744513539074,3,0.0546748993495098,11773.414557703121
9250.51072834077,4,4,11105.879953689719,2,0.14138676679777157,11537.866490757193
8399.153759464407,4,3,9636.538406367665,3,1.1281632926361957,11815.342953765765
3692.977030449632,3,4,3677.1054463045793,1,2.9990481490680008,3634.0476290511388
3631.0097343941984,4,4,4349.257660660847,2,1.3566483407941063,4585.0826530671975
2957.1552597678206,3,3,2842.5313454863676,0,0.7843729659713532,2363.0415962427037
2014.4826905118857,3,3,1906.5961260584609,0,1.0253412952959504,2181.9652678867037
4031.386780549109,4,3,4665.118795944921,2,0.32071961212934,4682.258048233914
3155.7612360021053,3,3,3024.135795243077,1,0.13640682668626444,3672.0822884121108
6878.303708474739,4,3,8157.770001683567,3,0.5976578970766762,5349.183198847105
4351.435838255927,2,8,3550.0427260608835,3,10.378917665361284,4248.190151975833
2486.2127834291036,3,4,2395.0196822799003,1,1.9701450967407115,2255.409520592144
5737.304018392295,4,2,6557.5868336140065,4,1.3731451803838075,7957.504134459496
3941.6345160017536,3,4,3779.271855885031,1,0.46021542863628956,4204.80786119435
7511.651575994634,4,2,8668.655654381022,4,1.7599868697959622,7756.434518910529
4173.175232433794,3,5,4158.525416925931,2,1.1946396395592942,3551.090743493694
1546.8372373533289,3,3,1472.3260113008757,0,1.7279043086165857,2121.522044220482
3386.6491226259354,3,6,3405.270345045502,2,5.014313029688335,4500.655415713799
2397.192036086032,4,2,2791.3978338981133,3,0.8206014322389249,2352.4991146551088
6785.828501845469,3,6,7046.110409937507,2,4.271179994015805,9378.120305311366
4333.109238118115,4,2,4918.085775916435,4,0.793390029108473,3931.2265723566757
3840.1005740878836,3,5,3819.657316808363,2,2.330362492717833,3759.063142566249
4044.266982541836,4,3,4656.72893508498,3,0.8252808622703808,4773.514938320582
3685.265335550334,3,4,3571.2080011470352,1,0.7672282900124385,4292.28082263353
8554.367602445209,4,3,9994.617256918757,4,2.383205620060888,7749.710606303685
4668.74196627782,3,5,4667.5612622674835,2,3.483479396464965,4437.375391683558
873.9291560733651,3,3,839.4174584327175,0,0.5780617113608679,990.1366529748134
3898.818318284527,4,3,4481.842666171224,3,0.5149887808905348,5441.098426379555
4221.932038726442,3,4,4141.280991619993,1,0.44908833500609113,5042.789565029879
4246.508919192431,2,8,3479.4922865281346,2,6.839645932480855,3068.674826189553
2188.1211469094933,3,4,2156.437429337856,1,3.4755783316284514,2765.5070563457857
1932.428704682385,3,2,1837.9898067348026,0,0.03856006674832832,2126.0916066728882
5820.872480659583,3,4,5704.6890372957405,4,4.23596693250443,7419.154768401772
1676.5276215812548,3,4,1663.9572636162197,1,2.436656597604684,1821.5901321553977
3932.571079029731,4,3,4506.755050358166,3,0.16119090568032998,5528.561574798062
1148.1258669343802,3,3,1090.399918272094,0,1.8901110551037088,1252.3288451165506
2316.05948714866,3,4,2224.539972638696,1,0.8352871985349879,2659.0021928387687
2886.7267786360976,3,6,2984.2779993087906,2,7.168606788536323,2809.571824292468
3820.2690730101544,4,2,4349.514160921596,4,1.4930456720812886,3828.251463192302
9041.624046313582,3,5,8879.080979227518,3,2.103544901267977,11163.56927722737
3072.582093877722,3,3,2951.098602754587,0,0.664404831760715,2352.714952521304
3628.682422782404,3,4,3526.3958894194943,1,0.317541815482922,4728.556765309999
2270.8271018968576,2,7,1829.7844348906453,1,9.523830329343209,3126.226577731771
3569.6729718190977,4,3,4116.551167821011,3,0.5025980001455458,2957.75621191444
5250.095408842658,4,4,6348.493441169345,2,0.7524219882524338,7006.53605907216
9496.521474150295,4,4,11143.433020428038,2,0.5414469043011875,13754.899088995327
5173.538698212577,3,4,5117.752893141606,3,1.3577569406437882,4381.808662308362
4300.395067147014,3,4,4129.335773076522,3,1.8938152905948034,3203.871137641071
1085.47375911381,4,3,1285.048093271949,2,0.3724292448624022,857.8382898614132
1121.70000964161,4,3,1331.8675173668341,1,0.5376709298999256,1125.876282323872
3558.8907849610505,3,5,3543.5338343359263,1,3.7899577485206897,2607.4721310758673
6452.411051736251,3,4,6325.974968264303,1,1.1052032818639907,5838.183659472424
2092.590718747798,3,4,2053.1098394728256,1,2.9948907999318557,1695.6058250641602
6214.121566553698,2,7,5090.045784504983,3,7.741060115271048,7122.901428572189
3444.4293389429163,3,5,3443.0903401893515,2,2.524369078938932,3248.5420848331128
2207.7068412411645,3,3,2143.5587660851597,0,1.1434395254102543,2389.9606455895605
4555.855472238796,4,2,5171.524370730909,4,1.3265142293749619,4672.426177181313
2419.1257991609496,3,4,2367.9619830838824,0,3.0409049235213192,2099.6143011892436
3684.46062548234,3,4,3552.9059387543775,1,2.9747864317436363,3493.389205692557
2988.592396764173,4,3,3525.6106930908704,1,0.06314275216219244,3573.878693811715
8603.100799044987,3,5,8571.666985526743,4,7.675174661956294,10945.2857825334
4146.412171878078,2,6,3275.0851359290023,1,5.442386699026922,5523.206799853542
2973.5676136287034,3,4,2931.606325206183,1,1.6195272803498888,2522.3343408157634
6137.22810542767,3,6,6292.230380827268,2,5.863943773889876,6515.351521368886
3430.0076167963875,3,5,3439.245373704145,2,3.6552939005904053,2754.3953569086275
4135.856953832837,4,4,4975.934635676723,2,1.3127827391393183,6027.60940993656
3315.8003877055844,3,5,3296.210730975669,1,3.1336111936931705,3866.9175371596157
5060.762941542135,3,5,5067.457131906419,2,0.14116479281979538,5881.570553027108
6439.2093934083105,4,2,7416.579337100242,4,0.11471546167047744,5281.320719628524
4199.283448418819,4,4,4932.471231039912,3,1.5689882919297844,4094.180145749871
3045.432207371122,4,3,3559.7256397958367,3,0.6939941419392536,3795.862009625058
4207.371995528792,3,5,4247.886639911123,2,1.7967875281002093,4247.609200772372
1080.4574008645018,4,2,1246.342293425006,3,0.5746983757315698,902.8909152717524
1979.968954176371,3,5,1938.6186739451668,2,4.0415097248349205,2780.209231225926
5075.604736795781,3,5,5117.385544500219,2,0.4160267872654421,6713.186885305774
3284.36526979157,3,4,3190.9568824451217,1,1.4455960615307213,2682.6386091676727
1120.2513332784908,3,4,1083.3794116856723,0,3.649734954659487,803.4408235570294
6076.130126673716,3,6,6103.369175814555,3,5.055040558452205,6233.449749761565
6362.55911215488,3,6,6362.832677936897,2,3.257305547326677,8182.3252140341065
1374.5365468121781,2,5,1083.5686217089153,0,4.8860949923112145,1476.53124925605
4262.780020015599,4,4,5164.818000405298,3,0.7428172776227009,4646.500561421072
934.3866078464603,2,7,741.2353504111537,0,10.156351806926219,904.0982394381955
8941.927545767112,3,4,8826.03354107323,3,0.9266366141088702,9613.606604816037
7665.532417319598,4,2,8891.26104164135,4,0.8539948064385975,9183.146148627606
3095.1859945493957,3,3,3006.1683851590637,0,2.0499928282511073,1974.1242589458477
1756.6439643779324,3,3,1685.4446925022507,0,1.397563856111832,1425.4248072463088
4990.461487585972,3,5,4960.002576245664,3,2.2042102713803167,6430.607509378973
1952.1630503043095,2,5,1494.3864496133017,0,3.5267969216189736,1437.4189072498
2012.0173439134587,4,3,2364.4827029479134,2,0.24383857787595867,1858.7835783522128
5602.175239302395,3,6,5632.6674409455345,2,3.992724846309098,6625.802592359176
3766.4874528985156,3,4,3641.713590813582,1,0.4249387070879776,4014.269800997782
8714.457265033747,3,6,8938.43257467161,2,1.0469672592951809,10631.33998291376
3320.750657675241,3,4,3264.1066063570183,0,1.491847531214983,4442.73685276741
4468.311722676395,3,5,4478.742789439087,2,3.8006040840325537,6342.627155733444
4897.029115751245,3,4,4775.8518944965335,2,0.25669984713924293,6339.625827151536
7574.186150830042,4,3,8964.87097269154,4,0.9098769769236886,9818.586843837993
4168.893606988132,4,4,4891.49826878471,3,0.8065104635819831,3895.7851278815765
2136.1305969289388,3,3,2026.7007711283095,0,0.9159999830250036,2578.3272705083086
2121.8889387000977,3,4,2031.608706480138,1,2.032071686136777,1462.543295731327
2376.6014062722784,3,5,2330.866265969459,1,5.546146637693266,2085.539240230629
4379.225284617242,4,2,5078.2322327701295,4,1.7014024519952344,4768.075914717992
2823.724572773313,4,3,3276.6427911600754,3,0.43583453993451865,3571.026268169072
4528.300496062597,4,3,5382.958829088257,2,0.4318571433388271,3428.41467566299
2118.4787843982754,3,4,2050.450569745562,4,5.924822218129636,1579.7694608116872
3610.5751263781917,4,3,4139.3691292485255,4,4.026652629419781,3606.665614760548
7625.364251350132,4,2,8851.470533618623,4,1.1124320545254447,10342.704720789337
5057.154981732223,3,7,5297.093513027498,2,5.215317791603362,3984.7195842580695
5079.946852013391,3,5,5003.894660680035,2,1.6151101906690764,6333.729235423927
13972.595072397016,4,3,16486.586377918582,4,0.8852856248360209,19382.62603589184
4383.452757950711,4,3,5155.422612679718,3,0.050961475208622715,5371.890765883132
3277.288913682738,4,3,3787.271126201197,3,0.6810222766037196,4376.125556399335
2541.4809827544173,3,5,2526.9457440767223,2,4.486941328545749,3299.8927362732093
4604.457030111745,2,7,3683.393841695352,3,7.308921291360239,3602.6578564206784
2642.6892454433787,3,4,2601.0332145793855,0,1.979394509331276,2697.2592733952483
1888.5571259947403,3,3,1821.9312463936963,0,0.8086960234059262,1423.963503552735
3383.7228532681543,4,3,3986.2463844163967,4,1.705614089106158,2876.2624182399622
5490.892481638305,3,5,5519.690685530313,4,8.075585621762743,6423.907789748206
4294.578558537145,3,5,4276.773249633919,2,0.9355104194223287,5216.5871513937755
4255.040141770811,3,4,4108.192547508276,4,6.770149443528433,3165.3704338831717
5026.315244067879,3,4,4844.547188086757,1,1.290248513909604,7084.9595947464295
11082.968719135119,4,4,13039.007093250619,3,0.7739243598060056,13472.681806743725
1181.2028310574565,3,3,1123.849054681472,0,1.1164617196240993,1171.7340431136176
3524.651838522606,4,3,4088.7369967307222,4,4.973728447511131,2963.5556558766775
1743.9122748088705,3,6,1786.6510156733282,3,6.561803682163197,1506.489937183493
3002.518923311496,3,3,2906.802316230718,0,0.29551918366301827,4091.6521973790523
6716.28139470557,4,2,7591.154907918676,4,0.34378803073233544,4973.671492740545
4345.037785299533,3,4,4262.88909978504,1,0.006482492238211175,6054.968678290152
3942.513727613408,4,4,4786.486900406388,2,0.34960208247856617,4035.9441968596125
4273.8028174872525,3,4,4199.460981237462,1,0.21735623260708212,4201.401495585923
5975.039455990142,3,5,5922.4535197784835,3,2.5214566553357094,6228.287526809897
4358.984163064664,4,2,5057.114676661005,4,1.0074156184651128,2902.1023410311827
4829.022908552761,4,2,5506.885917590741,4,0.9935755449380494,5678.855854666061
3981.6764066967876,4,2,4638.206990266863,4,1.1585296616927874,3534.40461751972
3047.9448475293575,4,3,3574.7213206034003,3,1.2683900920319506,4005.4398389986372
4743.223936869466,4,4,5737.095089171377,3,2.123771640239502,6393.96363997078
11178.274526841724,1,10,6884.765036798113,3,13.24507218699498,14437.501355943603
6447.962262795935,3,5,6383.395718999807,3,3.9042075657827966,7703.571080172492
2031.3659466957997,3,3,1915.3116305724366,0,0.8078495303980437,2267.474476394161
7413.025422153181,3,5,7269.80780427101,2,3.3222279662383043,8251.87328505175
8954.794100842044,3,4,8901.758584192885,4,5.013461866194595,11935.69877352884
4056.175943871153,3,4,4000.1989101672843,3,2.3420202740340095,3486.770185428287
6058.341888384311,4,3,7183.103724835559,3,0.07298627777593213,5039.958267867144
3949.161239578036,3,4,3911.197265059745,0,2.56564643574053,4648.123957561785
4434.639887526275,4,1,5036.178049664265,4,0.2719290450926609,4007.3067900729106
5695.166742307804,3,5,5681.81279648096,2,0.3331860030176509,4889.629524559938
4624.0365957389695,3,5,4570.1802388832,1,3.1142673787263306,5488.344908111138
12858.62256506528,3,6,13174.707750005009,2,2.8459835925044277,15334.701386207616
2750.2643935210413,3,4,2638.116947159651,0,0.7704928638990086,2060.529263374951
10105.877274741326,3,4,9706.413992868997,4,2.6430024943749766,12871.01827705073
4307.032708162392,4,2,4859.307445084198,4,1.5126645871089195,5206.116653320989
6455.992404610803,4,4,7705.030573216032,3,1.3077604592669327,6214.046637936942
5400.51310941615,4,4,6321.045219625727,3,0.9757754258189373,7395.4855591488795
2135.2453732813697,4,2,2476.8836233337565,4,1.4321245635330142,1830.446388041714
7592.043117988505,3,4,7323.057894418424,3,0.6277558654742644,7772.853517514338
6054.855913005445,4,2,6944.378384852442,4,0.5185969506813334,7570.922048497265
3839.4081249511105,4,3,4534.198350342042,3,0.45302612866574415,3187.4987967534416
3617.1328326979287,4,4,4373.551539715446,2,0.18706735551925213,3527.604247412978
6641.562307877229,4,2,7481.216297060021,4,1.4935639153742186,7571.832308322878
1573.599896873318,3,5,1600.5619772750456,2,1.9323344442604398,1111.2751647241862
1604.720549664206,3,3,1546.4500957590787,0,0.5982343661157267,1151.2138367839937
4109.5866369767555,4,3,4719.231563657005,2,0.10981865552126284,4500.685092809786
3116.656290549631,3,4,3102.643370434872,2,0.4901840040660055,3564.44162769431
1790.9434397547386,3,4,1762.4489416076221,2,0.4655522575766732,1532.3090389802303
2421.807776077592,3,4,2404.960526714416,3,4.6141198491406685,2827.074209923932
2243.892038478432,4,3,2579.4017400277407,3,1.2188997559391799,1853.7861760807862
4458.012056100522,3,5,4471.077209073818,2,1.3557263125368368,3584.5039611636043
3500.509448375483,3,4,3438.6646536736325,4,4.134623873942489,3408.5566430309577
5006.097085045608,3,4,4829.4321995458795,1,3.0819130881801393,6297.616031434989
1935.129103396849,3,5,1959.462455843316,1,6.133288835407177,1713.5457812816483
6806.391760048777,4,3,7886.526626123367,3,0.022835132272582603,7590.5498034548145
6159.011371222626,4,4,7363.15803380203,2,0.37811825184259207,8047.978503753762
2908.929535588025,3,4,2789.9021221829616,1,2.1164814748840026,2410.698449987332
10626.87855419534,4,2,12327.889032012592,4,1.4055892736784903,7525.513870825419
4916.843087285474,3,5,4894.600598868638,2,1.52215118448151,5986.435219293655
1876.267060791477,3,3,1820.7110066903695,0,0.3642373297729288,1794.2502252735683
9548.259057986494,3,6,9624.981043965303,3,4.826095198025425,13860.024159684584
3754.2630125252485,3,4,3599.667273679868,1,0.6325857902120953,3316.7072627616867
3967.650447955382,4,2,4545.482640323305,4,0.6545586518864611,5032.309838033831
4123.489808535465,3,5,4088.5270023693047,3,6.151875186424843,4879.070571320693
2860.8343827672998,3,3,2713.9146819582106,1,0.17207694307437454,2762.5938277080536
1688.8482777237978,3,4,1681.2410260113552,1,1.357039204908759,2088.3456123391325
2243.0037008853083,3,7,2313.1612440150534,2,6.688828037164189,2492.0820766043826
5342.846612144853,3,5,5429.696454754888,1,2.679789284367618,5156.922661942285
9583.211070232928,4,3,11226.074563970142,3,0.5321396155572298,12085.19368039306
3742.037202478368,3,5,3751.2712298816914,2,1.568426706993633,3778.8210123326603
5428.718381647422,4,3,6352.031957413733,3,0.7152853951901491,5196.076317393587
3928.519681057423,3,4,3830.273753332491,1,0.9657972766855147,4255.400501997312
7450.676302461646,3,5,7367.305861183936,2,3.5474856762027223,9740.62733212824
6101.884025514107,3,5,6205.190065614411,2,4.103131233535142,7588.870563359474
7841.952035476749,3,5,7669.75475974422,3,3.2102999420222016,9161.67918408357
3479.7617765922805,4,3,4067.657474311446,4,4.264695381978812,4443.374345514562
6933.574124845463,4,2,7791.560948780503,4,0.11030845802468603,7784.912495885851
4274.326693566745,3,5,4199.540011627852,1,3.08584047805476,5693.511903471481
1072.8266795344339,3,3,1030.4254512856164,0,0.7854871608867511,1435.306946367136
6755.707727252997,4,2,7634.384413589897,4,1.567909820534652,8220.680184556068
6326.729487480731,2,7,5120.389438118458,1,7.216956546867343,8265.519439730711
905.6768108135609,3,3,868.7050419327633,1,0.0017225603165424489,651.0820494246522
8637.79033053406,3,5,8690.858918915592,2,1.2872502617075898,11200.241330845172
3019.9665411542574,3,4,3003.3913650181144,3,2.0414689500652203,3237.3891365583904
1099.9266217991246,3,6,1125.2689356964916,1,6.826923694909917,1026.7951414961983
4746.546613564003,3,4,4704.79748653398,1,0.7880020654218934,4136.685775652844
2271.2634456945657,3,5,2229.447615347964,1,2.5144955807028038,1565.2706133264592
1564.8911600142471,3,5,1574.5365540119205,2,2.63018139302625,1640.173414316926
1789.3387041038557,3,3,1712.4973205901163,0,1.3769192465956244,1929.1321840449802
8174.1585877033685,3,5,8294.082053481203,3,3.832816490959389,9524.454230682071
3977.7993666548336,1,8,2366.5392102526243,0,10.84852326862545,4895.722005737545
6948.996104167726,3,5,6804.191460656442,3,0.7278457241202485,7255.815504592091
1960.8706555844103,2,5,1512.101202737104,0,2.625175047540927,1903.1898043598728
2720.824063865207,1,7,1584.9458693260003,0,9.851854087164925,3057.5349556980714
2378.9323158815037,4,3,2767.4428922791853,3,2.0734447153208992,2535.471803543327
1975.2710064537553,4,2,2293.2797790290265,4,0.3394627453753326,1361.899247317243
2780.0500628692944,3,5,2719.9983021738485,1,1.7358065790245722,2029.4469028033309
724.1034424053844,3,3,694.0178001050098,1,1.2549720989545454,515.7569042038602
6086.28759141636,4,3,7002.54907398026,3,1.1150626656793716,5973.062027136485
1980.225442876645,3,5,1983.4606671000902,2,3.3399552079543144,1648.9033977696668
5309.389513827603,3,5,5349.522480963935,1,1.0072220526122446,6148.832123853109
2716.0581616042787,3,4,2634.918133937897,1,0.6841283416356686,3750.4503333238654
3863.5956456882354,3,4,3796.368010561201,0,2.7362530472711306,3956.4469725965155
6713.211818697031,4,2,7698.633511100636,4,1.30346469688183,8961.153361172775
1605.7151241795043,3,4,1590.7302966730201,0,1.8525431904200682,1584.8839674795136
7453.741755500753,3,5,7432.1004942960335,3,3.608123928698875,9448.632843141238
9646.730603638003,4,3,11127.931112757173,4,2.097961863673935,11599.723145225475
1725.643725880603,3,4,1692.2764931262868,1,2.84833622487336,1948.6190508349998
3786.3139454042966,3,4,3763.6204242585827,3,3.035815567722392,4544.984033829431
7348.850293256969,3,5,7232.244347072564,3,1.1314953319995014,8680.462198203368
1804.4815263667665,3,6,1872.2907516209314,2,5.1472076075304045,2082.2035931380547
6748.420454584629,3,5,6722.271600399242,2,0.5632771322571393,8300.534001119931
5153.5027989253795,4,3,5959.09680804472,4,1.7520225709546253,6920.083995703908
4057.6770191668256,4,3,4669.440775805814,3,1.7234046732937902,3848.181040536076
6311.249710487032,4,4,7593.427737179368,3,0.17630960229750758,7787.841706393735
5199.208151575607,3,4,5151.469866054838,1,0.48314505268289165,6607.837670374318
2349.6530169825905,2,4,1804.1932429847107,0,3.6724563799595717,2460.522339359946
1231.0514183400899,3,3,1193.468297953896,0,1.4920068190736127,906.3813386200421
2725.6138282245993,3,5,2743.7846594070174,3,4.960247038803396,2550.657971250253
2313.0271908770537,3,3,2179.4053020494707,0,1.3009908052276098,2791.74093637842
3090.563596620084,4,3,3679.740821247456,2,0.6971190425167104,3369.160817141816
7510.38962481296,4,3,8614.659947732871,4,2.0696586659557763,8221.218813967933
1718.9883462511043,3,3,1627.3432171071852,0,0.09385667346453264,1899.0215498309992
3763.370653277413,4,2,4335.336958492947,4,2.066983441755303,2783.5474185645194
5150.811998410329,4,3,5951.796257139772,3,0.011261723214443268,6726.208540597949
4998.684201454078,4,2,5754.311193923317,4,2.092713881357075,5538.337051699536
7516.652194374189,3,4,7458.816818837613,3,1.7341202730893737,9298.524363692553
7977.787274335359,3,5,7941.337282901745,2,0.09381936204649463,8951.862122287943
3625.445298743485,3,4,3521.1463354407183,0,1.8288807039819894,4967.133738503644
4391.675076578349,4,3,5153.663937811254,3,1.362467101410869,4002.9946202914857
3791.895775238743,3,3,3628.373870654362,0,0.22402210690603655,5116.711963622268
1529.4477502040772,3,3,1476.1989300728212,0,0.16092410494123696,1172.774473794407
2404.654270944219,3,4,2367.2441206357703,0,1.1852958080917062,2165.225957961177
5690.503721473673,4,2,6412.477604105698,4,0.07142694999350978,6030.378292734798
4396.021888377679,3,4,4240.647243681776,2,0.23777610308642252,5618.0658367002125
1791.8610420403757,3,5,1765.3967608701446,1,4.662378840707522,2136.3479195203035
2772.431353074259,4,3,3244.6118022884443,1,0.20201765846599604,3158.426511182368
4556.4115481454755,1,9,2696.3488947049013,1,9.814367680012474,4281.284861902826
1902.1334686715031,3,4,1866.4603016125932,1,2.6823420365954567,1625.1495219417907
1706.3232148600853,4,3,1958.6752484877777,3,0.2236485805342884,1687.4751613098983
7515.667981572453,4,3,8746.296073829015,4,2.665259185248242,7665.836375657969
2744.221212313739,3,4,2705.672219947528,1,0.8005561696553973,3576.898614995535
3805.858311305667,3,5,3746.3724632010344,1,3.238330104413293,4693.211899924983
5642.271885801864,4,3,6650.681847583827,4,2.911164867968328,4881.982106355793
3349.173315234213,4,2,3871.3797853388432,4,1.6471151450819992,4257.327706874314
1368.3224730479392,3,3,1298.2885682640863,0,2.479647787590534,1684.0642439886549
3922.4184711980092,4,4,4710.951082923157,2,0.21601042346695803,4098.363405073756
9138.085765410266,2,8,7604.378819036066,4,14.04408045032273,12121.588182048406
5845.864651033644,3,5,5896.871732830359,2,1.2320347450490872,6627.014950895771
5381.6849572964,4,3,6204.953408194945,3,0.5058752340567232,5169.068742333634
2236.6143452529814,4,3,2645.4581163781068,3,2.2130343879690226,2578.7192134749516
786.7220130881451,3,3,763.1148637999668,0,1.232539223307519,684.7032311504703
2525.714425277766,3,3,2415.056312149066,0,2.2087301753499706,3347.5060419670313
681.8440154813052,3,4,677.2670686030294,0,4.2855189783576,532.3367666605801
4888.441461620114,4,2,5505.330590928304,4,1.325377923023382,6344.373363440877
1743.9262567230983,4,1,1956.1437003417886,4,1.0378353839875232,1847.8187430608941
7311.172724472394,3,5,7401.419844431302,1,2.1307555936952793,9706.641326212111
5715.889420290965,3,4,5491.5159814663875,2,0.2895401377719937,6917.064584222635
11386.11345488905,4,3,13160.772583340411,4,3.0371702223017123,13333.785114135688
2003.7957287765325,3,3,1887.0522792230292,0,0.6794323611134548,1693.0098656998287
9038.142816993828,3,4,8892.178732287946,3,0.8849159752009028,11236.547103358003
3095.6000624785192,4,3,3547.6609132402596,3,2.2079354959136235,2412.2551614886765
5485.41698183323,3,6,5649.768348000369,2,2.936931878827378,6927.059325749133
7397.483374732106,4,2,8562.78040000148,4,0.9281109449403597,9110.391973745067
2602.159543150326,4,3,3046.921188152932,2,0.0978982714963112,2455.779781459493
4598.0396998891965,3,4,4538.450893471719,4,5.807627535114696,5271.717248712139
2949.4430090710207,4,4,3454.7032142955086,3,3.9654745319002327,4121.293493104369
3921.0927014672443,4,2,4527.2002171610875,4,0.8084834214284992,3007.9900886987193
1844.9820832031485,3,4,1826.100555974806,0,3.7240624181020974,1394.2920763820773
4355.92787789985,3,4,4179.246236765675,1,1.1337730904641785,5215.962796897196
2927.054925612966,3,3,2753.0965971324695,0,0.14568932594288292,3263.4822356077857
3206.836666561582,3,5,3221.855868878561,2,2.02598953325828,3431.735216829497
6695.39583265485,4,4,7952.853607118892,2,0.07943792536316356,7605.192858346376
6370.283994074753,3,6,6390.577655655164,2,3.716085464228818,8295.987510369407
1759.242549681867,3,5,1781.80080478974,2,1.7933465195012013,1722.544066584951
6314.134600809538,3,4,6162.394661709763,1,0.03470760581937235,6503.794324131456
2183.593927275173,3,3,2067.594114538994,1,0.3423698328241052,2324.834038765412
2513.056769339434,3,4,2440.208381634642,1,0.30302549997821954,2741.759210792764
2136.1877004455273,4,3,2521.237952772293,3,0.9122343844798778,1530.5529638951411
2811.249079425676,2,5,2195.9892857728487,0,4.206772496088131,2621.2291510465434
4029.9710202369843,3,4,3949.3572148631415,0,0.5101371601829782,5515.306586126358
3946.7011226668587,4,4,4661.712184953155,2,0.7794265419494658,4978.33322758483
3718.0118004307965,4,2,4296.731932407919,4,1.024357516228657,5403.873082519871
10873.76858048608,3,5,10654.828674608021,3,3.6282746932424508,13811.052058471956
3836.8609175573706,2,4,2880.798135012294,0,2.492884798450193,5464.1175005851455
4048.386305625694,3,5,3997.132020444214,2,0.9963631203084994,4582.622845467978
1300.9335142360153,3,3,1233.5809117372783,1,1.1145844825792854,1217.9505865759854
1046.187702339134,4,2,1176.7950509156594,1,0.3484064210339085,827.1231728057702
2012.5263998894907,3,3,1927.818289109659,0,0.22787293312338475,1477.580047524183
4114.390549262446,3,4,4062.0156954713693,1,0.9350942990146724,4679.21114282858
1395.502190970993,4,4,1671.4590097366465,2,0.599733877726149,1336.4307885186872
3081.287369746277,3,4,3011.6339917906466,1,2.858814356910778,2327.7088478547475
1200.4613513596246,3,5,1216.9975318525883,2,4.881206220758546,1114.7964129896186
1216.2034911597607,3,3,1166.5589365177998,0,0.6164308251410945,978.516976769331
5005.591873432701,4,2,5689.255004080596,4,1.7223697210791267,5717.5782303240685
3487.386534308149,3,4,3437.899651336491,4,5.558261726190583,2805.2160501643316
4261.06264111608,3,6,4283.2985403951525,4,9.103345997182494,3249.6369865561933
2064.7265724482363,3,4,1993.5854036335147,1,0.18394845834852355,1537.187432598518
4143.109613634146,3,4,4095.910123306768,0,1.0900288329148329,4014.996990646739
2816.6713275417374,4,3,3275.806530640851,4,3.456289841049425,2247.100444290337
3758.2669621803284,2,8,3071.847188466368,2,8.788830002822923,4699.180347206444
2346.2774568571135,3,3,2242.062364303329,0,0.7726789368809375,2597.4915027484763
1688.83961678776,4,4,2006.1379644137924,2,2.5294040636059707,1462.4333444127285
1659.945869908324,3,5,1682.7592063965917,2,2.9641520300168995,1423.4523377979228
1017.7955162092876,3,3,956.1058466000056,0,2.5264072686829735,1116.40863245153
6819.775816773435,3,5,6676.674685547051,4,7.024333447712126,8393.192903486575
1463.5518109072816,4,3,1708.3121237183998,2,0.06633273543978069,1383.8106394937583
724.7647416123374,3,2,673.5977022165597,0,0.2417825347548607,774.9282119058389
3527.170889463655,3,5,3545.6795037675115,1,2.3823573294781326,2918.709595264145
2675.404827780496,3,6,2710.359112809984,2,4.708717734272758,2386.5026093602937
5070.761887600258,3,6,5062.136652006976,2,3.8072097241121137,5483.510602739248
3030.79520574846,4,2,3417.213735576464,4,3.7440536014476398,2758.4440648427476
2013.6037058408938,4,3,2379.45023672937,2,1.5322401214893955,2204.070272800299
9897.626953531415,3,5,9741.423433208769,2,0.20937291745314965,13385.714287082008
3579.270537267933,3,5,3636.596611870861,2,1.7663164695917772,4228.50131571341
1992.530665445736,4,2,2316.068803102369,4,2.1633638430341624,1371.862100465769
2709.056199729566,4,4,3268.3094277830437,2,0.25231673221755113,3447.2215776712537
1590.295807403364,3,3,1528.3834506244073,0,0.9266191867593326,1174.6230499176238
4234.129557437356,3,4,4141.313224598205,3,1.9000689476473198,3181.6869162151825
1593.932478283975,2,5,1244.4353123410544,0,3.6431056597894576,1241.1322876839415
1092.5443430004332,3,3,1057.462174744345,0,1.62771335889031,914.266626357144
3104.997333137442,3,5,3098.422056409486,2,3.2131728477272907,4256.835797097189
6035.755026201203,3,6,6220.099883022327,3,4.930098058137077,8375.202392568417
1064.1819711997757,3,3,1025.6503027311587,0,3.887257277397483,988.6488267310297
7149.292581517939,3,5,7094.208305232227,3,3.5978174673821286,6292.212621519754
1696.9819732406397,4,1,1908.7712302562086,4,1.7868013070584643,1308.4863687071702
3493.584300724625,3,4,3470.1390225565847,1,3.3419777426138566,2595.635841611651
4258.333512408002,4,3,4996.94283359982,4,2.6071137111719302,4431.110259166383
3428.679493009819,3,5,3403.90309174819,2,0.6081907778435249,2855.704513712583
2314.532795459621,3,4,2225.215264042268,3,2.941857011355464,2184.853703155812
9539.190101272596,4,2,11020.748867460277,4,1.3748525526385333,10250.251836116515
3261.826280497594,3,4,3203.889301128372,1,0.22085743966878815,3012.532126880985
5277.64969801842,3,5,5336.828517543145,2,1.8595873219336243,5279.208413874403
9010.304185009878,3,5,9005.494903615127,4,6.616206048885878,10922.958072204437
2305.1656520699057,3,3,2197.984449510004,0,0.03934932434324411,2393.9305160860586
4365.8330770857765,3,4,4198.343127754965,1,0.08503146940180355,5442.873311988297
1637.697368920483,4,3,1947.1352107915304,3,1.761664565896395,1202.7842942233985
11213.515414626723,4,3,13295.948763800501,4,0.9187196438791944,14854.635921559051
2132.4644484815617,3,5,2117.4193941843905,3,6.342603454731819,1552.0055024729018
2314.3443129999305,3,4,2247.7064523863323,0,0.7160225044345665,2182.358216278625
7231.152600148363,4,3,8327.45117504497,4,1.8521864077001922,7906.498245788715
5333.8042394592285,4,3,6111.778712993546,3,1.9117938829948096,7596.535820785425
4316.351641618277,3,4,4146.302522817109,3,2.372174862864114,5176.802169083347
3728.409748429077,3,4,3574.3888076136786,2,1.7908233357951155,3477.458894907176
5201.297407970022,4,3,6107.40611600589,3,1.2399165849945841,5103.120968571365
3529.8333555871773,3,5,3527.736750375677,1,4.220383706355129,3330.0347359322795
3310.8039000447957,4,3,3796.491988422592,4,3.702364776975488,2758.9981647003647
5207.648761172672,3,5,5197.586473526333,3,2.7153382656867904,5174.585847448104
6194.83207200586,4,2,6990.433137462448,4,1.8276839208261393,7586.683226626881
6130.532068960335,4,4,7458.660275539557,3,2.782955569001128,6921.124343890622
4223.999305954997,3,3,3991.4666840970317,0,0.2876370050910888,5332.784566644966
3763.3808820350496,3,4,3736.7406986709248,1,0.8598374319683315,4658.469849571413
5498.067921145946,3,4,5381.179633035047,1,1.6891298235326462,6002.338780638489
1554.0365904912444,3,5,1536.987801594531,2,2.4947325280095383,1165.5283655385815
1774.0478192989083,4,4,2158.130341305474,3,3.5198581585557154,1969.3167193593572
6079.5411204275015,3,6,6250.470862338172,2,5.103882729263102,8476.681976129163
7265.669932007649,3,5,7269.307676172664,3,4.104775652785228,9160.668784550295
3606.1751353040686,3,3,3428.4246632578,0,0.1898947195508609,3102.138921671313
4164.958402465438,3,4,4014.9580421910036,2,0.2723247672755462,4231.687925215598
8826.888921030717,4,3,10420.815879985243,4,1.4887191681770549,11027.660579316249
2571.975512396592,4,3,2999.081678769648,3,2.664791480475902,1791.5109327786713
4742.030836904285,4,2,5419.727036808302,4,1.6536788258464845,5428.662706779811
2589.515747388708,3,5,2609.8146166293945,2,2.7424946589577504,2195.955371243713
1554.3332282375793,3,4,1490.8233136993906,1,2.882694094012729,1890.4490964866525
4446.592101088056,3,5,4455.18062359543,2,1.7222838195194217,3637.3368079208035
6208.028427120987,4,4,7532.004732961087,3,0.2351043365365481,7757.951130119571
3789.4882406096685,4,3,4468.222930481199,3,0.8922482866986372,3299.2384026136615
1120.5573140614604,3,3,1080.2765698790738,1,0.08681447776714322,1038.8812791713292
1971.4820508077453,3,2,1827.9376264503555,0,0.43932141705601774,2583.1784513222706
5129.322806544149,3,4,5016.796150803491,4,4.445247081231934,3823.6675737350356
2283.596042866927,4,4,2690.8945334790774,2,0.30212213011105743,3219.8759714986845
11036.090173300236,3,4,10608.493674405889,3,0.7881834750901319,9083.029303410209
8155.000948172417,4,4,9620.356617102281,3,1.3865813904619178,7685.029721016335
1863.293910736371,3,6,1882.7484897781346,2,5.0409102891466055,1653.2913172147871
5947.948138878827,4,2,6768.938816653847,4,0.9784892961411467,4691.845152206838
3429.157747409697,3,6,3445.8866696737387,2,5.265353692980977,4184.657338929941
5645.63038700441,3,5,5581.744530157266,3,2.0430874287273344,4704.528080020018
2018.9462413941474,4,3,2398.8824508693106,2,0.25019678958299846,2014.5397328833087
4490.730800011451,4,2,5116.204312444616,4,0.2566234869718131,4500.397946167419
1704.31398855837,3,3,1597.145207976883,1,1.2829941718505047,1625.0050019010255
8701.05651648663,4,3,9990.40377553244,3,1.20368261753009,9571.724542585982
2370.8384894488113,3,5,2375.006906874678,2,2.36694206018597,2273.249811205737
5971.666549314666,3,4,5906.937838294834,2,0.7040084545348324,8321.355820153485
3121.8169200122334,3,5,3113.3984609505305,2,1.4506355904250157,3568.1688554317407
978.4234590896123,2,5,764.4958264197131,0,4.918853788040924,776.3944771763156
1866.9137289668677,3,4,1799.2235925902987,1,1.852174541296778,1419.6827528944618
835.4895756346356,2,5,658.7814308322303,0,5.95930507445823,572.7549916893189
2508.194919564609,4,3,2894.056581230095,4,5.177929547171291,1857.0738195274325
3132.5453187773505,3,5,3125.308669821324,2,3.178665484903885,4459.725280762044
5553.595881319321,4,4,6504.669632303196,3,2.596953482275024,6832.234980174059
2975.3341006049322,3,4,2884.913527768719,4,5.198055066451528,2488.106423756508
4109.752620304074,3,5,4139.193312629876,2,1.9602581333362394,4206.663562463194
4748.981087449137,2,9,3937.886850698236,2,11.88400029808531,4372.26365409811
2524.003663208708,3,3,2444.0728096035073,0,0.6601594926005644,3295.5547180963636
3413.153638353576,3,3,3203.176460781287,0,0.6235927885208811,3304.071854942536
3491.0548481902865,4,4,4153.500986222116,2,0.6453260391686597,3366.9590703718404
7461.690656219395,4,3,8827.561660614876,3,0.4680214506836245,10065.622240836039
4643.915013089437,3,5,4600.1255095277,2,3.0026205571981848,5479.502363646301
3157.3165095342088,3,6,3187.505634809192,2,5.5343915940910655,2603.152801251328
3069.278462411273,3,4,3023.212318313902,1,2.009404546326595,3587.0371584729864
2537.569201421125,3,3,2440.832790697225,1,0.6099220013352056,2308.7287682987794
4545.091565034996,3,4,4447.949257550973,0,1.9897622006537432,5939.329370497415
5335.628324025394,4,3,6158.559605706488,3,0.2024120033717562,4942.5260321343585
4305.301224863159,3,7,4459.2198858466545,2,5.9888448592224535,5876.745656217978
4127.147778127568,4,4,4994.585169755712,2,0.10054475193221966,3296.8249167762215
3114.6150507322254,3,4,3034.8670908624294,1,1.0414407659917022,4073.262062904874
1601.5578246526627,3,4,1557.4458481241045,2,0.46826852651017953,1211.6818701320062
8890.62607021986,3,5,8699.426245458944,2,0.13486454207208715,11267.763355315274
4249.845856414596,4,3,5054.444864464191,3,0.23952086731794753,5975.398381845235
5459.322896246145,4,2,6186.835097423086,4,1.0960921526524072,6968.058765264255
2785.637454184805,3,3,2676.057232764556,1,0.7948206196458439,3471.434756050014
4188.920494067501,4,3,4814.734278646044,3,0.11998309865678564,3516.790163788286
2744.788433736112,4,4,3237.157872754033,2,0.34588217065318455,2522.650052322884
2582.960281861357,3,3,2448.35475046707,0,1.3884423355683633,2669.890104332562
1352.6459368925262,3,3,1281.41478612483,1,0.14174754255234345,1408.668129360533
7185.600922364413,3,4,7107.051484486143,1,0.5395540784432906,10258.728411423164
3284.1820485613675,3,4,3227.298364633371,0,3.076034002830072,4234.332066998941
4736.094148572507,3,4,4629.1908471761935,1,0.48067569300594576,5724.906244391313
4239.716944680854,3,4,4096.88956642161,0,1.9767055698806504,5361.233297871837
14513.45482372518,4,2,16687.779219709108,4,0.47991997048433227,16415.759372820332
3034.849834464719,3,5,2996.983118207769,1,2.555903449518027,3239.1480781885625
4680.065974757081,4,2,5289.661944684691,4,0.012515311430562497,5063.393971878847
4348.796441537507,4,3,5078.381806659673,4,2.374602981026855,5328.4964180357965
3226.7843262801634,3,6,3222.007014289039,4,9.090050935347696,2540.526648446041
3335.505857081405,4,2,3794.3995304762575,4,1.0750160645060645,4005.7695222742936
6573.925133838853,4,2,7393.0702047687155,4,0.5201732215715941,8495.325196580625
2811.103238861449,2,6,2226.4170115982047,1,5.328682034310047,3778.0354064962617
7109.077180582436,4,2,8205.357594718742,4,3.30952676304659,9829.907453186846
1479.0620418684189,4,3,1716.4136476708304,2,0.2713859953485798,1618.2388097746739
1852.5104449102625,4,3,2144.99336510747,3,0.5270434557023873,1390.8358068440768
4272.837128191281,3,3,4140.7521190077205,0,0.21870466660510632,6035.076990177766
3158.9034215278675,3,3,3016.403518598973,0,2.261720184905435,4193.745479356926
6305.523474034876,4,3,7363.773769451683,4,1.6748487355584218,7582.646798411823
5554.530086251407,4,4,6514.075804591864,3,1.831795695777559,6102.4526673207265
3912.6874985617997,4,1,4424.456840124922,4,0.42473982953161,3976.0618567705255
3667.134022773111,4,4,4350.2130235852455,2,0.30700490342381836,3716.9305482818
6515.730804704539,4,2,7533.238162481759,4,0.29883187664933836,5798.879242497482
7219.309027949099,4,4,8693.074095689695,3,0.4742154228467674,8714.682144887904
1611.4255154265477,2,5,1272.276529662541,0,2.9729487734004403,909.3355669240277
3632.723725283912,3,4,3492.504943044655,0,2.692417366727665,3518.163023724789
4508.447242739414,4,3,5360.441938181885,3,0.8520961934059309,3901.765091119988
3114.3136791558345,4,4,3644.7768643451436,3,1.4858635195008647,2353.782821897074
3694.0036932071434,4,3,4230.886757181588,4,2.1097908470291435,3179.308075517171
4250.80858919499,4,3,4963.384927237759,3,0.3757249884562134,3762.9943296044958
7048.103162870324,4,2,8200.053218628602,4,0.27773321539218526,8127.651558625235
3696.1119786071567,3,4,3627.897223686823,4,4.049353031426705,3075.3382898245573
3990.65291522041,2,6,3170.8561697622076,0,5.061283876349066,5018.015859836424
3284.7453892836797,4,3,3798.9735112123612,3,1.4668218214080857,3069.9818479386313
4690.279401130289,4,3,5472.241264989704,4,2.836374430589359,3584.8897929176137
3622.9547113259837,3,4,3543.630323672523,1,2.4410523542602336,2984.0724120068357
4145.845680178619,3,3,3942.7502623689697,0,1.4458087670331556,4949.454732601015
1742.4875818634837,3,3,1681.3902882047096,1,1.1378198182465342,1530.545380331857
8742.110882645138,3,5,8651.714212878738,3,1.9240171548301899,9267.20638272015
4714.7079559042695,3,5,4624.283207586303,1,3.086485730968253,5959.738132602287
5141.963965101373,4,4,6107.2375175624065,3,2.4139302727374297,5047.89246563812
3768.0010213049977,3,4,3611.3629069158146,1,2.6630146836709834,4929.337252377097
4200.278180613053,4,2,4774.097806323054,4,3.270130545880368,3429.0707804787157
3251.0583819031654,3,4,3127.656794239155,1,1.2188444222634676,4596.693586775683
1539.3605493634352,3,3,1441.5362705950347,0,1.3285556263277756,1614.5918697761151
2835.5128728651493,3,5,2771.8706205562166,1,2.3897960901865978,3594.193971170893
3404.941475978169,4,3,3911.448805626451,3,0.002195791997168336,2566.724127394437
9771.659626271789,3,5,9739.489821302197,2,0.17261427539516988,13852.494994688948
3445.1057866076876,4,2,3918.5385180968524,4,1.1919942104921213,2507.7217502588755
4797.769909361602,3,4,4759.03734300356,1,1.113465835473162,5414.92113849885
1314.1610706669396,3,3,1267.8945374123039,0,1.0368614085005663,1142.9704628037007
4248.050657350671,3,4,4094.0704202442844,1,0.41272980937216014,3994.4019460843815
4632.921080586929,4,2,5363.554296728544,4,1.6168335546811285,3659.5978742798993
4157.235758496462,3,5,4204.695616173279,3,3.7444626589423144,4360.0052032145895
2944.974760878031,3,4,2916.6403388649524,1,0.41179698798059533,2276.799549412297
4115.531671265705,3,5,4040.469184392842,3,3.768688611807086,5947.297211473414
4112.563028015375,4,3,4745.8096649452655,3,0.4861183091094239,4728.29936567547
6212.920366637429,4,2,7043.374051873167,4,0.5312236249890572,7422.091506947288
635.7633394360851,3,3,619.3544282567905,0,1.9166015427999108,552.8615297974978
3419.8139053809396,4,2,3965.3846345470142,4,2.891545951617927,2674.4374360722304
3055.295833608318,4,2,3541.560958941636,4,1.2115111493860662,2837.8133634251
6327.407833669359,4,2,7156.8819247393985,4,0.49956861364618343,7858.784497074058
1933.9059752181915,4,2,2183.4137413680373,1,0.2965070755183482,1866.1248290303288
2340.0465512400506,3,3,2256.511688586755,0,1.0891233336332857,2125.517434781321
8629.419510681279,4,4,10157.40589544635,3,1.3311822068186292,10665.118194300678
10426.111833300258,3,5,10204.515075483843,1,2.4647619252346646,12735.341393282373
3595.2339358937325,3,4,3479.5080043034654,0,0.4149106762392032,4126.860974476303
3978.3758767771924,1,8,2335.652662990913,0,10.547060828272603,5492.148341275738
3599.373171461107,4,4,4274.807573173864,2,0.365337832377298,3701.047012771644
8646.905961167455,4,4,10144.910875327434,3,0.08906935711316119,9296.348549581433
4648.3703815298195,3,5,4673.909485553476,3,3.2828950571734743,3726.6080114234655
2716.793825929934,2,8,2209.4095352986205,3,9.196920987368086,2350.8637031201006
2424.1292492230696,4,2,2717.3402562107576,4,0.9615864446973861,1852.7378853772855
1805.264789413395,3,3,1758.4338466801014,0,0.20414193902468325,1481.1221135072008
1520.0516921363278,3,3,1453.7843833528977,0,0.5171496113133389,1151.4920962219653
3553.7842391366216,3,4,3445.403627545758,1,0.6945283932647186,2738.5355307926375
2981.1186993220617,3,4,2912.0379559042085,1,2.026510481996052,2418.007601753451
3295.4388026153765,4,3,3796.844612571657,3,2.1229866685049434,3144.89674311346
1592.3906130831306,3,2,1517.7911842806611,0,0.5618579974626228,2121.744563518145
5111.0257732623895,3,5,5052.991576940768,3,4.398333599348189,6571.490743377584
3374.2067078785253,3,4,3275.968899210104,0,2.16672100790815,4136.403319723398
8284.155818015379,4,3,9774.4028891024,4,2.5786018006505445,5963.400765798158
4862.672269911963,3,4,4719.296448156133,1,0.24425107248246333,4888.507647889018
1714.844114545423,3,2,1602.3829642088792,0,0.6019360621150864,1992.7204853543517
8349.035467333677,4,3,9933.062537503853,4,0.6808845004562611,10681.98834269366
5968.837929163112,4,2,6754.675148630212,4,0.6875881354604091,5311.3523192212815
3950.9320325161975,4,1,4437.722738390826,4,0.3934105663936992,2949.620276053494
6806.094160802904,4,2,7718.22647528725,4,1.0623442172816302,6242.937063186102
5659.943992731432,3,4,5418.567164555572,1,0.09285057871036574,6646.091857465786
2726.5000756182108,4,3,3129.3842882459685,3,0.04348238974797956,2112.3978770924887
577.2473556766265,4,3,667.6615156911354,2,1.7704992167244733,433.63274908338826
11017.796040473402,4,2,12663.345776852266,4,0.5991795104246912,13958.236821945877
4190.240221971935,4,3,4931.407755255477,3,0.14941508774022677,3741.323333395246
7474.757431197981,4,3,8887.298320698825,4,2.5159196778145976,9878.013600743114
4127.585937833177,3,5,4126.645516596834,2,0.5956901684416052,5263.0247975436505
3586.644935280262,4,3,4145.625666707514,3,0.2967249726885221,4927.035713650564
3012.5675637526333,3,4,2991.219734065021,1,0.6672642254448732,2949.2025063424157
1583.5180512447664,3,4,1576.0090070904496,1,0.8034827885598038,2104.2999322608202
2107.6321247916185,3,5,2099.340917265732,1,6.280427050174861,2557.347076083042
2609.2767455211797,3,5,2589.339523527209,2,0.9238691153560228,3220.8029421921683
6070.647585030583,3,4,5899.243974420457,4,5.001717008130109,5326.3174887945415
6857.370420369179,2,8,5715.055536164398,3,9.621465725164073,9319.978058247898
9184.96523175791,3,6,9532.50054054483,2,4.345124312200228,13236.275049373933
6516.517423042272,4,4,7760.441977617301,2,0.19629379322167084,8619.084859446897
1703.9205953451585,4,4,2005.065209645284,2,1.0062978746760205,1602.5119998674745
1476.251440126975,3,3,1428.7990243826405,0,1.6833484043891778,1385.2572308188244
4343.838318972282,3,6,4361.344023566997,2,4.452184592501114,6168.033290095855
4281.3852044038285,3,4,4138.634389475573,1,1.4764835850890201,3191.848188363184
1436.5464270908174,3,4,1377.5159552795094,1,0.6577892078766744,1192.2684414965256
9271.91453462998,4,2,10409.266132757648,4,0.14990804290521093,12573.97037933005
1946.0904358755827,3,4,1889.7387375985288,1,1.2142858901867735,1401.650260187692
5661.151132484001,3,6,5785.8209950440205,2,3.5230264505088678,6290.355418056232
2272.668697225312,3,3,2131.1035155992163,0,0.7300767063751389,2891.044236416976
4840.735979667985,4,4,5782.1931166773065,2,0.35109838599217075,5075.26701565113
4652.954964993191,3,4,4568.377118779562,1,1.4559542881442866,5676.506894369537
4643.643726627923,3,4,4522.392001400718,1,1.4948528142684632,5395.438389532973
3876.7040958382595,4,2,4428.549651304164,4,0.7033759014330782,4673.079879928453
7534.45323834908,4,3,8884.59938603779,4,2.2338121113406375,10607.639183514508
2566.057299103752,3,5,2534.4062371236955,2,2.5001752764344967,2320.1221039052825
10006.545713761514,3,4,9605.740835739402,4,4.102214725243542,12677.153510376202
1083.6051852873525,3,3,1026.8324676735897,0,2.1428751099888155,874.8928362390354
2439.5248669866014,4,3,2792.405774552428,3,1.318891796098565,1867.5088060772575
1378.1828436578505,3,3,1329.6545237592316,0,0.5553780642616797,1037.4516140849696
6325.135172981313,4,2,7251.792992410983,4,0.319588977971652,6562.652487143663
1950.439288927148,3,3,1861.0439425519971,0,0.9072728975092104,2200.0214269933263
4077.116578403397,3,4,3912.4793738348985,4,4.624528390582295,3395.5169774108786
2761.01712617486,4,4,3319.0042816562795,2,0.22621459559288795,2773.8174195190427
1802.3483571462314,3,4,1779.4785348059615,0,2.7748789278162382,1391.8595552603958
6110.916292683811,3,4,6023.771048893144,3,0.9701827066927912,5043.952386931781
3679.4519253515414,4,2,4253.8473659243755,4,0.18634050558948315,3311.771507359171
11790.085932640128,3,5,11627.104323725369,2,0.10800943291587756,16554.531912671428
3324.5544688903515,3,5,3317.318271717868,2,1.5919591516929394,4595.223539415027
2230.755549781551,3,4,2192.047295291585,1,1.6418967358744634,1626.7606087894637
5322.105220780621,4,3,6287.957443543173,2,0.1621846862728254,7304.286637672093
5879.870346858081,3,4,5687.610443867801,2,0.44390428504873825,7636.525258558535
3641.35839005667,4,4,4393.84385624327,3,1.8635173273138783,2958.6374994622365
4374.323402743924,4,2,4977.527854971213,4,1.0145556358212855,3657.611360748133
4578.30008511699,4,2,5301.327023873832,4,1.255809347652181,5718.566986065757
3034.6391592240707,3,5,3063.942165558787,1,4.380665328917641,3728.765758329279
4637.550057011672,4,3,5514.00313142313,3,0.3385179314895924,3892.3510455888345
1768.2219893349807,3,3,1687.9351644976766,0,0.24558938815192316,2285.419621584436
4627.830293701463,4,3,5374.379040394517,4,3.371891365757142,3519.445045039069
4957.516265617502,3,4,4879.135648323216,3,2.1036144237312646,5144.802307835989
6596.913776545528,3,4,6462.399624495174,0,0.4533126419801558,8513.307201642778
2382.1550196876574,3,3,2320.4663670595014,1,0.6894588948916307,1958.9179537888829
4892.807186866395,3,4,4714.172657488198,2,0.019091899470729687,5004.441903295367
2338.3382631907016,3,4,2287.0993773268124,2,1.469193082149034,2118.2674329898155
5431.25398373961,4,4,6506.727415969801,3,0.33674007393726046,5064.595154742255
6359.126180368131,4,2,7227.958832184104,4,0.33183405859648024,6848.338079011318
1572.4158782832583,3,5,1557.1001577483232,2,3.206901920311164,1897.1413925648335
2844.6894716360207,3,5,2797.713383826932,4,8.236759944403232,2053.8258942125144
8985.954637094324,3,5,8919.230883584354,2,2.676496280998419,10042.181776884672
2754.0589354126255,3,4,2637.450498600571,0,2.391195285947765,2291.234953299096
2970.129237632768,3,4,2919.0538679439956,0,2.061418563250031,3338.8866277784377
741.7216303884479,4,2,836.4663922637973,1,0.6960720162856033,537.8041854129408
2605.899496007235,3,4,2535.10360135962,0,1.8599945730393492,3140.621387227095
9213.223270180648,4,4,10856.181132303622,3,0.10637592126413432,9590.67606203216
832.6893418732623,3,2,789.082839752933,0,1.4187073586021446,790.507264219564
1603.454950132746,3,3,1545.8268281875994,0,0.8459354961759712,1158.206717784973
1729.451907617561,3,6,1748.312838213688,2,5.896372315386658,1469.4774675496574
2860.1573521154087,3,4,2816.652205816742,1,0.24362153448041068,3431.508655173498
2741.071052693325,3,5,2753.350685694156,1,2.216239982203324,3347.3548933370466
1829.1298393559546,3,4,1795.4787306386365,0,1.8626516201702572,1558.308870333029
631.7586963768684,3,2,593.6869986524526,0,0.38602745204622113,414.34371795730823
4729.947664596833,3,4,4603.742459030779,0,1.3362138961445087,5867.82830760575
3112.903725405661,3,5,3151.2646857328955,2,2.3707415961352343,2560.6958638988285
4160.245404572737,2,5,3225.2651627364703,0,2.9250130587145082,4566.159297403529
2911.8457529682037,4,2,3313.733396563147,4,0.627130225628953,2162.074941754466
4394.708631628993,4,3,5126.41799227788,3,0.12427187014906582,5667.1188612408605
4799.923131200783,2,5,3762.733669435739,0,3.666866316614161,5561.37156064902
2023.4911775992728,2,6,1612.0828822416704,0,5.149911235943934,2745.0257635582816
3186.9221455503334,2,6,2514.35133808587,0,7.488519833080922,3747.316143515173
6138.627763056867,3,4,6046.418570192118,4,3.5727658439846564,6299.724635761216
7623.735457721661,4,3,8964.229841300981,4,3.4293930603952156,9997.597693326614
1620.095167199462,3,3,1572.1920670346644,0,1.517045458816206,1163.662592469006
1973.2307518519228,3,4,1895.7999831089228,1,1.1204538936147075,1598.5042093213156
7312.618487077219,3,5,7148.977564181722,3,3.1649495778233656,9743.816763841158
12321.858432257868,4,2,14158.87883364692,4,0.11619028354615121,15129.694117401204
2671.735692887387,3,4,2612.9978567391922,0,0.7446985245553376,2847.3020224621173
9352.92401713772,3,5,9158.872921272445,2,0.6006077215948489,13288.074071755833
2378.1846379847975,4,2,2718.8794025907123,4,2.5229738846996463,1589.4127597489091
1217.652652341376,3,3,1184.4867365143593,0,2.076462405227801,1016.4545132159789
1796.867270319564,3,4,1728.3779544756858,1,1.575149258060085,1671.5629142402452
6332.348718188527,4,2,7110.117309575926,4,0.723258328165314,5301.414184577866
5576.350520759308,3,5,5556.138481211677,2,1.1862099712080132,4997.5041288827
2141.880215282477,3,4,2080.227575264209,1,0.258486735671071,1717.787014131109
1244.9162201566403,3,3,1202.5594462684332,0,0.5748352815197247,1252.5900885351205
2083.174136542089,3,3,1963.3039439379615,0,0.22212242916408037,2006.1158104146123
4544.243610342514,3,5,4507.690162576268,2,1.5056946977750492,3516.563503482684
6281.845185951956,3,5,6156.694465425262,2,1.4655491905900608,6977.917888697894
5393.853388777341,4,3,6417.79125953652,3,1.7039285506206259,3851.357887529959
1284.6246576525687,3,3,1230.919777316003,0,0.8685196524693604,1808.3820819472264
2309.615892629594,4,3,2706.620574276889,3,1.321242992259949,1933.6234483795608
1849.3419213719512,3,3,1781.4513106268878,0,0.7560227257360217,1150.343050211169
3817.370205016207,3,4,3734.735887667813,0,1.0594245035838183,3407.6345604482435
1585.955492479671,2,5,1239.2266763279667,0,6.187121296733474,1186.7718141056732
3014.7434003540875,4,4,3668.2737526931523,3,0.9771911631955013,2385.3457873662796
1984.7479873381528,3,3,1900.676766820999,0,0.2466916338792191,2189.9957570022543
1330.0771646532153,3,5,1338.4403520314777,1,4.187487774281588,1047.4919849259288
6848.740087936453,3,5,6790.273107453316,2,0.6704957204231335,8370.307858389298
5793.131687203473,3,4,5732.774109965954,1,0.7448419168541259,5907.245759208101
2232.8230127354805,3,3,2098.0698019998217,1,0.7051379321552252,2598.0301732546573
5341.760660766079,4,2,6008.0548488843515,4,0.09707341496533706,6508.133370763071
4511.958143571677,3,4,4338.7035310995,1,1.5569499078747824,6256.103191514965
3288.6647949299536,3,5,3290.4407661114383,1,2.1691143472874397,3427.384462592463
6195.0457333964505,3,3,5937.136386249053,0,0.20129276320236225,8890.626813103203
1858.612425362326,3,3,1799.305913337271,0,0.6593998021401355,2271.9028296840947
2604.177932379248,3,4,2508.0630021209545,1,2.266934990066667,3035.4501135098844
761.016322441038,3,4,755.1324783012482,2,1.9544202328465088,541.0864370991164
6904.732704543843,3,5,6797.485916496276,2,0.10266408921839752,7588.781348677205
7344.902692548554,4,3,8706.150900146253,4,1.3693972770608835,9132.801814351342
7404.100626654642,4,3,8505.922276513025,4,2.0615827297340035,7088.479081755081
5048.652507587255,3,5,5005.450619955738,2,1.7494680284483026,4288.814520158404
3139.036954918946,3,4,3048.516849892411,0,2.708131670383825,3882.6411059827064
1566.3908061447032,4,3,1848.8008482129262,2,0.2869569677423348,1310.0336399731068
4075.340212811009,3,5,4131.733593018333,2,3.517425948312775,3700.288007860982
3605.145891313954,3,4,3580.778370629278,1,0.34864121451475294,4408.113629295582
2024.8157154102248,3,3,1971.216027330128,0,1.4984575889042946,2621.9466561644654
854.1809613984526,3,4,822.3058904263835,1,2.9427358172132543,648.8276151136319
10352.663866124909,4,3,12318.480859245883,4,0.9426459609575824,14517.543182727264
3387.0681426899614,4,3,3889.603414623704,3,1.7884478153016057,3053.850052042466
3316.962870575909,3,5,3277.210062796287,2,3.5874077835793896,2350.3744927277316
4319.040609442881,4,4,5078.390282854757,3,1.314843653392429,4110.199270273461
11378.779545583493,4,2,13058.259146832233,4,2.080424113686622,16349.792889872997
5155.504672021092,4,4,6196.398634917697,2,0.12542894687018338,5456.913100177714
739.7892450805589,4,3,852.8142752715277,2,0.126164115125564,519.1282467815748
1909.68705831439,2,5,1489.6646607464843,0,5.3536283462453715,2160.332773777208
2790.4843959945133,3,3,2649.867287808686,0,1.1197626075048461,2195.29773735046
3160.3747638813043,3,5,3173.499778778833,1,5.163312794142741,2939.4914986183153
4752.052941140003,4,2,5515.3985881343,4,2.5319030043334347,5484.186747842886
4814.957988936556,3,4,4623.341163515803,1,0.610251664712041,4798.678738987546
6299.22411851374,4,3,7371.559900721877,4,3.3483735288336254,8761.399401262293
2761.633142058849,4,4,3258.5750766224164,2,0.9855996621610263,2159.3022387003216
3358.1481509776763,3,4,3233.4689393205954,0,1.8917603445220519,4801.340171730157
5843.273350819039,4,2,6599.225961794007,4,0.46826069628389494,4709.730716174199
12144.63981384233,3,5,12346.581732926428,3,0.6787101448568789,14007.595481687731
1535.11099778229,3,4,1498.947258566122,0,1.3321212705525332,1087.1922462767336
3658.3799341612876,3,4,3531.083085511613,1,2.968927642826044,4307.340337085627
4244.777445833397,4,3,4934.1520415697205,3,0.7996735054888178,3534.96630607608
3189.1872853810273,2,5,2466.1069222407086,0,4.12676381491117,3663.24927238691
2391.566534126166,2,7,1958.872697558797,1,7.362080919004908,2790.1849769625974
3150.4111977118505,3,4,3078.428265163043,0,1.108521986140986,3056.0852249718287
1880.3865416648362,3,3,1801.3107303492807,0,0.9923947325149254,1611.3021917900858
2205.88517716371,4,2,2527.917111643984,4,2.6544554575272588,1764.656798795207
1135.4810655624733,3,2,1068.4585499166426,0,0.24212170345612488,1161.0975590261828
5218.920691442372,3,4,4997.3675919847265,0,1.4424588180637006,5213.561172533052
6801.520214238406,3,4,6700.216050427947,3,2.2894778665237636,8229.864903954169
2872.310150339032,4,4,3366.371370435144,2,0.6016579834752922,1937.3089976995525
5939.073650773602,3,5,5808.312165166035,3,4.406632770182938,7828.385445247353
2253.2369697502654,2,6,1753.1318466824691,0,7.321715301497473,1972.3774230454496
1930.7036999784393,4,3,2286.6480338705765,2,1.412941973729018,2406.137409185607
2779.8870839999836,3,4,2679.353822187219,1,0.08008126636432687,2962.733060913322
2952.041704837719,4,3,3485.880380875054,3,0.3006781307087679,2665.871056371471
1861.0739040296253,3,4,1844.2596236836496,1,1.118790746377704,1601.4584033739338
3458.91475353374,3,5,3517.8706942989243,1,2.3002775740127848,4019.9306418797796
1283.0099584570505,3,3,1233.2052294750413,0,0.27533420552413745,898.9722793642688
8792.13027564331,3,5,8854.742727820381,2,0.9543832759057183,11482.291297665042
9116.482104702605,4,4,10793.564299450303,2,0.45936730847429497,10940.648096600115
7210.175078530153,3,5,7310.740204695261,3,4.28329380160059,9754.273384176315
3009.630042553139,4,3,3497.373830252958,3,0.686538971542813,2437.133020824741
4119.732591212082,3,5,4160.503612533444,2,2.3876872121811856,5415.974262720698
5130.92577359266,3,4,4941.123849580118,1,0.3379162840524907,7335.503644575161
1042.2596882864893,3,4,1014.1870094155502,0,3.0589962516821028,1152.2824008443529
10734.502752706632,4,3,12679.190187316173,3,0.4373617152669173,13654.70820017064
7027.105073112158,4,2,7925.45642823235,4,1.3416753425926382,7049.338150418742
5035.483068712044,4,3,5928.517324102601,4,4.4070180924270606,3420.387887439846
2169.2191308544843,3,5,2173.512970823637,3,3.819448234379401,1888.3402962773928
2709.389616833871,4,3,3202.3021091303167,2,0.4753445138989746,2843.3441847084914
6009.562710092902,4,4,7056.779365420201,3,0.8905417457729977,5282.324653489909
2387.544784659896,3,5,2408.77248295302,1,3.4231553071293,2270.95602077422
2433.8889722473064,3,5,2424.367161090062,2,2.3475879693749904,2111.425935541395
4192.776793778864,3,5,4228.363861898111,2,1.8492919611757819,5773.343680948685
5269.4548478040315,3,4,5142.401546749375,1,1.6431970104714637,6911.162789344067
4155.148676309257,3,5,4168.162468503735,2,1.5266737187924908,5399.540348100425
2327.8119052069833,4,1,2593.731282168292,4,0.9576087886868425,2851.2565908681718
4625.765564432335,4,4,5480.570275764044,3,2.728855970682709,3560.1815638528747
4525.144286260749,3,4,4358.842190324917,2,0.2825971544164098,4550.112562558936
2390.7530046526945,4,3,2822.664728998936,2,0.19314845511222212,1897.4589744843431
5170.074164822832,4,2,5812.84044070732,4,2.367226273131671,3571.478220486957
4177.151585011585,4,2,4701.544202555729,4,0.3914910988257055,5099.002370539657
2502.7967057386772,3,5,2520.4688546862644,1,4.9874935035764105,2089.842578148611
5649.2902813847795,3,5,5657.538002432048,2,0.5165544255348742,7534.198720692136
3530.169037134931,3,6,3642.393900936418,2,4.217843099394594,2447.700172459534
4689.513878877906,3,6,4851.016042250097,3,6.037932464772926,3593.2472945969484
1834.8150338552036,4,2,2084.164374981297,4,0.783422146572027,2091.9036732394497
2811.0436540797755,4,1,3171.684637171772,4,0.7805712608135351,2111.073284845837
4961.222908769082,3,4,4907.7465535582605,1,0.6171087676551817,7082.824310750756
6675.608336740919,4,2,7544.475877901886,4,0.6659163386580481,6550.447231714292
2008.643850533141,3,4,1942.994152293295,1,2.1025951756164427,2032.4063047547954
2669.178107356762,4,3,3135.827831590193,4,4.492653170892173,1855.9618083307448
7908.889798579054,3,4,7716.378113787837,3,1.0669825712592742,9690.728948255877
2622.450789952954,3,4,2586.6847018884387,0,2.3447333686838028,3280.5897931829018
7425.022577737333,3,5,7521.041232608222,3,3.4775124601335103,7843.384463411916
5187.2542445876325,4,4,6190.706132468157,2,0.5029126052554238,6388.904467969638
3697.660402705937,3,3,3593.8819619399105,0,1.0817189258393143,4032.437337014232
3244.6316815588857,3,5,3280.5287386880814,2,3.055027083567122,4313.728191813275
8073.986894105555,4,2,9145.42189998178,4,1.673779546484068,9558.659126024475
6571.203612268044,3,4,6445.350754166932,4,3.9576012766076136,8278.549829945216
7061.918998565557,4,2,8203.6673141331,4,0.039435120430015444,7660.871936865562
2899.3179056969016,3,3,2792.106725899751,0,1.9624858817589586,3360.2062573973785
1893.1329800255412,3,4,1842.0315585401152,1,3.464071333798106,1545.35194729254
2880.7654152235946,3,5,2846.4373829272754,2,1.7691553194248717,2197.631990574468
5004.352488667463,3,6,5047.369254645683,2,3.1400783208621736,4114.432775115686
3836.941313002668,3,4,3693.552100498053,2,1.7507401549549082,4717.631610087512
2603.3663423794924,4,3,3054.0692663090826,4,3.2770538589852594,2200.4676550028466
4944.308774781302,3,5,5009.5644290824075,1,2.753727480300086,4113.637700734718
1576.7545176197532,3,4,1527.2452979318798,2,2.48341436915755,1582.6226946971485
3724.796050742586,4,2,4324.161711520617,4,2.141553694993949,2984.783048832808
1562.0770708084922,3,4,1521.1244891796723,0,2.9036366360831356,1179.3346075509269
2396.686475121772,3,3,2269.639751365267,0,0.45517529306589616,2623.9915550074334
2127.1069821611477,3,3,2001.9269863967133,0,0.7560998856560368,2075.6181251112575
3549.328690078983,2,5,2701.8132732907575,0,5.110447174978855,4217.902415226761
4256.214506059575,4,3,4987.682100837105,3,0.38471318389652787,4582.001435948137
4877.783305727683,3,4,4696.019011823158,2,0.9777721865960604,5239.310338524768
7013.2422834383615,3,4,6751.871846231212,1,0.004147318456025324,7951.767245668155
3760.376267105607,3,4,3660.6847717131513,1,1.7814981143662902,4866.845796096403
1535.9086860635828,3,3,1484.6099865319838,0,1.1902547227399956,1657.821547576676
4230.448859704636,4,3,4933.913746389616,3,0.01788601309582663,3393.7791323453257
5257.8450011384775,3,4,5091.1789602961535,3,2.822458058706248,6234.2521806766035
1730.736088358788,3,3,1631.6849160315237,1,0.37366739649119296,2218.545832576324
3328.9289605685567,3,4,3289.949305829785,1,0.2985253975345642,4349.717744147629
3308.5519312117613,4,4,3946.3113200877838,2,1.1988592177039286,2854.7735800143355
7963.180564142792,2,8,6441.654712325057,2,7.582313255178368,10948.26667876254
2402.1036822294996,2,8,1977.0940562956287,2,8.519402040580191,2491.59804400785
2444.04557441812,4,2,2781.4338703758563,4,2.2333583442833778,3002.780120908049
1312.856815438674,3,3,1273.034375104586,0,1.1605757294447994,1004.4312909300196
8618.075279244737,4,4,10389.011664438343,3,0.23073147850013065,10907.033669397588
2942.3658266186485,3,4,2821.8323729780686,1,3.1015385886033457,2567.0956715402117
2536.0103961825357,4,3,2950.333548267317,3,0.38524574413272195,1766.4299450617978
2974.3988447171077,4,4,3573.149153717607,2,0.4112501183628672,3043.4067766623175
5457.14110441185,3,5,5335.42633415013,1,3.5393307470573223,4503.079785734782
1816.1411276255765,2,6,1425.2010776777179,0,5.700569826717626,1373.658394606621
8256.312867553217,4,2,9316.153549669985,4,0.3983544149166313,10618.294562969137
2987.9258014453017,4,3,3540.580089675856,3,0.1174649235318171,2177.8104149353303
9711.925126388704,4,2,11207.84811088188,4,1.8162795638734304,8185.283234234208
3308.701844461231,3,4,3257.490981350419,1,1.6625746002772812,3877.6917768671733
7859.012644318143,4,2,9116.359358614915,4,0.6593333360638469,9107.940789990214
4245.75174886045,3,4,4149.263022850902,1,0.3245253774122706,4851.25547756191
2478.62096438459,3,3,2338.0511506988382,1,0.4770515111678915,3161.8916939170676
2417.5974318923477,4,3,2774.7871214722886,3,1.9235776350552205,2288.2149989657796
3680.442855582971,3,4,3629.434807040944,1,2.10320728403058,3459.92004389576
6861.738360449699,3,5,6829.388126320753,1,2.8583250482265266,6948.170801854726
4284.277565137461,3,5,4345.2719938359,2,1.9928380386947766,5482.691933554395
2104.050964896949,3,4,2017.2946336330315,1,1.5085974099491188,1939.046683961932
966.1294200249712,4,1,1093.4944024285016,4,0.1252526946109704,697.5934021180054
3601.631319490438,3,6,3642.851485121255,2,5.193610099062058,3780.664298165924
5884.052292073269,4,3,6909.145406999207,3,0.1769822711312856,6520.218200624394
3978.5886235678936,3,3,3797.887886013128,0,0.6415791388272962,4010.348409716557
4853.690466450281,4,4,5688.94728211952,3,2.3639206457784376,3620.7909725196046
3909.641515284497,2,6,3041.6640167055652,0,5.0169182668548045,4305.88953215768
1690.208277687459,4,1,1855.2275080275315,4,0.3896251200168956,1260.3035828959535
4664.039801834894,3,4,4482.700436068947,1,1.1437308099834587,5307.36605070124
1676.992919222571,3,5,1655.0121576793756,1,3.986384833986799,1132.8679420894948
4040.7665086069746,4,4,4782.275056932884,2,1.0209151008811703,5493.5872424631925
4786.9541673044005,4,3,5525.050977522477,3,0.07565858108865145,6439.617598655866
7006.880005795249,3,5,6901.40941571788,2,3.5377025245758564,9734.368481964058
4548.582802014556,3,6,4693.431763853406,2,5.20793088494264,6276.801712098279
7513.834627087142,3,4,7211.181204626986,1,1.3477137113426583,8922.879009880511
4384.282808210271,3,5,4358.922958551532,3,3.5171668046622626,4842.854925955265
3008.414169075485,3,4,2945.6480232913104,1,2.3730832540723164,2963.7299111985717
2113.2299027403333,3,3,2050.9163804785326,0,0.5577604956130295,2742.7227720658893
2363.2130236267026,4,3,2777.2968100119715,3,0.9664042872772906,1698.3720372626967
2908.9674284060575,4,3,3449.5755449398384,3,0.00044721286428786215,3211.438097891706
2533.579375771468,4,2,2937.300778536512,4,1.7250135817859524,2189.8368685017863
13264.168112244673,4,2,14865.748475178812,4,0.4101601259527431,16445.731069262823
3515.118001215339,3,4,3386.384728570939,1,1.0588029981250233,4441.842687357944
1692.741471587371,3,4,1672.8704958578026,0,1.6056616814046567,1315.1137484175565
3587.6251463988706,4,4,4243.3672250613745,2,0.23685374673871837,4254.221391216185
5580.072639332365,3,5,5637.797435918195,3,3.265303422789606,4676.697720365862
1873.769852668631,3,5,1861.8497788693612,2,4.390639785966609,2020.0016589875245
1612.5646024293753,2,6,1265.9208026704077,1,8.295845783226875,1479.8626245328473
5882.197389029837,4,3,6911.0656425783845,3,0.020360727507843263,5592.793175371497
3477.9730424239565,4,4,4117.3627112486065,2,0.14846608015529386,2447.358196147328
2620.7247480856718,3,3,2526.0793340707432,0,0.5933643191590978,2740.0058141957716
3644.1376895370145,4,1,4039.6484892122203,4,0.07091924337592405,5250.367733388494
1788.2902859038347,3,3,1734.666468780699,0,0.049018666186939334,1537.0910654964605
2782.4751279218217,3,3,2691.010438586374,0,0.5215237118713415,2528.74288400896
2362.337696324573,3,5,2389.7559038122754,2,1.723395411788074,1577.3181655690744
2013.3490391423761,3,3,1885.6275044138079,1,0.5133333320305838,1411.637274459298
6019.1659050193275,3,5,6061.107476858145,2,1.0281583168472512,7534.64182325258
7019.3505030460665,4,3,8230.457851456176,3,0.32794718667326994,8290.957082799212
1912.2769997860878,4,3,2249.930440540562,3,0.23819223051923583,1558.3469775889907
8738.874696842577,3,5,8727.667277438166,3,3.3055920268326724,11378.759762417709
6187.5672964823425,4,2,7012.751025841969,4,0.579059904889165,7537.5563921024
4348.519654404958,4,4,5130.138666173545,3,1.6711055038172333,3998.6553133513135
7986.703224826334,3,6,8054.260862858909,2,3.0123206179396016,8628.151090059908
1759.7459262694279,4,3,2049.8568240654,3,0.6879201988307897,1241.2302556587442
4919.555797892993,4,3,5637.208494399471,4,3.8011952618002165,6590.475320611425
8919.51393423646,4,3,10548.619683037687,4,2.9367004290916165,12510.704414435668
4177.158292310003,3,5,4170.86228484717,1,1.8869270183479787,4201.745543861027
4516.086284799412,3,4,4384.38332599947,1,0.10855199535077045,5833.697555080392
3450.741044759459,4,3,3954.5456161696457,3,1.4039913203969394,4261.801191772371
5597.188775803382,3,5,5686.428627524346,2,0.9922051822905867,4499.639880965103
3656.6610073802767,4,1,4103.937235867907,4,0.1851952067535627,5185.652567322233
6012.058295358809,4,2,6736.443157749886,4,1.2812146936532012,7544.007631662741
5483.690505055832,4,4,6597.307517549687,3,1.803640857203123,6070.998704073134
2849.751285209126,4,3,3289.9996462505483,4,2.9313492965864345,2016.7280056576485
2065.9976277016344,3,3,1986.9918189630214,1,0.9912329460501244,2018.513296313463
3031.515479489528,3,4,2992.309309361789,1,0.9547320910210034,3908.2264188220965
5893.267389726598,3,5,5995.5958287102985,2,1.3245751047466088,7562.0872482402765
4278.619435679896,3,5,4195.1523720639725,2,1.1550316497793973,6193.7701134893905
2627.3566664264063,3,5,2579.3693945861664,1,5.341668876638189,3597.539402915521
3966.8326937825946,3,4,3846.8108568883426,0,0.6407170789464486,4430.744408250561
3761.767168429121,3,3,3552.330352778896,0,0.5325144772455205,4328.239650384423
2658.1726022490298,3,4,2630.308285333649,0,0.7661551511496739,2791.6590368064394
7985.490860261752,3,5,7809.422103342658,1,1.0085719845493266,10138.635060115346
13111.175639337678,3,4,12823.861554151785,4,2.6334984584015015,15578.567087808115
2824.998511696699,3,5,2854.9826838427234,1,2.1487073110383847,2441.5789275067687
4133.758975091273,3,5,4181.020819865135,2,2.9092714699282682,5393.674461069695
7998.227400440796,3,5,8078.110489800289,4,4.950503627956867,8139.865432350403
6698.742211720834,3,5,6704.9625659296125,2,3.067120992209064,8654.418925282034
4701.09962199628,3,4,4586.57797900238,1,0.12199428300696867,4440.100335695168
5581.576007982436,4,3,6480.23223833015,3,0.6739149922399974,7451.965911472947
3700.0744629754936,3,5,3624.2732730501384,3,4.224476019941698,5083.368683228326
3948.7949258741683,3,5,3986.0006166401954,3,3.940204053050509,3135.0254519872988
4078.7187929803513,4,3,4795.50797730209,3,0.12103273581190195,5041.968670826816
6641.450793612688,4,3,7639.201511599598,3,0.1201054915251185,6913.305016618414
4363.072011746977,2,8,3641.7116817774327,2,8.69525109367543,3256.4371691440824
2540.034602513349,3,3,2378.6407435464853,0,0.29338838114799776,2282.223860957916
2241.171605732185,3,4,2180.1362638750643,1,1.9075668609438692,2172.5073161303976
3268.562928377801,3,4,3202.586488031233,1,0.7350437646015842,3714.67666343788
1133.827129635727,3,3,1066.4329560894648,0,0.6173061872694618,963.1747955655368
2364.6964049434073,4,3,2720.229046044579,3,1.7314335751552725,2748.8093161597153
4538.512085994307,4,3,5393.389703763056,4,2.3175063876528186,4142.4243903118295
4528.895009052516,3,4,4405.304010193037,1,0.7118808466912099,3952.8354201982306
4705.415187880903,3,3,4494.632682265775,0,0.062292095857322885,4532.540475470004
3839.6466579177036,4,2,4332.474713349837,1,0.03995277290177328,5163.382795282457
4963.160466425371,3,4,4935.173908896309,2,0.2664658842922698,5346.621555772084
4168.359090120463,3,4,4120.391090294163,1,0.8638528204672643,5063.088747007433
4256.218354762285,3,6,4301.458979857586,3,8.84344445562845,5409.221008623261
6436.958073533736,4,2,7257.3862328069845,4,0.49199543092526005,7384.566891673551
5339.583403900035,4,3,6230.225005591743,4,3.582125035522207,5930.710650324991
5848.297969330104,4,3,6945.886270149049,3,0.8701726955633905,7950.876975413069
3045.3260191969903,3,4,3021.929825502486,1,2.4825915326637307,3640.8324604408417
2776.681197201151,4,4,3375.171467653948,2,0.2679771104925533,2855.6820635381764
8063.590480757416,3,5,8083.317004332899,2,0.49781133691933516,10323.567791433084
4862.769985605914,3,4,4781.222301310994,1,0.1571189036371284,6350.214525502552
9704.696912237197,4,2,10875.43790422448,4,0.17831690952984117,13719.331820061056
2172.5778309967773,2,6,1747.2631917589654,0,5.4857116625841655,1893.999405288071
1901.8628938058157,3,4,1860.6317595279895,0,1.2240262829447812,1699.5620462572538
7434.880295404494,4,3,8840.913897425573,4,2.6237228892995685,6246.156176070233
4707.084689096704,3,5,4653.468475356126,2,0.573764061663101,6522.134174849824
3184.889599060675,3,3,3067.9969073479406,0,2.5282348793596925,3637.3031994588473
6445.776519790697,4,3,7648.271956902959,3,0.33756216435428243,8099.706234613021
2980.863250629562,3,5,2981.777640560757,3,3.0426276848301166,2274.021982129082
1643.7385010960709,3,4,1588.5705745791918,2,1.746245289480711,1101.7012049417501
3672.013050453064,4,3,4225.418618199051,4,3.162701136172778,3599.1185624355803
6851.940997739295,3,6,7057.632144298814,2,2.0577505428956218,9547.231967814549
9618.618710933371,3,5,9603.65965443664,3,1.4580616886340039,8914.288085625154
2045.5292681798499,3,4,2006.0952015921273,1,1.249557188404952,1510.6871956875057
7048.024040844078,4,3,8322.295713274641,4,3.8143445834635608,6640.270938194307
4618.103503695275,3,5,4528.567433824129,2,2.598230303754046,4248.83167268582
2285.6929932387347,3,2,2109.4996792741254,0,0.09199871361396363,2716.9326990294917
7001.859934036455,3,4,6832.261812097388,1,0.33736471405952123,6689.810030594195
4825.800801093657,3,4,4799.603662338549,2,1.0990991823443468,5718.335762691292
6516.8358695022935,3,5,6542.157603997052,4,7.995572324698248,6730.318737557485
4626.817671476936,4,4,5412.5346224278055,3,0.4182512022421605,3515.704653300379
1680.7321724557237,3,5,1679.6557577556532,1,3.694753317327202,1277.1984328567332
1689.709473321429,3,5,1684.6459204893904,1,4.4763325228295425,1286.3226250737127
2986.248249963256,3,3,2873.8195255482765,1,0.2481046399912014,2984.696903844764
2695.713093234811,3,5,2688.55449885831,2,2.7302577981679126,3240.0953696774836
6097.359285390129,3,6,6207.6639808308055,2,3.7178353663384787,7377.65158933117
2754.5393945866513,4,4,3234.589836529974,3,1.7661199875394262,1835.041505892872
3942.0164243720415,3,4,3824.3838367532103,0,1.111682864933013,3505.998328444921
3375.475776289002,4,3,3994.7115010159414,3,0.5210254903416811,2859.3455817792933
3742.144969292835,3,4,3633.3443144232906,1,1.2093453032474568,4488.694380442001
1852.280120211547,3,4,1796.8912824257902,1,3.662648270216183,1557.4341678409119
3752.4927971659545,4,1,4244.686645732128,4,0.08935752754381918,4640.418090843156
3081.7195923860113,4,3,3636.8662098484356,3,0.4602435483227011,3235.851132950461
7485.688054546022,3,4,7241.085150495723,4,3.310599630791594,7409.828698082173
8647.648017626363,3,5,8678.781464513067,3,1.1358449794400571,10098.521104058122
6261.381818554502,4,2,7102.568680798352,4,2.028359572086871,8210.450692308714
1716.8811110908853,3,5,1684.9486132310587,3,5.816205091968276,1542.9186560652213
2613.5295831585613,3,4,2558.915991769882,2,1.3329797057031256,2044.4883328239896
4390.429132380115,3,5,4378.6041578417535,2,2.968789938233119,4989.162636736739
2141.4702259905716,3,4,2055.3061330582236,1,1.1369338559136069,1443.9482657668518
1504.1306809431242,4,3,1744.4393133633957,3,0.9995053370054165,1466.3289369114864
10661.39172178287,4,3,12566.36634956421,4,4.221883929973814,14046.616337977632
1705.4917328429617,3,4,1663.5515205537588,0,4.558204094584897,1985.961506781359
2418.461354483217,3,3,2333.5395709903637,0,0.3423257762786756,2672.9119294722527
2090.805599681899,3,3,1971.4929197378938,1,0.9208821661617195,1776.3389837443071
2038.8613307217556,3,3,1933.4037272293763,1,0.9068349564980933,2256.414490010638
2088.9440715961628,3,3,1994.1754392118696,0,0.33109573384681146,1699.9939923618808
5771.029552502456,3,5,5694.357529721308,3,3.8662404914385973,5388.45636566084
2994.7362215462326,4,3,3490.859009178967,2,0.00018049066759552525,2517.255490780263
2715.0052453441235,3,4,2701.543425300744,1,1.5603765989216198,1875.6273396970353
2397.043644547765,3,4,2379.58961745388,0,1.9298458971412675,2224.6953205495615
3229.233962941513,4,2,3651.724338591409,4,0.35017474861012,2197.59989585708
2823.926691508398,4,3,3295.465581050365,3,1.5081238440654408,2375.062417310964
7195.301840926747,4,4,8472.801516465885,3,0.9720585733301086,6871.900535099393
3039.404028782817,3,6,3040.8357500754096,2,4.686472863855312,3123.656037833156
13086.145757306878,3,5,13142.132169395398,4,4.286378539114111,16989.742848428392
1628.6818494551876,2,6,1311.629138687459,0,5.9954836418484,1863.850018092956
7080.657800206664,4,4,8517.210680644475,3,1.5266246646648478,10380.244196626389
1828.3489345604062,4,1,2076.7713197091166,4,0.918310333604472,1437.3683964453928
4117.244345086317,4,2,4657.686131621334,4,1.5159473960715393,3398.189806572117
1240.3531811578885,3,4,1212.0626784857288,1,2.8074530893836283,1431.6414060194527
3275.517023497384,3,5,3241.5631135815397,1,3.0766631586924347,4120.527200214159
1041.9205149064842,3,3,1013.1111411630114,1,0.8963880029915345,846.8668487407538
7821.914927397832,4,2,8882.086394343172,4,0.7704314811453518,9426.058972388924
2636.0913835747097,4,3,3068.94896278132,2,0.3177120541718521,1980.9571190561207
4362.734651556585,4,4,5278.829970758545,2,1.0254088627574076,5469.313041672966
2259.893879018256,3,5,2271.9023462049713,2,2.698976729369996,2187.891781179011
5497.540314087786,3,5,5499.561743118281,2,2.6420016249174,4949.991116393554
838.1571886398687,3,3,789.0804139298754,0,1.2999958544348662,651.9992521598723
2254.542086517533,3,3,2145.8575473997034,0,0.6095829650586493,2795.2075431021435
1992.7757399578627,3,4,1950.3524800477805,1,1.8388545433794907,1705.8647871046023
3625.805991938759,3,3,3486.916270841046,1,0.03242901353455385,4367.168306215814
1558.5686457302854,3,3,1470.4988050616714,0,0.23858244965650963,1260.2614412953228
4156.535331226101,3,4,4121.034001301669,1,1.5947477757372508,5150.410267974244
5466.281765012114,3,4,5375.345890395868,1,0.6158689542902056,5106.668582868698
3388.1649913588512,4,1,3794.5187002601765,4,0.416837246823405,3435.6958356254772
5693.405432870734,2,6,4588.944163323935,0,5.73960239700445,6580.424321654595
8832.935784462588,4,4,10373.08925920326,3,0.33439577127501346,11565.2719790336
10648.811866982123,3,5,10822.30254732163,3,4.143643206252851,8741.381039712925
2551.8649815018207,3,4,2540.229255635166,2,1.2452813753525422,2826.63127951383
2716.3870238780764,3,3,2621.3817885996104,1,0.6541972090125991,3780.7370970685156
2606.9326718273305,2,5,2051.9385150095864,0,4.9938191601753426,2529.4078549200317
9269.394320601656,4,2,10550.151828460761,4,1.9097919246263406,12478.497657604232
8425.73389879849,3,6,8502.373913403344,2,2.4269886652440444,11099.140658319147
3239.311685232956,3,4,3149.472394412896,1,1.638473462937711,3667.6593822529735
2318.5551082512957,3,4,2281.1907210616782,0,1.2143162969005294,2292.705476665183
8268.936089182474,4,2,9303.748411546007,4,0.1311473758971287,10190.465829735733
1530.5521894116,3,3,1458.0162896965526,1,0.7712812063055733,1273.2570490501214
5206.811696057084,4,3,6084.079809891496,4,3.174620242467256,5761.481461799393
7115.52086411474,3,6,7179.130495579271,3,4.018206642282593,6259.300333823561
4065.7405572085886,4,3,4738.6327302933505,3,0.6096192115722281,3634.2628590273753
5444.326268834957,3,4,5342.970454590904,1,0.33863800322189125,6987.849509527837
2586.926339965924,2,6,2059.532750043033,0,5.350861097988595,3137.034666353659
5648.785599129754,4,4,6654.915548455108,3,2.5030571436630344,7425.2433938583745
6105.914955920999,3,6,6151.517312961581,3,4.820282132125971,5674.700812865159
2539.8713146397668,4,2,2931.4091724818577,3,0.5273492271766457,2011.123028283684
2689.954973769043,3,4,2675.810451534341,0,2.4748794677984476,3011.3604711504067
2195.196909496206,4,3,2542.339695780178,3,1.2108666943840638,2762.395146596185
3639.695671758177,3,4,3557.6617571209345,4,5.188444193950554,4579.277674424096
2745.0694957818428,3,3,2625.348065946479,0,0.7196466933732664,2238.936802693917
7532.012289720251,4,3,8840.198355108081,3,0.24654245678165168,8584.484703509062
10538.819319285532,4,2,12235.41715491348,4,0.3612306310627846,12847.198946783896
2282.3401477517846,4,2,2563.946747533878,4,2.1525278247874358,2134.68996779549
2070.120073371452,2,6,1641.418588536342,0,8.375266829705083,2263.524731054236
6200.067134436841,3,5,6249.978408013223,2,0.09530014872395356,8065.831448451292
6095.037717331779,3,4,5932.471246637018,4,2.728210916976331,5629.909989991118
3117.0179666402355,3,5,3063.61711753254,2,3.551888500571045,2172.625835118167
5036.700330524032,4,2,5781.204077416872,4,1.5163260095257869,4430.312749496815
857.1351172818845,3,5,855.9504976729968,1,4.341191770140388,662.6274800539586
2970.21773585327,3,4,2900.8369371374706,0,2.7119305650686574,3703.102850607316
4006.566279980459,2,8,3280.4110119927204,3,10.305676065080458,4800.908756350329
2559.487719199712,3,4,2519.8125286214918,0,0.65510632778256,2413.5414551148574
3035.799702217907,4,3,3483.370009114167,3,1.1930168266753078,3767.4614046309575
1537.0734855965784,3,3,1475.124702062051,1,0.03194075514666588,1047.3045780520936
1798.8296223302657,2,5,1380.351828286295,1,4.979970688955917,1680.3684652668321
3940.9876500479986,3,6,4057.687589817185,2,4.967027963149987,3675.2447749218554
2574.3397300492197,3,4,2516.862880200942,1,1.230316832320136,2122.1071265906
1915.7296117066578,3,5,1946.8231036157351,3,4.503270721026131,1498.0364551874027
1843.2712792372977,4,2,2131.241601788055,3,0.3386185679248984,1416.6988519188765
5960.5282580685935,3,5,6017.678947177708,1,1.5995905363165974,7863.714141826218
2307.72652685922,3,3,2169.5313604571397,0,0.050306329542075846,2089.5747953529467
12254.160910048167,4,4,14749.344469159774,3,0.9876630276582632,15486.135933276051
2134.8310147291213,3,4,2045.0363133087067,1,1.0562988057277582,1946.623747106301
4656.760179847616,4,2,5264.19320374768,4,0.8913749386627637,3611.014403265227
4724.523850343896,3,5,4742.044328203064,1,1.249329004780527,4365.786906059532
4510.4604539498205,3,5,4584.957288275698,2,3.2527318993436642,4301.371080339259
1732.4410347147752,3,3,1682.2306475073237,0,1.037037470731901,2189.9617840080505
4841.415680130149,4,4,5710.210920328884,3,0.770994141225359,5628.282131954977
1265.2336296795297,3,3,1225.8284538421992,0,0.8748421594601684,1746.9639919718268
2615.4423344995766,4,1,2939.2987912797153,4,0.019470540239791414,2629.811634150491
2657.5763425475043,3,4,2621.9013963044185,1,3.673245049384793,2592.9555781223858
6926.770262056514,3,5,7006.328886916024,2,1.1852834741630331,9844.460848519533
1958.857929886963,3,4,1881.2667589028918,1,0.885321585770557,1311.9319339557967
1439.1686148359656,4,1,1626.03132657178,4,0.43020585710017994,984.3746779734018
3453.041333318693,4,2,3897.6266885013956,4,0.7146923327530047,3888.59114707891
4111.306114751419,3,4,4071.2724139508996,1,0.9573202863598219,5233.272320247962
4284.427562085391,4,2,4922.994762068777,4,1.4595113338507926,5488.534405691837
1483.7705229512176,3,5,1507.249812379104,2,2.3778723551915766,1053.6335680943434
8982.303832286749,3,5,9019.433874264992,2,0.9627291085441677,11391.643828266051
5720.8421691041485,4,3,6697.557940641153,3,1.0728743859348897,8051.008168644092
4091.853038614822,3,4,4074.8636612029545,0,1.2987216076485035,5516.862615192127
4707.565917346908,4,4,5707.350647908336,3,1.8485366790725748,4179.970761633337
4679.585344216247,3,4,4604.960014048283,0,2.7090727319868875,6218.368341331235
3359.1835200909513,3,4,3310.8857550884254,1,0.9985208019526787,4392.92781236414
9747.356745472749,4,3,11173.899323382158,4,1.2672361555141634,11645.593330000467
3124.693484239338,4,4,3799.115645652825,2,0.2823165602950309,3435.291376592939
1595.476738137451,3,3,1504.2484478812862,1,1.125940060232103,1167.6604841239243
2027.9313529290282,3,5,2037.9539156442336,1,3.2659728502856744,1404.679094095761
3047.928053623939,3,4,2926.226206057496,2,0.6583795979753416,2379.736230299733
5618.200011619209,3,5,5706.688526084685,2,1.7440594024997644,5531.092353147053
3478.940162385028,3,5,3538.8548611864417,4,6.432473411680148,3643.0928029230377
5448.398007270764,3,6,5612.501311873387,3,4.621560091823212,5877.15811347439
8160.904420426146,4,2,9304.37707965307,4,1.0906474946061602,11095.348664265557
4333.134024129045,4,4,5152.829892986782,3,2.051485111873222,4400.538273546386
4901.317338472655,3,4,4734.215978929793,1,1.1999848251808527,6736.665939124786
1011.2138762832983,4,2,1157.0295415590124,4,1.474160352848408,740.8260300175331
4966.890484162506,3,6,5062.914126651307,2,2.7641515320660495,6361.059200545299
1805.4446436264193,3,3,1739.5113700642742,0,0.3653241040586134,1782.4024821749117
4619.807596768435,3,4,4541.483913717884,0,1.3152028207042215,6017.625739636299
1680.3312922985306,2,6,1308.9728630597317,0,7.741543719674729,1831.1652615168284
2952.9613559638283,4,2,3306.8619696908095,4,0.23763996684784502,2529.8201545091083
5452.005878091191,3,5,5412.999202320179,2,1.698956665851382,7335.522971442223
2648.435735019911,3,4,2552.487329617312,2,1.1276882714140104,2374.607662283407
3008.011788233154,3,4,2907.019469341015,1,1.6668002674260411,2162.976166384775
1387.85283582497,4,3,1624.8709075381585,2,0.1984302152490914,1232.5376951958954
5576.631767669034,3,5,5595.117194936655,3,3.1250769753426924,7765.115662001669
2839.066756629048,4,3,3298.205609941716,2,0.9566264458645358,2571.9198167118498
5204.477658959175,4,3,6038.904461594856,3,0.5357608482395876,4604.472935870401
2447.921127366788,3,4,2358.2097412571366,0,3.1238884737035697,2437.380065080225
1560.1380907816356,3,2,1459.065005517243,0,0.6531410495563683,1739.6428503984805
2747.772371546825,2,5,2133.154592298696,0,4.347865273326695,3078.7031289354063
4091.923497525435,3,4,4015.224799047339,3,3.580166372367398,4481.259898400314
6485.4956908292925,4,4,7731.483557919827,2,0.17833104436881636,8048.01310676462
3056.4247740545366,3,6,3077.6775593666707,3,6.646474540514782,2861.2431722821534
1688.2856296660436,3,3,1623.9475432336856,1,0.827695490852735,1280.9296236968355
3554.676452579996,2,8,2944.015698138286,2,7.169199585846182,2803.815738454352
5100.246914664283,3,5,4998.197801732889,3,1.3946464373238665,4702.715381125151
4188.400364918811,4,2,4780.568780611877,4,2.597065258568065,3322.0185044403474
4410.708681450007,4,3,5214.664683281929,3,1.3140800621272615,3121.330131019355
3048.3972777253016,4,1,3370.8124533081605,4,0.19236829822096088,2310.5327358966165
8412.173484105133,4,4,10121.852576288324,3,0.15332155440680256,8097.810373982469
2293.1347000596243,3,4,2259.1842617297452,2,1.2913177154967985,1899.7771011390373
3140.2410161452717,3,4,3049.719066071446,2,0.3004298546617291,3529.022108029581
2876.1485400505276,3,5,2813.7302833185654,2,3.6787968212334596,3636.8233336613494
2681.304247360127,3,4,2614.1414758205965,1,2.3528140883891915,2371.43975858079
1436.4005880484,4,3,1669.9047753907369,3,1.0241490729789715,1059.8326462170062
1968.5960754163693,3,4,1929.1157093540376,1,0.9814963132297089,1422.3956821287072
1774.3244911135473,3,4,1716.5493204832055,1,0.10215868498007995,2119.4245513651736
5334.5612424840665,3,4,5310.467322826215,1,0.2789158425946965,5866.436274624638
2683.8399150913788,4,3,3132.5301371589403,1,0.25774597665005783,2449.867489426869
6228.049978745154,4,2,7204.778343931046,4,0.3812837211278385,7329.946531996969
3687.320887042116,3,5,3647.935932171047,3,3.57165569650485,3090.8643628905425
2736.8528354522346,4,4,3283.703880176906,2,1.6970484690441638,3638.575365419536
11679.655940768218,4,2,13375.639439548866,4,0.9597541750050907,16373.36898870787
2063.0330877186243,3,3,1977.4547965356778,1,0.32969476697505556,1556.3879416235436
8920.460571668827,4,2,10363.92572893324,4,1.095352973902831,11192.159464839171
4327.20729473796,4,2,4968.446619233223,4,2.7535843925405814,3951.0549624177097
4443.277089964169,4,2,5035.18625073501,4,1.8713531302826816,5983.688817409979
4009.465176410611,4,4,4796.857244119618,3,1.9490656462653593,3460.3296352421576
6626.076685061435,4,4,7900.178242452346,2,0.011901162010403069,7546.637693983403
7483.6475779301,4,3,8607.752243041701,4,1.933039420257559,7746.850555965673
975.2346414995935,3,2,913.8582414654674,0,0.04681177988918298,743.1006626733257
4432.40714456928,3,3,4309.398329585786,0,0.8737379652510824,6114.882702316821
2658.85667496345,3,3,2512.1051944736932,0,0.9500008940357345,3673.9444261708313
6580.350113277938,3,3,6292.994378822745,0,0.7114657604455288,8480.060282875556
7328.698872809381,4,2,8424.748475918675,4,0.6275636699219225,9228.881420149166
5859.4290786662,4,2,6635.045835825889,4,1.268963485733591,7561.1597694834245
7862.822574228204,4,4,9363.720063617235,3,0.3318852955409068,7070.074651559007
6373.003840054952,3,5,6241.150146097543,3,2.868261217024581,6924.916045044905
1776.6527701237333,3,4,1766.9556520295448,1,0.044105228269160204,1329.1185237401223
8534.132104996823,3,5,8677.5969932734,3,5.167561311227599,11232.47091864556
833.2578386410509,3,3,802.2467707929264,0,0.7204805887233116,661.3203047588003
3145.8756966918254,3,3,2995.3799238466054,0,1.2307262647830723,2587.0165226460363
2139.703657427376,3,5,2159.057316995164,1,3.125111359070569,2320.7780721304607
5029.220742345155,3,5,4993.089363800902,2,1.6183973864783279,4374.54043931961
4054.4311779064583,4,4,4858.587613200347,2,0.5687679250373308,3502.402854565125
2220.446129948433,3,3,2140.486912714724,1,0.9994346370353425,2673.971964101723
2496.820513813811,4,2,2867.7158259355033,4,1.8271115160593807,2081.65128890836
4756.396462211315,2,7,3770.2545793599243,1,6.996437869177038,5715.030042511885
3288.5544782817105,2,5,2533.097043955151,0,2.6619996024761137,4371.2750199968805
1151.4028190850033,3,4,1102.0328029368445,1,3.783009504163995,847.2642152060664
11243.159030180814,4,3,13094.038227274898,3,0.38784688161221303,15225.8977874669
1828.5220040994116,3,3,1718.4022430528996,0,0.6116987247815356,1193.2330838286337
3564.502415031414,4,3,4233.727577739246,3,0.5811982692377875,4355.850451507547
2670.541133425458,3,5,2641.3078181757146,2,2.0061728576651645,1981.8856273764245
3795.525022635525,3,5,3752.150160406921,0,3.4107889154937494,3660.1767606635412
3693.757482178733,4,3,4298.591694200235,4,2.7471043931356287,2719.5338270986485
2251.476433285681,4,3,2679.588282063211,2,0.3790478490336648,1707.4606096358386
6700.250296353084,4,3,7948.050027896706,4,1.0690176345479978,7962.204330385297
4262.323920909664,3,4,4124.335352356085,2,0.8256796655993184,3918.534793581682
1763.4620900856676,3,4,1747.604322097244,1,1.6732297412553243,1549.2827089822663
3536.7632930902982,3,3,3366.156407458291,0,1.7403347965699412,4312.892652007652
3625.8137827116834,4,1,4103.396663351615,4,0.7257569082348989,3503.441455188365
3543.878877479017,3,3,3375.9436205569564,1,0.06811178919766633,3287.444087270505
4931.766696684138,3,5,4947.408231584361,2,2.771228140649921,6579.979330407739
3085.697457258208,4,2,3574.426658878775,3,0.13931983837934891,3713.0819896271996
2567.3719679795586,4,3,2987.5430063966824,2,1.3927479690717548,2011.7176597620617
3700.8090913908495,3,4,3583.3536605728027,2,1.1069160582073985,2844.8703960719117
4223.172121486497,4,3,4865.48168075607,3,0.5294542094611745,3150.355836335944
7339.874491356425,3,5,7205.920627116453,2,1.311446981502133,6561.041241569619
1099.1787981486668,3,3,1033.5568645542364,0,2.2895616405508035,933.8554102560515
6689.712795410536,4,3,7946.431452707423,4,2.3795158444167033,9148.016696307834
1120.640471281259,4,4,1350.22252451607,2,1.577146792588941,844.7291443608093
4212.092691254655,2,9,3568.344678368026,3,13.499208266040789,5411.952090569057
3225.5944977916747,3,4,3088.936001944996,1,0.3115408975941203,4493.642727706861
2588.2769222634806,2,5,1978.075391429936,0,4.455408553496085,1719.8638731385709
5257.682818099252,4,4,6195.558882623027,2,0.2143544094220629,5632.622714422957
7061.061598267026,3,5,6960.087405929399,2,1.3918094038577886,8593.526681842384
5061.900649605318,3,4,4991.899801651476,1,2.8075093194672713,6552.953432028276
10150.043992430485,4,2,11813.139067913855,4,1.4682459207067051,12826.122805986242
2596.0805034308432,3,5,2550.438135445254,2,1.668484215154295,2891.9491217941827
2429.6956586426177,3,3,2360.6979707565106,0,0.6999416088416891,1832.713548066711
4503.825482524211,2,5,3496.052495335334,0,4.12864707556622,5887.483532870104
4548.295013758594,3,5,4531.557721216659,1,1.5560671078871962,6058.31226520312
1360.4188543480063,4,2,1536.7940171780126,1,0.7405577804661417,1765.336233727433
2529.2042025352384,3,3,2427.637936410329,0,0.006768711710630998,2045.5224998239798
2575.5818794237352,3,3,2489.98734027599,0,0.536632944244726,3301.494027772424
1603.0901438824499,4,3,1883.7291061415765,2,0.04111804206707872,1889.4576393796253
4793.41992841424,3,5,4731.862299507698,2,0.11221369592368105,4063.1365248566676
4539.506034603377,3,5,4456.525960504784,1,3.8134098225874604,4578.938925827926
1897.9395350705267,3,4,1831.7772275675884,1,1.0278905382894297,2480.328857844978
3624.9487040485633,2,5,2846.6825955763716,0,3.517852495082965,4765.949382221538
4788.978755727655,4,4,5772.9184982015795,2,1.5488268822349058,5163.724653137886
3701.471710886127,4,4,4429.961349889924,2,1.0408293655948615,4764.143864125757
5275.47096688858,3,4,5210.644780000136,3,1.5757407514510433,5069.45508337784
10368.061008039602,3,4,10192.564892535362,3,0.5286813012329529,11625.75826379986
2895.4532856322103,3,3,2813.073446658144,4,4.940560170891892,3375.74691262003
5495.231078294422,4,2,6260.368562540738,4,0.24659893574250452,4258.855905656481
11067.80652058281,3,6,11488.217607912919,2,3.5166562975822555,15377.888008871365
5092.349000824206,3,4,4981.805014570418,2,1.0991042944404792,6604.66145529782
7504.7235144583165,4,3,8704.118462751361,4,3.5952296885080757,8389.58790958851
2213.895897202652,4,3,2563.809353561026,3,1.6326503145130182,1782.7854124850755
3813.4331350842267,3,5,3826.7307387779642,1,2.072358185209667,4358.582344698901
3462.6841636586705,4,2,3999.4506773892913,4,1.006677846086082,3093.156062387669
8225.55749205674,4,2,9425.03638207409,4,0.27907188962191876,9471.721103584421
2643.2092733827294,3,6,2652.5605744186078,2,5.648340095261961,1990.305078664266
1302.3845951255985,3,3,1223.5908135812547,1,0.6865837531073735,891.1753386566298
5637.548100778297,4,3,6566.514372980136,3,0.33322655555170455,6196.391685776443
2958.1246221371734,4,3,3388.9457995325984,3,1.301586250552714,3772.9979538209273
1505.5967486143009,3,2,1388.4055565098042,0,0.3846857821666165,1055.1294862356676
2813.0699875770774,3,4,2720.820694730748,2,1.7300585982149705,3152.7140870702265
5824.157992558463,4,3,6910.086545309408,3,0.6190959717035761,6097.687986780549
4826.62849107804,3,5,4777.233896110288,3,4.474129392039617,6353.394544629165
3759.6044165091316,4,2,4260.15069047281,4,1.315611602645495,3311.748956945347
2361.346764432672,3,3,2232.8047645677725,0,1.7143954178370187,2907.9307899172954
4036.137169023727,4,2,4552.868576440239,4,0.09043524593936517,3135.8899005383014
2136.0120625258005,4,3,2474.319439531817,3,1.997282408154807,1264.7046626748668
3342.0997490360273,3,4,3269.7724711340547,1,1.192980239214741,3300.521466788884
9340.839981981075,3,6,9468.297977161212,2,1.8914191347509428,11840.271339388948
6034.6668291498545,4,4,7084.683556024378,2,0.06031915538537399,7292.6411744453035
1180.974209584051,3,3,1113.3334756075844,0,1.3331538183587697,891.3958364054846
4270.366607588241,4,2,4823.118031466823,4,0.50245842307122,4347.013635835741
2818.855180395182,3,6,2899.8161345321737,2,3.4535996720307804,2119.037907647439
1628.0763905038746,4,3,1893.5067336769232,2,0.7142131730878072,1175.5134193619683
2059.6532607363633,3,3,1987.455223511554,1,0.23414300726414514,2490.6855504037867
7285.33146643977,3,3,7081.380459830131,4,3.559141776180274,8716.185738768025
1806.2281980916032,2,5,1395.4517961368508,0,4.232044034865245,2223.845238516987
6481.823018005249,4,4,7705.390888364132,2,0.1343677021833154,8154.109469049113
8499.948717185593,3,5,8617.799283809445,1,0.3246007806358376,10972.031502199467
6905.7275845190825,4,3,8145.381420737724,3,0.48728155728527645,8371.136738158442
3287.735978376069,3,4,3262.6943036912135,0,2.6646401673106155,2239.310669760338
883.1113736816825,3,3,833.3602694971966,1,0.619762024138289,680.6266445570282
2094.1052631626508,2,4,1579.1879281693962,0,3.3368435030288564,2577.260177352525
7962.861472015001,4,3,9162.388946354245,4,0.65054152366469,5990.151855685156
3921.887380056602,4,3,4605.702337052028,3,0.9887464072192697,3449.233614565979
8943.321931715473,4,2,10293.62560619834,4,0.31335837605389494,11801.729747168078
1533.3486184318112,3,3,1468.8249132028382,0,0.5871710023823253,1301.4295309711042
12777.421016532058,4,2,14521.52516554665,4,1.4153879546510968,14255.749258638129
1898.466891343234,3,3,1821.083308859332,0,2.206768321798954,2296.984817667967
2037.6540052433409,3,3,1909.542294065641,1,0.09607076505396778,2016.623010752818
1202.7182508808276,3,3,1134.0835430777415,0,0.03013939304805392,1698.4110380143832
1722.6295502354799,4,2,1973.2717047624717,3,1.0625267558396163,1947.008957866179
2145.7716453517114,3,3,2033.4468522503362,0,0.8610627908636439,2801.991230399015
3561.0220793221333,4,2,4053.50361561634,4,0.5370835842390552,3923.183809699467
3188.584632634717,2,7,2601.600161642618,2,6.762566061248006,3088.2539544002007
2971.2590590364516,2,5,2320.276405569112,1,4.11645642740618,3355.4998601422544
7139.0672573236325,3,4,6864.22280551633,1,1.4215469669186906,9902.213772766625
6340.834854341761,3,5,6268.706972265904,0,3.762533760557992,8164.791097795011
3268.004986743375,4,1,3633.6364484331175,4,0.49521205866408835,2133.426614874081
5533.0501509394135,3,3,5188.990041131983,0,0.13468373072451983,6384.353829436248
6420.656453214155,4,3,7617.090941604214,3,0.37932532190722323,4098.2631590981355
1524.0706393127243,3,5,1496.9833884970444,1,3.541203940692071,1867.7525833062514
3200.399942442565,3,4,3106.435691892259,1,1.9990541664575057,3490.6991541118255
2846.214274462024,3,3,2717.761605650587,0,0.8002134034776386,2532.0816314922176
3232.987592774087,3,3,3060.601127161679,0,0.08183019221625679,3962.335806791014
3738.3144886443597,2,6,2937.3416111789147,0,4.885621557126264,4994.996194845686
7420.509603677239,3,5,7438.065214643248,2,0.8274385895711035,9879.831671707188
5247.788219471932,4,4,6145.805266222136,2,0.23577894347243833,6832.768302953222
1140.8224370779715,3,2,1078.2075852977066,0,1.178049840515701,1453.7685576510048
2813.3237732895773,3,5,2792.3466390255276,2,3.403709949049159,3590.5092077211834
5347.335561924025,3,5,5327.5012627316655,3,4.218693921290025,5794.555588083569
3164.5512739236488,3,4,3070.52801990723,0,1.9710067830827613,3429.0096395512196
2503.5395001587412,4,3,2945.7968300410694,3,1.7593586230574192,2082.7862510310415
2100.2063589173613,3,3,1987.6475589968554,0,0.09561198580053802,2455.1787209204163
5117.453475810465,4,1,5632.724705188648,4,0.5009704651636214,4932.433102712022
7066.324975824177,3,4,6783.092503249938,0,1.0342517977609422,9170.100009322956
2276.755630422145,3,4,2246.239094529417,2,0.7454547744295245,1663.0426620393248
3886.680671234235,3,4,3850.0383608056586,1,0.6045079220288031,4411.69747334633
3283.651767150511,4,3,3896.905588055009,3,0.6856757505497338,3872.4757101119676
5660.1591344087055,3,5,5717.119440169018,2,0.5616759850934249,7684.650817569428
3101.2541223019534,3,4,2984.4260222138982,0,1.373137611425125,3499.1177919927563
7739.63983990207,3,6,7878.8887703145,2,2.5119175593618577,8739.414632600925
3005.3031176436616,3,4,2922.263380392057,1,2.3705229025774934,2333.8242775705526
2622.0839270853235,3,4,2549.7246509325814,0,2.768740680770585,3572.1343390609536
3436.097154807028,3,4,3315.341464622089,0,2.019863288101574,3965.4457750357133
3445.143877232193,3,4,3394.1276553519824,0,1.403139387827763,4659.676174532087
1277.246602126028,3,3,1214.0796243665873,0,1.6868413332384666,1192.559448378417
3172.2566080940314,3,5,3155.2635299126237,2,1.6688106254353618,4030.3286308460933
8460.349521130483,3,5,8596.419618849957,3,3.204615575383386,11129.08198716726
1241.0725480349372,4,2,1430.9260219352968,3,2.1852245732537794,1264.6286244576866
9101.759288558927,4,4,10816.768305725569,2,0.33210324361233523,11719.765788814839
3575.6950572237315,4,3,4190.443346814728,3,1.1323142516023446,2570.4995233761865
7418.036635912357,4,4,9012.134801001203,2,0.555512801315884,7737.936589958645
1494.1185662718078,3,4,1462.8296955254993,1,1.1815882900074697,1262.2801359261564
1401.989589696617,3,4,1377.5899979414842,1,2.384833254366875,1086.6776480457502
1747.6442002736198,3,4,1705.9801987040905,1,0.9012926436468259,1358.1179423075132
1829.3987233187859,3,3,1720.2337572397723,0,2.6198317507423474,2129.8506603100063
2982.2152469702664,3,4,2908.1419858936038,3,2.5825630267885296,4256.5377717800875
11502.963112640633,4,4,13786.5058444405,3,0.32596708320897455,15634.695783949486
2350.9122793425977,3,4,2305.2725735395425,1,3.1343426223232,2541.0276065034113
4768.334358907362,4,2,5526.77270713096,4,0.3439602897408425,4767.832098940638
3045.0293833182195,3,4,2958.5774458031483,0,0.5560473785363431,3733.2557657823545
5313.151928812669,4,3,6143.3563565640625,4,2.2958527480085573,4557.789885488606
3526.555373684581,3,6,3529.502772218271,2,3.169191558480616,2751.09475059875
1978.191036535444,4,4,2360.1224870567485,2,0.6162047294606678,1477.4835855538129
4241.3632459911005,3,5,4294.005627433356,1,1.3929796221937925,3596.0751024375713
7191.260895002566,4,3,8386.717816866927,3,0.7863129737045228,8753.85981944646
2090.1983462462244,4,3,2477.5796743464507,3,0.9384023241191286,1975.014263009877
1403.6668364295188,4,4,1693.3795371804113,2,0.6569272423326642,1072.0885925076982
2983.1981584686673,4,3,3495.1462075694026,3,1.096596808224391,2159.4904114731603
10619.163330324936,4,4,12844.251113587723,3,0.8684655736705961,13188.676084616787
7078.870651261878,4,2,8049.7211545818,4,0.774379721937836,7355.349968079707
6616.130614240027,3,6,6830.585230507628,2,2.356970719490627,7540.191824926924
3576.6834883220417,4,3,4184.930106841605,2,0.05113197502468245,3346.83914287456
3834.254905610904,4,2,4463.127745850538,4,1.7361640406940773,4596.291589942086
3133.8617648250215,4,4,3765.8670268110004,2,0.051787123863430096,2839.0184281161155
1936.320027380667,3,4,1864.2582750679858,0,3.258598294888747,1444.0745303914
3091.5584814951744,3,4,3028.899846272789,4,4.449830021062655,2257.09282639501
3765.522438077319,3,5,3737.960054712742,3,2.5557653732880015,4204.5967071223995
9538.590073325926,4,3,10938.84205725882,4,1.9877106483114515,8553.178912532338
4169.366406975013,2,5,3215.4559205553614,0,2.4350157950183924,4698.154151240774
5114.6238693015885,4,2,5769.236740917689,4,0.4082051100329809,7360.381214963834
2186.5878345585297,4,4,2660.796377885875,2,1.0144591887602128,1995.676554943279
6242.372139960005,4,4,7360.6459990724925,3,1.2069453022009173,5314.935473780996
2135.894131515999,3,5,2166.9362897464316,1,3.1382855510605414,2436.0863643341713
6835.553788483723,3,5,6778.4988314755365,2,2.7316503853057146,8089.069262088984
4015.2235535953305,3,6,4080.046747832059,2,2.9736306998483046,3544.0944891138643
1034.604944988324,3,5,1034.7459255070487,1,5.840923146583858,844.323729813557
2144.816673241048,4,3,2539.597498683238,2,0.617499101534313,1934.8703771088333
4827.908398404424,4,2,5614.269843914541,4,1.472131109081994,4766.422769438025
3811.8874593340925,4,4,4634.872196665293,2,0.43617293356785714,4213.849664281133
1677.4501550032694,4,3,1991.764435188609,2,0.575388838245696,2167.7058457106928
3681.9833411107866,4,1,4126.651291416829,4,0.5581817160978217,3694.1493632862025
5987.861680441371,3,4,5933.538495104059,2,0.2517745964042447,7052.997785873604
2242.8175292388983,3,5,2279.6614470769073,2,2.3548786733671987,1711.43421936251
3750.133992159628,4,2,4339.049435740787,4,2.0756850847511417,4392.633265583147
2407.9750760093825,3,4,2341.1235372668602,3,3.520953838298024,3115.7583910989665
3247.639753663925,3,4,3128.0183665403138,1,0.4884195554282626,2504.2300715023753
10583.488039593725,4,3,12281.728387360563,4,1.8069301679992178,13397.671100043504
3514.3938783997214,2,6,2738.058013373913,0,4.396639391844852,4630.091634934988
7827.274835589065,4,2,8786.538023098728,4,0.06865072281221218,9171.1541696248
7658.955276629705,4,2,8793.758474186321,4,0.2493695768712647,7792.244014931766
9366.308794197657,4,4,11060.005334764026,3,1.0774592793642481,12052.219550453652
7548.6893284239895,4,2,8768.169788627009,4,1.0448862629767899,6921.160364980615
2231.099981319108,3,4,2217.808486640498,0,2.0328561426604077,1911.4827234963755
4590.573416548343,4,2,5226.360546202386,4,0.6319727816518469,4014.399123885395
4146.811489377377,3,4,4080.4774438628106,1,2.10873081450482,5349.456171790071
3819.5248644692883,3,4,3687.1382970302634,1,0.48040284695620333,5357.66652958288
1149.8081447260483,2,5,897.6174604565955,0,5.537062561871893,791.735826412637
2404.1577198977775,3,4,2360.9568304178497,1,2.0802505040697277,2859.413128570201
3080.4238177874918,3,5,3130.550834527989,2,0.7873288641811279,3630.627519024025
808.7030756311831,3,3,767.498636030924,0,1.7458293788863124,750.8698522078831
5209.927094879926,2,7,4246.072502262298,1,7.142798862967526,4217.846618333528
3654.8762834571794,3,4,3539.5514715751406,1,0.25523617723697983,3817.136340813418
2201.8022067863185,3,4,2182.2733358020073,1,3.7535808715190457,2672.3497991271365
2662.7934352980255,3,4,2579.9503104699293,2,1.0735064151285352,1807.195506090829
4023.084955194227,3,4,3900.6261243561644,1,1.4328790268764047,5054.722656199375
6291.403670753314,2,6,4991.20182112765,1,6.632159257318743,8199.69066564116
10648.30815359323,4,3,12391.745207576612,4,2.136965761329395,13543.407686556253
2904.423092557101,2,5,2212.505753968744,0,5.127220075762105,2188.7036478790233
1220.9886969013937,4,2,1402.8195536532776,3,0.06902955334613167,1052.2415866776253
3971.497070169302,4,3,4708.073074898983,3,0.7535382122947839,3197.351715262899
2313.3386442175747,3,3,2228.377010834285,0,0.42909471672809163,2958.4293016898882
8264.434109889975,4,2,9351.27732930968,4,2.069910358111852,11033.747519839386
3499.948695724964,4,3,4105.597142717425,3,0.995804945471845,3981.2157979113476
4277.759108434926,3,4,4193.0814515025895,3,1.3270064780663413,3999.5567190874426
2034.725438392967,3,3,1941.9085407566981,0,1.1177636386762064,2053.2007264349336
3681.1358081584212,3,6,3704.197798014323,2,5.244155229096173,5012.1153603067
2159.012070637856,3,3,2049.9505479053487,0,1.515780098272526,2785.26327150887
1903.6077200094062,3,3,1846.96761189673,0,0.15190834287352203,2207.452043067628
5819.280386012645,3,5,5870.432441203477,2,1.4039361333124578,5525.48259798014
4611.755530806817,4,3,5487.01939519299,3,0.1529921799921013,3880.8938711670557
4521.855658736835,4,3,5262.743617636048,3,0.2652960703683134,5549.257303890126
6640.28212425776,3,4,6396.393051417018,4,4.774950655153245,5875.874848366828
3011.9039336602314,3,5,3013.1673386191583,1,2.8978051980604693,2956.3861637562577
3077.87897130548,3,4,3032.4041459869386,1,0.5239146376822746,4261.394211815617
3977.2370426116677,3,3,3808.2074508720298,4,3.4661282382768657,3889.7417903147802
4536.875514623158,4,2,5202.147022654271,4,0.06010861734375977,5546.589585437891
2778.149320532214,4,4,3365.133450421405,2,0.10202670124529672,2700.5853383126387
3279.870874111012,3,4,3245.0538661528217,1,0.7486450131620216,4155.636803070522
811.4674322575822,3,3,767.8525628440684,0,1.9903537051161926,843.8885181660357
14866.607007873801,4,3,17432.485834906092,4,0.4263782561542258,18683.460735238463
3845.5770291068898,4,4,4574.834189863252,2,0.16752754879701418,4427.260072187546
6876.487714073174,3,5,6835.728729517262,3,2.4114637098619225,8679.714043427595
3371.860824073845,4,4,4090.869256263681,2,0.3836149690084787,4011.6323937902275
6371.248658327507,4,2,7295.6774774083115,4,0.6764610540639948,6029.558002561734
5643.494358460521,4,1,6334.282296494794,4,0.5674866201740173,7039.1527171034195
3351.697443951695,3,4,3215.8994500986723,0,0.3604125056260558,3341.861073957641
3668.151642191813,3,4,3545.9611322941914,2,1.345631667671266,2526.9253255048056
6560.2987806293895,4,2,7442.73675350526,4,0.8514124199268372,8490.906028248613
5600.50126299787,3,5,5477.028633018063,3,1.9103365751407955,7716.001217774034
2341.150722732148,3,4,2328.347790205532,0,3.1780284089736477,2184.261720056768
5818.848194177003,3,5,5766.8951575484225,3,4.814333710704371,6875.570580387836
4902.652900644499,3,4,4791.948093542304,1,2.323482088597143,5784.599035108198
2988.79571992909,3,4,2912.6201247017607,1,0.9063211562730805,3387.658799415425
6193.067375117389,4,3,7294.190184097539,3,0.2719767881482923,6249.391035503954
9623.504339169616,4,2,11014.936929180554,4,2.2841871482607723,10982.70941564625
4220.879289545493,4,3,4905.36496418253,3,0.22835105889990517,4424.242820116296
2909.768998204195,3,5,2907.216739149469,2,2.3037799688219764,3540.8856601853868
4554.916713808858,3,4,4444.917361057509,1,0.567826782438741,4172.65097692151
3858.6226084475993,4,2,4460.556846297543,4,1.0852619025819743,2810.3497302477267
6610.3867693830125,3,5,6547.339736146804,3,2.8640635425514036,4792.80094739342
3470.0403294254834,3,5,3425.4030143983227,1,4.373573783586091,2876.9539072608195
5734.571610950217,3,4,5678.238715659908,1,0.015343179982846003,7134.600968527784
4816.034391943262,4,4,5845.535230359407,2,0.40213332249737704,3544.8004594220497
3019.408414661627,4,2,3406.599369213339,4,1.9807873197360244,2316.465201302452
3519.8552823560008,4,3,4117.045279489729,3,2.0250455162533103,2725.020069780166
2258.9867643372604,3,4,2173.387742767509,1,2.2167321348116538,1871.5750837938656
1250.559637248034,3,4,1211.439566986226,1,1.3890818133230136,1057.6146830483985
2375.4783922088236,3,4,2301.9668981559985,1,2.89464683974543,1910.3535281667682
1687.5755305708362,3,3,1631.3615753158208,0,1.6051951866822434,2163.9957462150755
852.0804051726384,4,3,975.2438577718175,2,0.6473851384674194,566.8731015488322
4343.987999829449,3,5,4246.636337875552,1,1.8352725391521036,5004.078045805422
6470.852672485732,4,2,7497.050358697243,4,1.1288822306801614,3692.8582053742202
551.5460783109365,3,2,515.7788341433597,0,0.5774298207691494,463.0827031858879
5013.434505414463,4,3,5900.566231484462,3,0.9130620347718412,5558.659425850442
15487.423958471505,4,2,17528.62268676751,4,0.5012792890801193,19233.734959064303
5213.138829144137,4,3,6096.882629021212,3,0.5754990168329278,5543.820779693386
8336.08864886376,3,5,8351.753892083481,2,0.5357736885941601,10816.03689166606
1497.3764497512386,2,5,1144.548687019996,0,6.934697110586756,1737.707592529189
8129.834182876741,3,5,8212.812873693614,2,1.341053369612151,9808.383493864263
6440.748212221314,3,4,6305.969309338709,3,1.1638929681030623,5478.3903356095925
5985.670701895389,3,4,5764.936221278748,0,0.12807070107059332,8535.199975797503
3896.8942245266812,3,5,3827.3744255035367,1,5.222637117007668,3154.0641256958634
3693.419407144947,3,4,3625.3498581109643,0,2.3925343141961903,4100.744770531347
2451.789909820684,4,3,2863.267919068677,3,1.1777757504320998,2400.2330847679023
5348.552965691394,3,5,5400.2875147253235,3,2.344108091465791,5201.174302836452
5652.6076571405365,3,5,5579.381881401896,2,0.17159794240990692,4364.2812605738045
3468.5396924361403,3,4,3380.023494176376,1,1.6126659979659423,3307.513256883777
9029.463777286213,4,4,10715.201918204559,3,0.9891152472722284,11127.055852055866
5090.23320955364,3,7,5212.523295554908,2,6.478339989149278,7021.354565307448
1891.8441250485916,4,3,2222.9171624172723,1,0.16167904922045945,1464.1032974393538
2998.417971587348,3,5,3024.0847622424762,3,5.4289382961188295,3462.81273148297
5209.643331086196,3,5,5135.541826255413,2,1.8886769288589909,6553.117168567372
1896.0114905535333,3,5,1887.9079976747128,2,2.2349933177715617,2526.0110577801197
5060.466866176471,2,8,4232.348796351456,2,11.309647189629322,4825.003300390225
1672.2486583087807,3,4,1649.0794774051844,1,1.4901738024174396,1321.18912295859
3583.292732172008,3,3,3412.3414420678505,0,0.8471798283483282,4325.955897266661
2758.168933783672,3,4,2651.5960109868706,1,3.2219862825515118,2444.200822690423
2584.8992335890184,3,5,2619.893745090216,1,2.9718172252112547,1911.0662938306311
2911.176407258629,3,4,2863.3493163078742,0,1.0152324215919863,2347.8353776813656
5143.642229030368,2,8,4233.629072241002,2,7.935382979359617,6048.836909153857
6968.027947872898,4,4,8345.980789587453,3,1.3209288350771844,5725.279352869339
2803.663646547164,4,3,3245.9751200542196,3,0.04277329155648852,2340.717297528787
10932.378594100634,4,3,12665.372325538532,4,1.3699015445727885,11420.552585269177
4833.69024901923,4,2,5504.483058791665,4,0.596698084881904,5076.3102913629145
6541.40287650692,3,5,6468.6939675583635,1,3.7172731316998227,8949.596034478725
1449.163513191588,3,3,1412.2634957513117,1,1.287003787982602,1228.8819835744832
2940.042853514778,3,4,2899.2291022051922,1,0.8984942183136255,3278.6251895554715
4213.250228560986,3,5,4146.4172729807115,3,2.241865742575596,3284.798554440297
3911.188661825185,3,4,3880.901154119025,0,2.891191339529216,4718.173507342472
5542.330741872151,3,4,5351.670868484586,4,4.805195405248878,7085.990773065244
4548.918066450255,3,4,4365.884024907935,1,2.6898592134489157,5676.53028847957
2223.3512930852576,4,1,2514.3839330641313,4,0.33508662243755793,1996.2054430533587
6045.5583065229075,3,4,5940.999715773809,2,0.059921657495907915,6629.915832439641
5213.335976295719,4,3,6128.215386337903,3,0.6129527698894142,5806.73987536475
11432.2992720006,3,4,11192.538822984581,4,3.62716182058151,14486.829130802915
1845.7674914691581,4,4,2238.2816303870973,2,1.0926413856082284,1399.411496327568
1817.0210101309767,3,4,1766.8554463470866,2,2.71187982346347,2104.1274506400127
1227.9891110880353,3,2,1154.6007627010492,0,0.4593427661639976,988.2579360905935
2118.97877187447,3,3,2018.020165261859,1,1.1184579439637772,1661.7754751739087
3816.5923421324173,4,1,4209.8409045394465,4,0.5253683431489801,3646.253375538477
5934.1552482661755,4,2,6812.536273123398,4,0.12252548394604883,5409.70288877489
3092.1847482255553,4,1,3477.5765522010415,4,1.37774061737546,3204.1166546851114
2838.15112702003,3,4,2733.7136740291244,1,1.0678929954161709,2632.2524444225533
2979.3002355867666,4,3,3538.180750843264,3,1.9960110038688545,2922.971326423471
832.0924052692375,3,4,818.2947241477409,1,2.6590118670970777,632.8087193511562
5220.33795349744,3,5,5106.051644428328,2,1.8953996172184004,4911.219103364343
1546.566322527229,3,4,1534.867685291245,0,3.4209353172208212,1630.6616691300117
4080.3812997084947,4,3,4735.856624156233,2,0.3668256513028666,5197.996851914
4008.2081555938003,3,5,4002.8237332260333,1,3.725382905844585,3029.175810105464
5345.588471003482,3,4,5214.537955352817,1,0.028517234541365826,7296.121422156255
1761.5415150346732,4,3,2037.7857605276295,2,0.4257036952182654,1546.1775628358178
2089.9662148742486,2,6,1629.5940909312392,0,9.026906365228735,1688.86890043756
2258.1526948762107,2,6,1771.0287702164242,0,5.601650681819177,2529.731721661265
1889.89565715571,3,3,1783.6425769567122,0,0.23294608155137664,1369.6080197419326
3153.830346597951,3,5,3123.2727277993313,1,4.715374308301405,3175.0697127288904
5181.7202437372425,3,6,5273.350601085318,2,3.6465568056020925,4180.402335317223
6245.942059691864,3,6,6305.258603944171,2,3.196020474159527,5732.0078328620475
1481.2383016935612,2,5,1158.9790215193068,0,5.271504293281391,1165.4702564219542
4177.185865601148,3,4,4058.1291521845274,0,1.6691660381039732,3038.071181384233
9144.395964314643,3,5,9000.889648467835,3,3.1921899216416496,13078.302821490233
7179.712442288306,4,4,8710.75862740106,3,1.1450119553212057,9992.567597502943
2796.4740583022453,4,2,3242.338335185513,4,1.8766151586388327,2075.1320329360115
2431.1086819205825,4,3,2805.203055001448,2,1.1097046650851095,2901.196616155052
1119.818504543944,3,3,1061.1076307525025,0,2.395575061382693,1461.1638640802473
5312.994121901627,3,3,5073.592700198257,1,0.05930191955200245,6453.2613625668955
3341.601547831903,3,4,3226.1082587699493,1,2.0705195992695824,3559.8164356168904
11490.03708877925,4,4,13534.643546513747,4,3.68054944797665,13678.218292453816
1860.9998800042804,3,3,1809.3613357413308,0,0.2624616600888801,1945.5582529092994
8069.059023062971,4,5,9730.040691708422,2,0.7523892395544299,7879.038984573112
870.2990281911324,3,3,820.6491927709753,1,0.8582620340330495,922.6000956663461
5460.1042852087185,4,4,6636.762460670425,2,0.9276264543459454,7206.976599364239
4883.196212943876,3,4,4678.776250035008,0,2.9380413984748954,4506.571742424756
1881.5822547482771,3,4,1834.6992985765614,2,1.9242988079930943,2182.818178575084
3458.05728429158,3,5,3382.8046650430065,2,3.988932847812327,2724.0834965308964
1615.9579192603885,3,2,1520.2477085116057,0,0.04987104416588164,2290.869196740122
6250.247380002427,4,2,7257.438229051651,4,0.35432072905755485,7732.3352109595135
2208.618538901334,3,3,2112.795669297097,0,1.200836420442468,2178.78227939182
3403.513993917146,3,5,3377.5815628844707,2,1.136201465162731,2595.6927378236396
2095.848357019998,3,3,2014.289528646975,0,1.2734114384737651,1521.5780327146983
4408.144411031401,3,4,4374.857332104503,2,0.534068948612628,5116.2721387385
4636.659969181339,4,2,5317.6578267713485,4,1.0611421871408149,3887.7232889823717
1942.4020269998707,4,3,2259.645575629986,2,0.1926629870184059,1786.6848540116562
1214.7736032591997,4,3,1437.2792473119757,2,0.7165093078805371,977.7170620245153
8639.52121090149,4,3,10183.973164532681,4,2.589112681848648,8260.458674842419
2369.574938486812,3,5,2347.233208598573,0,3.9564768334359837,1764.2903508499949
7826.677545380415,4,2,9063.357966515941,4,2.6399197490961734,8270.02250515379
1505.9768596570236,2,5,1167.0799819884066,0,4.878915625272818,1196.7177895645875
6688.829123249843,3,6,6879.206610893608,3,6.601329835600579,8977.31783496872
2627.117284127651,3,4,2553.1633832933435,1,0.09136938341000861,2413.3536952329846
4937.6403652545,3,4,4781.378072506492,1,0.11444403265802308,4169.685511555238
8939.737094988763,4,2,10086.649731326039,4,1.564516903485725,12732.615555536826
2879.928306013304,3,4,2776.2725858247227,1,1.1133630521121443,3093.179739133869
5693.406806221161,2,5,4340.080045200906,0,4.055298903993732,6219.139553908614
5281.5022679000795,2,8,4379.744612039603,2,6.826729623108855,6481.298500489557
2534.9805067793977,3,5,2511.2177122937524,2,3.3844978402933767,3101.6799551310874
4527.355837009338,4,3,5249.135628402239,3,1.1417485686837319,3249.977700460369
3495.1258839516227,4,4,4136.317071585764,2,0.1583088752552387,5053.972142826325
4858.291423056168,4,3,5784.249910975661,4,4.543624912963813,4316.785827561747
1767.7889950739911,3,3,1720.905334325495,0,0.5762108929665813,2057.1447935575247
2123.095186715973,4,3,2464.893612838422,3,1.167960699220189,1634.0660805316036
3187.5714897267535,3,4,3110.9354826064987,1,0.04862357346671199,4397.359008011644
8769.008723379608,3,5,8625.215680206888,3,3.6970872037689664,9046.682772217815
5455.161071905874,4,4,6423.3452058779985,2,0.016244038848111663,4919.782725588855
3247.1022105662987,4,3,3734.4136884840477,3,0.7467302451722896,3147.7338799442196
4726.183549155575,3,4,4534.389549022999,1,0.6839764164112278,6289.451940627786
1425.536288352384,2,6,1141.959299942029,0,7.94730327883743,1862.197958782459
9716.461249322216,4,3,11272.076944631199,4,1.5272272836876364,12735.519071211194
6132.7603249022295,4,2,7071.6435408066845,4,0.5181216560201924,4841.0210692456085
1951.7482842661234,4,3,2247.113865396722,3,1.738437713924637,1361.8133480428676
3272.888772766034,3,4,3235.344390522386,3,3.483836658197351,3223.102816349051
2584.8529748323394,2,4,1937.9815101578474,0,3.2177750451204865,3162.6795340657404
2698.9642697504087,3,3,2614.872673803634,0,2.015102387435997,3484.598599186244
6167.602528568342,4,2,6918.413711064852,4,0.31414003421815895,8071.655059499804
5606.51474109093,3,4,5483.735751565872,1,1.0837705408680487,5441.267768971046
1224.9890574191934,3,4,1217.2267810799397,0,3.444073865051772,1436.3869242648957
4276.456980701585,4,3,4935.433071205951,3,0.998581875325854,3734.4882591271003
5990.241087964212,4,2,6802.499385998542,4,0.15458269572702493,7512.112567041976
1312.35905059327,3,3,1243.0355156297587,1,0.014698068533549657,919.2539624728221
5331.646096883475,4,4,6274.236671808064,2,0.2064261943564963,6345.915328759594
5261.278106894678,4,3,6264.692208704494,3,0.14613582918689724,6755.2491504252175
6175.9022199252895,4,2,6961.711231147153,4,0.6215993731751852,4494.615396446786
3741.9904605998317,4,4,4444.170958993395,3,0.5167767055938399,2541.277125724398
5041.630532159011,4,2,5713.0570196168155,4,0.7956722911584219,4905.78672185036
4342.661016154203,3,5,4296.188123450321,2,3.7862520028035394,5533.8377395551815
9169.826841501012,4,2,10445.081374794176,4,0.29250582234836897,11369.316391539305
5379.753013154411,4,3,6351.058589611909,3,1.7026086577318957,4820.633747753299
3990.997808340218,3,5,3935.151394489834,2,2.7424182268028763,5326.4390893955015
3105.335704229947,3,5,3143.6932520247105,1,3.862505819417879,2343.205195849905
3089.2862513103787,3,4,3040.7580247994442,1,1.7575790230344976,2787.62212519876
3351.5899890677447,3,3,3245.1214032483094,1,0.8238618124634673,4196.869427211107
6095.201432685388,3,4,5838.833632361581,0,0.7074920592078251,6182.1425549066535
2551.2462007985646,3,4,2444.0611426919686,1,0.8594116944508964,2138.6322917789403
8728.51755943407,4,3,10181.721539214552,3,0.6197005724398131,11958.019032785185
4605.743216407073,2,6,3689.9059455220004,1,5.393063687079091,5649.7727158999805
1861.4933090182062,3,4,1851.4791509559902,1,0.4552589454708084,1501.3428085759417
4433.690792887615,4,2,5141.059865128234,4,0.4047431558572136,4514.1860598825115
2755.9925144463223,4,3,3254.955771719046,3,1.3184267017355045,2596.5151431079607
8147.341030067359,4,2,9152.16427506791,4,0.14911731628329195,10453.703038730097
8819.234645604503,4,2,10131.908243115206,4,0.587482829638814,12277.906145310026
2942.7544203951907,4,4,3522.7285107359176,2,0.6438827697807208,2225.698904434275
2382.0303115560173,3,5,2417.1173113208924,2,2.9188712466485116,3308.186030458326
3128.8120960185356,3,5,3058.76008796597,1,4.092478274810643,4005.281726041931
12203.70226004584,4,3,14445.709388669258,4,0.5127886634922841,15350.646708475766
4138.227818998566,4,2,4750.778203678202,4,0.5098737097995343,3867.6376985169804
6308.084246084186,4,3,7367.395479241956,2,0.035543478052294276,5374.346090903003
2463.426853432615,4,2,2765.7825002477502,4,0.6877262550309848,1835.1827564791536
1142.8849797267826,3,3,1083.0146786267976,0,0.18295739757794405,931.5133135228282
1693.4640075358382,3,3,1648.593234612865,0,0.12920730708049089,1401.4311255043744
735.4398886748526,3,3,702.5531187080309,1,0.2326927196684805,565.0222534121585
2748.7526345431584,3,5,2725.945133736852,2,2.8835382353348478,2829.490134755164
1142.294634184853,3,3,1101.639034983642,0,0.7423055386747816,879.645188298395
2990.9284615122947,2,5,2321.712502056942,0,3.018965901200253,2568.593172269797
1910.0858794948608,3,3,1813.3778098051685,0,1.4215698663640237,1384.9928560720996
3321.3818191587784,4,3,3820.0902894411292,3,0.6990997630145814,4050.6276640375454
2934.6336442424813,2,7,2373.2877968470475,2,6.855658062886141,4111.274181932235
4136.195391584735,3,6,4143.60416736696,2,6.305403493125072,3963.1342604333227
2100.933110035206,3,3,1994.957170666303,1,0.0036275972067918026,1637.6915496332267
4250.006181297066,4,3,4947.037220625946,3,0.23309085735923166,3198.6229340214677
2457.949226424153,2,5,1872.4336278998287,0,6.5360060113870375,2256.4373837154876
3316.406075142164,3,5,3308.2545590899217,1,4.685478947834597,4170.757405122191
5266.66344122238,4,3,6184.1781761228785,3,0.48566413521639534,6421.2683180353515
5506.982887935902,4,3,6463.450675286777,4,2.2074101684529985,7301.831539986216
6204.883085729495,4,4,7419.212349109857,3,0.9110365219294899,6092.285671995184
8074.699119575479,3,5,8154.36217936308,3,3.461881422469055,8337.955146220766
1738.57591395,3,4,1701.4138362293918,0,2.68471942465888,2253.8445289934
6907.471098383916,3,5,6862.7778478721475,3,2.2853684573494335,7525.855421386692
3161.7489891718,3,4,3122.509441266816,1,1.1646254386587658,3924.4316381552762
5494.467336664676,3,4,5281.248075361269,1,2.523920544251774,6821.435090222755
3251.359248258708,4,3,3783.3647101411925,3,0.4060039950301888,3046.301868943474
5546.399019251165,4,2,6351.700545060645,4,1.7623359212615364,4452.86548984443
9012.40989925648,4,2,10221.618471784916,4,0.016084144399666635,10255.37278848641
3610.8398979871813,3,5,3651.857489408293,2,0.6286220213834152,3034.017390391774
8400.61560740039,4,2,9573.113316638459,4,1.3637587784732192,9270.726885927626
3663.0310894303525,4,3,4238.091814123924,3,0.06053997425989947,3077.9598362503957
3497.8346742994854,3,6,3540.3239327961937,2,4.287318441356951,4886.540355882806
1872.5182503859521,3,4,1864.6295266362326,1,0.07131286638809885,1962.036006650117
2271.626129842616,3,4,2183.311962015486,1,0.8965033500625685,2695.740735983047
5809.217789647914,3,6,5995.456776256502,2,4.18565335188532,6547.010145643103
8752.750895857025,3,6,8781.637564638424,2,5.439352918918454,11253.092143963164
6479.897225896437,2,8,5341.3579492499,2,8.863939186579087,8894.269444301264
4014.8076245400453,4,4,4858.246086471792,2,0.04299409954483263,4434.195356831661
4434.376151230661,4,3,5225.388758730687,4,2.1846812012640062,4813.300101379778
8185.437681563526,4,3,9386.316478849769,3,0.8661359749892488,10333.46796520522
1826.5482598102228,3,4,1785.6593626774136,1,0.8329844514567066,1884.0749807287034
986.325253348216,2,4,755.0131005988318,0,3.651732043084287,836.2925698095705
5634.2378863019885,3,4,5401.389356012094,1,0.5703818583348722,5686.465469260653
4948.323101112108,3,4,4820.751520350626,0,2.654840982724662,5815.617923343861
4166.305449079249,4,3,4882.796080813013,2,0.34088602861193323,3926.7057865986644
6245.6344642314625,4,4,7473.260891215964,3,0.3596223912450917,8523.627884617785
5480.528099495791,4,2,6321.308292340725,4,0.9341898606173478,6922.951520444064
5538.155563126736,4,3,6583.184300067297,3,0.07961149209578347,4416.2158647211545
7037.331088608889,3,4,6982.956426862457,4,4.464197110928715,6703.766380498222
5932.739892286544,3,5,5801.948578030648,2,1.0813286029435476,8056.327897645739
617.7981556320243,3,2,584.460823355019,0,1.2286946965302425,508.9295232121193
2086.6216959691415,3,5,2044.9760838963737,2,4.56693923489734,1689.407030772447
1636.0320823883396,3,3,1554.6501870637119,0,1.209611201404388,2103.6294720011933
6995.176465586037,4,3,8229.836557615803,4,2.209020677317023,8857.391732841274
7085.213479500016,4,2,8147.664277379125,4,0.9183779356680546,7582.651872885118
4379.566478341446,4,4,5295.696296144993,2,1.0449962432899533,3614.8485230532337
777.230019790689,3,3,747.0836529356727,0,0.9428559276849997,990.1411554198728
5789.0961313106845,3,5,5715.206143283563,2,0.8869816826893445,5209.7498663128035
4810.12429288538,4,3,5541.640527078014,3,1.0403890919271739,5478.026544852186
2381.978508555667,3,4,2307.4250881763282,1,0.8599092514749271,1838.4466985927115
6054.753336801475,4,3,7151.147332499983,3,1.5121616433556127,5961.599050917122
5862.103293793702,4,2,6765.472483002904,4,0.13899767604937333,5058.959117222757
1488.15862218112,3,3,1432.4471619399098,0,0.9187293994604627,1294.572686007356
4702.174898813136,3,5,4681.791839298627,2,1.945565524201247,4308.239474569838
2160.419803646367,4,2,2420.1567299373237,4,2.905503037310385,2035.1212308249656
4459.217029683831,4,4,5353.144617577164,3,2.288315813197124,3943.47933498902
1724.3206034893706,3,3,1643.3578418843908,0,2.995559670529853,1984.9765235366372
4397.20993305247,4,3,5201.156311900626,3,0.39447469049912226,5518.7359825376
2731.949249755881,3,4,2621.1451018244024,1,0.47098675999339457,3735.509102355073
4895.3914035462285,4,4,5848.923188622561,3,0.7985392834871327,5517.649630084658
4596.463817973056,4,4,5439.498689016193,2,0.5086089520609615,6128.939518594506
2977.730275175859,3,5,3021.808795654949,3,4.606392113805546,2313.619786044926
3901.501916099998,4,3,4508.906082792697,3,0.3105824461180815,3109.4952065101843
5007.567599671192,3,5,4903.642446306525,2,2.3047006723343344,6298.345060151679
1589.9703399856562,3,4,1541.6850692423357,2,0.33361891088060075,1271.0258886545685
2721.4743388416855,3,4,2625.4356768626267,1,0.6084405887385222,2186.920740670014
10285.658919951618,4,3,12221.406360194596,4,2.9379057264443187,13255.477638609937
5072.049184421388,3,4,4992.947839193602,1,1.3369930366532923,4252.063341219061
2368.315297829599,3,4,2276.993864606423,1,1.0418898889236965,2709.519765182301
6484.427185864306,4,3,7511.060468570308,3,2.1351989906502857,7838.412036144776
6564.585550939478,3,6,6723.602842965628,3,8.332732381141481,7933.4624482251775
3093.3096142724444,2,5,2441.8228978141387,0,4.14173783788797,2260.4216085050216
2724.665829208181,3,5,2744.9405008918206,2,0.5834661008237698,2891.298117920396
1889.4161935491063,3,5,1848.852239426301,1,3.97071104501429,1711.366317672921
3043.6098269111258,4,3,3554.3106975895143,2,0.07390234848684081,2711.3327412144536
2446.485989327157,3,3,2350.976127769571,0,1.1105892103833508,3052.916647295332
1173.4393639455232,3,4,1141.2512301218799,1,1.84097821928646,1158.1733951590425
4927.059585840366,3,4,4818.382961171747,1,0.8960313888853054,5739.014661831783
8532.645554118573,4,4,10040.899402265584,3,0.000923914747085088,11614.010264039967
3655.6265990317875,3,5,3656.4703477543158,2,2.1150784123649866,3705.7441940585422
2632.7021163404493,4,3,3101.546877139522,2,0.48319216221964373,1959.4663688673843
2492.2484132083837,3,6,2573.6730520198576,3,8.591669325323064,3092.364200279095
1757.8087274346808,3,3,1675.3889192289294,0,0.6151851116992233,2339.849832358476
930.5780911538311,4,3,1106.1878391102948,1,1.5045693303527252,846.269900675006
3703.279858420575,3,3,3574.4514761139817,0,0.9529570030470738,4174.786046138912
1174.7499148085606,3,3,1117.8973825469368,0,1.964781360843906,1026.2950141042593
3503.699303923671,4,4,4197.436209292514,3,2.195315403461327,4217.02408214453
5570.581094397071,3,4,5523.0657010961795,1,2.2248995653737786,7028.29190283484
2980.711078770872,3,5,2938.7063698420475,3,4.467233120651432,2588.0540414154957
1426.2102868718064,3,3,1351.0571680748576,0,0.6483044053421074,1848.9081954344051
9724.077806676098,4,4,11583.198887662105,3,1.3837264784081689,12640.94827955336
2813.61543898669,3,4,2778.8324861321053,1,0.6179614547118338,2696.7258227570605
5754.497420052748,3,4,5540.72768264647,0,0.2820113259562292,7381.864310805341
1400.349787341204,3,4,1373.856638378729,0,2.276065654703212,1435.1957217943452
6954.350110861505,4,3,8167.642810894716,3,0.5832060569794023,7277.386775849197
4020.967073349194,4,3,4602.317595158855,3,2.066355119643821,4625.679563236958
3034.16693718412,3,4,2958.760440149121,2,2.3499353082468923,2983.2315399805448
2135.829717381375,3,4,2086.831849255909,1,1.0542487321122547,1742.484538711649
6456.658498209042,3,4,6269.9539229831225,4,4.833817855277191,7636.879488821669
14095.208841777372,3,4,13698.20749147004,4,2.9536785863544956,18437.219777953786
3113.2486072359384,3,4,3073.9826039912564,1,0.7333360203952785,2704.761825386688
6523.245689438485,4,3,7495.636957102277,3,0.9065210490283245,6454.575291543387
6003.915814102743,3,5,5917.497442593267,3,2.8678811867033307,7946.075373256746
4398.227327786666,4,4,5309.282429959948,2,1.1426251311170594,5037.312194179843
3722.907935404713,3,4,3675.5433730043383,3,2.718292136850051,3686.963659482257
2827.1872563802262,4,3,3241.394136115401,3,1.3282732370145909,2414.8699088124918
3302.907758485526,4,3,3807.857207868084,2,0.20488212194340744,3015.058349511117
6942.632396163461,4,2,8068.925182041806,4,2.1912882415181594,8845.326825046426
2670.7465472626886,3,3,2562.7842488421243,0,1.4343607927964561,3632.7973767199387
1235.4435407811948,3,3,1171.6364089890194,0,2.0073891429835724,976.9354773285019
1855.9132455851507,3,4,1804.9981710984673,1,0.5617401881663605,1405.992196445143
4847.2231651617985,3,4,4795.7620573687345,1,0.7124831361624798,4401.9627393110795
2371.3546485661677,2,6,1847.8035765021395,0,5.611407171261149,2663.0860518449085
6057.449667243152,3,4,6003.119916235965,2,0.04339737664471155,8767.409251766803
5297.385535636067,4,3,6181.672847660965,3,0.5879987328282398,7023.569048558523
5759.049610662022,2,8,4774.231218956464,2,6.228527876836756,4985.272087082799
2062.3143097907987,3,3,1997.021046184723,1,0.5840128982589797,1551.323836766557
4749.268611236113,3,3,4594.449446158709,0,1.6126453757535597,6037.176189890231
3467.490765936343,3,5,3411.785616711232,2,0.3879863801190177,4406.07424457352
3766.342645580384,3,3,3615.965867296742,0,0.3512632775398817,2817.8674048590115
7742.037121724927,3,6,7880.137371018466,3,5.514983416907247,9841.482036895542
6895.065621054916,4,3,8149.919372168887,4,3.2904212446141243,5779.507882252721
3669.2622708884583,3,4,3582.076888952893,3,2.7052458092024634,3978.0294654431013
1956.9573529854426,3,3,1858.6816181372576,0,1.6942764136499397,1852.0367042054424
2619.7938938409416,3,4,2532.2613031971837,1,0.7935271605064914,1865.893305185641
2837.007743511035,3,5,2861.834296640693,1,4.4765002592933225,3979.167730991241
2561.138040103465,4,1,2828.576321697093,4,0.860201729920617,2856.1961303471426
3042.905535875853,4,4,3621.2275061964024,2,0.32856512618719225,2256.2008352039493
1731.307597895792,3,3,1637.9959178973247,0,0.4871412949156887,1923.2512288518114
1688.0991473568424,4,3,1960.5256275161416,2,0.16830161450385747,1163.4372172934745
4551.548075386772,3,4,4523.117124199047,2,0.7859799190821285,4785.136960704342
1140.4654853318063,2,5,891.2195403966304,0,6.795320875730786,950.6880702277615
2695.2139741514575,3,5,2711.0755460518294,2,0.9045735874154905,1842.0515812081742
4422.240334527477,3,5,4369.1197545282275,1,2.2591808142552936,5359.706975179235
3189.6261049592235,3,4,3154.4779217677565,2,0.029248655361256922,3633.3239083074563
8285.940725185514,4,2,9425.23971707691,4,1.8281438656971125,11159.782918564024
6752.519637315724,3,6,6957.030354867068,3,6.830768929790399,7085.405133732624
6464.781143264761,3,5,6526.073295703442,4,6.743042740787762,6589.17448879026
1065.045994797099,3,3,1009.1950546978219,1,1.5699839199293304,890.5195666496697
4194.763881009607,4,3,4898.698534752028,2,0.43761926278842384,4763.685630822225
1766.6672506371735,3,4,1723.4661125369432,0,2.571964717864681,1627.094410574136
9389.104303826954,3,4,9069.93829421304,3,2.081816225678608,8037.443645962908
2422.624092175519,3,4,2330.881502440753,1,2.16257235369638,2958.9888401357407
1154.384041369531,4,3,1327.4288571896773,1,0.051491514351091484,826.7238178744481
2510.441221902506,3,3,2440.7946780356956,0,0.8996843311038032,3107.3431694645747
2103.2317992241165,4,4,2461.0720240727323,3,2.287789523572997,2040.6019426857097
6558.519348963735,1,10,3952.664035055711,2,11.779000814801138,4582.181327689296
1602.7897416710807,3,3,1557.7224716789335,0,0.44098781724065406,1414.290774887701
2051.942425479069,3,3,1977.06898189777,0,1.5525999381783782,2573.51651620409
428.5713314958772,4,2,487.1632593732806,1,1.6068625241830428,387.535100911245
11376.547358656655,4,4,13695.167755148152,3,1.3371221874341395,14476.428358384794
1765.0808902703714,3,5,1734.853041869535,3,4.291790982403693,1311.1617824860973
7633.089889824283,4,2,8716.556001467621,4,0.7023807004098916,8164.606042083626
3935.836932378325,3,3,3762.313977594924,0,1.1810308063059587,5337.719151354429
5534.418933181615,4,2,6343.358842396831,4,1.8622963309326597,4777.761807507088
5996.413436289958,4,2,6940.430818740893,4,0.4936283626865395,5344.858684075163
12173.941836530623,3,4,11920.497231267236,3,1.5718653545970482,17312.438860767143
3479.498711561836,4,2,3936.5989457910914,4,0.6286913621617929,2823.255728485889
3775.1393204174656,2,7,3101.1064894881233,1,7.213838575055303,4101.445665544502
2878.6310939449945,3,5,2866.0363221303533,3,5.2520823839909605,3392.0348792846103
1495.9326541036244,3,3,1414.4935084253414,0,1.8777123025758027,1307.0375465540633
2480.3150850021757,3,3,2333.839845533885,0,0.3237226045873307,2738.9900250336214
3122.8663452543633,2,7,2485.3393531072284,1,7.00944835305461,2987.2887732224076
1357.7544965234413,3,4,1338.2678957810892,0,2.8237505431972574,1055.3274600638563
3605.2461799253347,3,4,3584.15257361171,0,1.1713126659831439,3438.4869834441183
7216.148579729922,3,5,7161.287006581608,1,2.722320222647974,10131.546376087512
2490.9007903619254,3,5,2503.3937192475555,2,1.7200271260196722,2431.6360418052464
4050.8880854804024,3,5,4111.708766629317,1,4.182158800737758,5444.1283017812
4584.015925516208,3,4,4500.76026406503,0,1.3518647884050339,4249.098100499557
955.8223659549935,3,3,924.3724819817561,0,1.9825180096975898,996.5903923471639
2994.054542475162,2,5,2326.4056323870554,1,4.815960228303497,3041.425483977176
7291.758776290602,4,2,8418.257424674051,4,0.8588700288683168,9702.767596891608
1952.0165514427142,3,4,1924.8698722402034,1,1.8399392788034172,2405.711852014191
4191.028270496637,2,6,3271.1867521777726,0,5.512922111972488,6045.2820227205275
3682.4404948603565,4,3,4377.34789465566,2,0.006663261328350376,4725.257845931994
4659.986300298062,4,4,5648.914155628447,2,0.7851927873548524,4500.602933457838
3406.880367712538,3,5,3439.933713519222,2,0.9720670601745846,3873.376169951808
9217.59972393942,4,2,10418.991120033621,4,0.9677625485952651,11342.434982828836
4428.463730885334,3,5,4352.10814704918,2,1.2937915488584908,5259.294600581223
3341.3600347301913,3,4,3234.7008550560445,1,0.499282768228971,2376.513720918134
891.0681575839055,3,3,847.7554292427054,1,1.0689946657274563,578.3147473001691
16639.245928882734,4,3,19695.392375687006,4,0.5553717233996647,20198.22609917394
5650.450967251121,3,4,5566.305630844859,3,0.9776252739104931,5564.7811432086555
3570.1550558734675,4,2,4141.468726121878,4,1.5062236944449996,3393.1717475730297
5328.410363634544,3,4,5249.71641894485,3,3.093478297670653,4861.605645613087
3753.231906569533,4,2,4213.589285657009,4,0.5047705938289941,4783.938157930587
6347.1407267584955,4,4,7600.605878697563,2,0.4835685191012151,6872.439895879513
3177.3218581808433,3,4,3156.002488809776,1,1.7777502280945938,3326.5226087634937
7718.902047190236,4,2,8932.439604390436,4,2.028139675498448,5938.089002261263
2442.703893202195,4,4,2973.2875368689365,2,1.1607883500648934,2022.4328706836309
4731.076378852455,3,4,4561.148501252527,2,0.6527751071752071,4580.052571728842
9833.176937493827,4,3,11318.583596227045,3,0.47780873121931905,13174.049518948294
6335.67540401875,3,5,6250.827807715665,2,2.5542782109585818,6515.05086854478
9834.51681167251,3,5,9932.618476005406,4,6.006605557275006,10799.715544390285
7762.256253024699,3,5,7761.695044504394,3,2.742281811176628,7919.759678047212
3425.3406062266727,3,4,3335.763308520685,1,0.1429654075482356,3509.447333265887
3318.948171359497,3,5,3268.292162134332,2,3.706424725963067,2612.459918745844
2709.3888736789518,3,3,2544.9847660414707,1,0.049464222944447,3292.2978211267346
5054.927611418726,3,5,5034.942682850213,3,3.1925888850680537,3786.441376208557
2478.528836673894,3,4,2428.363633787736,1,1.8172404709733507,2510.406670841512
9622.096187336347,3,5,9669.743329986943,3,2.100100613560326,12815.811209603602
7637.855422735786,4,2,8783.222045597904,4,0.6250678362005844,8774.868522216522
3670.885379333066,3,4,3578.3939712994215,1,0.22684440265670597,2608.58943805212
2840.3143640821945,3,4,2756.1275762984765,0,1.346578044360542,3569.3804039339766
4092.129786245652,3,6,4164.143516373805,2,2.7370905963599657,3117.9385327419723
3124.8256669668895,4,4,3701.7938881824994,3,2.0483888464718616,4272.030402103308
3330.470031915485,3,4,3275.910908615704,1,1.0085913812146001,3251.786954930942
6347.915333694711,4,2,7324.594101429974,4,0.6649050472298854,8797.037939564558
3127.5622600720194,3,3,3018.51105171885,0,0.24498604599599977,2875.296706495467
1478.4420257887666,3,3,1402.5115518496439,1,0.12132474350828933,973.4005972799711
3641.2975168679473,3,4,3598.093472489044,3,3.2016919696020474,5123.364482782663
5083.91122171733,4,3,5961.716453369338,3,0.7582446591216074,5827.092374393905
8177.816352012855,2,8,6810.120589835049,2,7.235965191919787,11841.818591410693
3364.532116908231,4,4,3972.997553877919,2,0.9906151347030706,3948.683218585572
1430.0617864400726,4,3,1643.8018200614983,3,1.9591141860323142,1175.1900741840452
2201.418053884119,3,3,2133.1322137171496,0,0.5352472504235739,2168.0203253523478
1972.63213379355,3,4,1956.2208688665123,1,0.37821377834518277,1447.4586714416803
2067.1438681895775,3,5,2085.1520322219394,2,3.321307388661582,1609.5649890769118
1462.9087147453859,3,4,1435.608910151397,1,1.849183450284504,1139.4892303276984
5112.593384800935,3,4,5003.85930234052,1,0.577044847974442,4238.128262012536
2255.5504364795556,3,4,2185.8249862868524,1,2.949875131607994,2069.0095910797277
1487.5193174126277,3,4,1469.34367608797,1,1.5764935510220972,1105.6801943212188
4865.948272097407,3,6,4899.472066273883,2,2.5557259268000285,6270.951490899763
1484.6032952163669,4,3,1755.4702856216772,3,0.601390952792996,1297.182907312503
2713.90780490302,4,1,3037.780076021264,4,0.6292363921322932,2068.9331261428015
2647.108242693111,4,3,3045.1168770678914,3,0.15305450154511155,3459.9084086629664
2040.6525798853697,3,3,1926.897019608387,0,0.4531256999354235,1718.1625294720798
993.7112214496582,3,3,934.7061389798497,1,0.08135347359618371,735.3686008086966
3906.908715863546,3,5,3889.9753235411526,3,5.52510964272595,5027.497295596101
5770.486763518914,3,5,5767.6473432997045,3,4.608973909353467,5586.599896266179
4892.224018830577,3,5,4958.517815399147,2,0.5446507728832238,6844.529127899994
5259.027121270694,3,5,5285.116310445215,2,2.230959373092092,6115.7972283336085
3890.2674404652435,4,3,4583.566078444626,3,1.2688832512742125,3814.2509427549007
5765.559092687828,3,5,5774.196555171085,2,2.4544072492072653,7741.98221190932
1291.976222224778,4,2,1494.4162923341821,1,0.429674945326598,1128.3991036528466
1789.4854930446368,4,3,2130.8089754887556,2,0.2862082659420432,1714.341025172878
2517.9360055464276,3,2,2383.8823492628085,0,0.22874432393300206,3104.1704246770755
3238.8317190585785,3,5,3294.302844098794,3,4.567519612690894,3107.500282262025
3843.2826382703283,4,3,4451.2420147301755,3,0.6714618892197595,5282.120312540093
1555.745331974157,3,3,1507.338520945135,0,0.7975197137621378,2114.2829264017487
3091.6451984909586,3,5,3120.439135932044,3,3.1224940363298415,2120.6873719739497
1582.006365247896,4,3,1847.6707225849557,3,0.3548929882021026,1453.2037719139403
957.2233061809968,3,2,886.701672631749,0,0.1850459506184297,783.4861109745023
3983.6123029367354,4,4,4782.278443516708,2,0.13730219910582991,4029.6386384031175
3118.3835211944183,4,3,3643.5855095417737,3,1.5926380859003992,3611.6954556636438
4862.346835082127,3,4,4809.214084218105,0,0.919395170100386,6877.347096067199
10650.59611094575,3,4,10275.185810391034,4,3.13701434297306,14667.585207525359
3599.117741475188,2,7,2944.78822963749,2,6.849859265893423,3249.854607473597
5618.917295813912,3,5,5522.182947815517,2,0.5661410766314251,5273.390569842186
1389.157519865046,3,5,1380.016074826255,2,3.070303352714719,1857.4789139186807
4763.786946592515,3,4,4689.9317096075465,0,1.1525267601341231,6719.708180218469
5030.196040584435,4,4,6122.223123373415,3,0.7159058482328682,6407.766186237586
1563.18362798377,3,3,1501.0329304674174,0,1.4235748341126246,1913.3739474402544
3036.109100855378,3,4,3013.1232440114586,0,3.29245095202414,3800.157554497153
1969.0950159192362,3,3,1893.4433955969018,0,0.17020544094208254,2202.985749444825
6613.2774332896715,4,3,7806.837877174489,4,2.5290004512981064,5497.443879883946
5273.0657115221275,4,3,6244.942118798956,3,0.6470072486884708,6922.308498710143
1828.9563933850072,3,4,1776.1663500393065,2,2.60961393201676,1583.2416404331007
2643.429334080216,4,3,3103.624639801575,3,2.5987644361597795,2200.3359552815764
3043.097510009629,3,5,3036.130951445555,3,4.423433309478818,4258.673679339661
7435.673652533328,4,3,8521.711319285987,3,1.1351939866810423,10250.357968577988
2281.0049555206883,3,3,2159.240195285066,0,0.7589040379140884,2085.5566399847526
4781.675196612252,4,2,5501.875268340366,4,2.9784481711459536,4757.976035470148
3305.2445393986964,4,4,3990.3832326762513,2,0.7843478658902704,4037.70159443584
4005.2042441094445,3,5,3962.118790922133,2,1.5051399777974463,4894.54161765051
2306.6885006444695,3,4,2227.1384314429793,1,0.07797599674191179,1865.3177929899498
7538.029484020507,3,6,7670.742451786401,3,3.9506136504292204,7834.888314298969
2088.97941777185,3,3,2023.004523452379,0,0.5065894421457268,2643.6173552535506
4898.671058501085,2,5,3866.371801732683,0,4.034493191045725,5251.782173187124
4525.929913837304,3,5,4456.676325580138,1,3.8145992625523464,4987.478893483643
4245.801248851443,3,4,4083.792662756664,2,0.6555281394891871,3964.628197039972
2037.1588478538395,3,3,1913.2348488710095,0,0.25207678123211125,2202.580565947205
3346.722106101866,3,4,3216.6655034202586,1,0.32889591769428944,3159.112007152133
1843.1435396783172,3,4,1785.279433133879,1,2.8392627131917485,1496.0729917203919
6287.870151383702,3,5,6368.881268035756,2,1.893442479381637,7897.3699927911675
2744.966970749187,3,4,2633.095992811906,1,1.1436708183061413,2103.2673835260375
3424.3489918774135,4,4,4088.823945202619,2,1.0534904500700883,3326.929934860447
2807.996403317118,4,2,3235.692549675244,4,2.3706524975276397,2491.196120989045
3110.5183748038867,4,2,3484.988218197165,4,2.1751803674529504,2525.9253571888044
4564.703663941249,3,7,4710.486675581997,2,5.566560459242924,3153.378976536499
3976.7517471497617,4,3,4560.020486255245,3,0.14273991707987216,4765.162756756156
1312.8890150369914,3,3,1275.4262437255418,0,0.8927539013349935,1135.758899374739
5867.223562481078,4,4,7087.954601045325,3,2.278541701310052,7721.231760598198
5065.990992569218,4,4,5928.726297642359,3,1.1452999926707301,6187.577583976705
971.3447196029347,3,3,914.5433619146146,0,0.5381542804266259,848.48954583753
2320.5304727458597,3,3,2254.879167658235,0,1.9576645879207444,1944.1830858632525
1268.275170116936,3,3,1214.8902903789735,0,0.0719104965863669,957.9617360463703
4425.874542322856,4,3,5132.859625021267,4,3.09004605326834,4728.111147873467
8984.867092282273,4,4,10873.304703971164,3,0.5681793414515073,11322.596740157687
4161.608822491906,4,2,4728.883254405515,4,1.3975824209180554,3145.068864259083
4007.288220630474,4,3,4746.881303375445,3,0.21799897679749755,5050.1360955589025
2671.1457008250927,3,4,2577.7174480302424,2,1.7771631363317282,2056.078482577489
2836.2486038884053,4,3,3359.992637955283,4,3.7261295571101383,2325.0224021004574
13354.028777679578,4,2,15225.317704852923,4,0.5490447653773989,17806.700919568637
2943.3357214769467,3,4,2868.783079886645,1,0.8653295109639709,3688.7200940925345
1546.585984948104,3,3,1503.4412517267701,0,1.3267677855803288,2045.0541829594229
2884.878415431429,3,4,2829.704822129476,1,1.4831283174772392,3271.9821103961476
1828.93073708266,3,4,1787.2012074261772,0,2.0619782895421537,2106.3893214911504
2729.947074528754,3,5,2766.0192956956594,1,3.646743650489102,2336.0993404534224
1317.7632729036102,3,3,1269.8664953878924,0,0.3997169507383068,1376.4305784522892
2703.881705360561,3,4,2600.2644640945396,1,0.36878996727352537,3421.5209453143075
6845.217323683455,4,2,7672.502268150519,4,0.23712647556027627,7151.222240429805
1534.0069341020312,3,3,1441.4481230345443,0,0.21249428221090025,1141.469925761623
2078.094735184077,3,6,2090.2948137288513,2,5.639345495851607,1535.814699285333
2476.105207495578,3,4,2373.8985770035856,1,3.552475713127659,1874.7640527558867
2250.0344585402563,3,3,2146.408126198064,0,0.6412121047082059,1917.940279255733
5050.529187598441,4,2,5831.636744159414,4,0.1438459028096844,6253.830858432079
7293.6712821216615,4,4,8702.158315239347,2,0.20591366428889193,8484.932556016134
6340.4587492617875,3,4,6294.549917951124,2,1.0487027346732893,8864.861711991252
6342.801940931483,3,6,6503.669871950295,1,4.051285282196436,8293.723108903556
6986.137169903951,4,1,7916.9630270287535,4,0.08230923100024075,9404.521989180315
5891.949877570708,4,2,6704.629300914987,4,0.2820178087741689,6971.342269923192
3803.102849223362,4,2,4324.287880713538,4,2.0146842823412645,4114.115770905999
4003.4395937022905,3,5,4066.635742042158,0,3.193265261125526,3928.8929662585556
6405.730567235894,4,2,7399.876463689904,4,0.02654649947019516,5540.609032193544
2831.717319570956,2,5,2176.7722036296873,0,5.206946824769624,3216.85526074489
1181.1367905358684,4,3,1373.4721054897955,3,0.35494745187008214,1109.9865879905342
4017.3724981036335,4,4,4795.984805956453,3,2.638653586212031,5282.649872209286
6173.5759769235,4,1,6918.067857242474,4,0.011747796744530302,6558.513853459858
5474.526170189765,3,5,5396.148247751935,2,1.8588578473865536,6929.648311254272
6927.91602004916,3,6,7012.343089318165,3,5.480918248035719,9287.018955121306
2196.1871533536764,4,2,2539.1843066067327,4,2.3965122029358894,1815.0041433219262
1859.7383896972146,2,5,1449.5798561582544,0,4.2055517415149835,1781.6179657251985
2197.1607965993744,4,4,2581.1174692653585,3,1.803478234122381,1758.4687253175296
5762.862272297544,3,5,5672.744001878458,3,4.874777425702753,6909.753442137706
5391.6531160171035,4,2,6231.520875706104,4,0.5129749985455364,4180.4935981899025
3253.7480754630487,4,1,3649.432474448422,4,0.3288258627077642,2870.9863287991857
3728.5732917822124,3,4,3658.2649698270734,1,0.15628650404413022,3472.5287400187576
2284.536371142891,3,4,2222.283459719303,1,1.812845135563428,2155.5278018835
5575.0163205193985,4,4,6747.078272189556,3,2.2107225982296117,6241.09802371182
1026.4321956759684,3,4,1009.8738727074375,0,3.3322007779951237,843.7888875047257
7824.835564118429,3,5,7869.135969216989,2,0.12512315724017228,9529.448532149689
2446.446031942027,4,3,2849.705150203682,3,1.5409997188420792,2554.2968247421504
3604.778270128305,4,2,4096.944072862589,4,1.6621952780630325,3611.2708295867274
3413.4674691863042,3,4,3331.552250280385,1,1.032598881833249,4109.071339584937
2343.8042076166835,3,3,2229.1887048772433,0,0.767991657027957,2110.7707409627324
5817.192006086634,3,5,5908.690235961606,3,2.7488428543749612,7620.710349360745
4207.164763754269,4,2,4877.503031212328,4,0.4757095708542298,3245.317010676181
2338.3225197751503,4,2,2697.440184124449,1,0.36202294664380064,2865.453923895964
3143.2856121765426,4,1,3567.1652950489665,4,0.29716940640917977,2402.34039940054
2569.712537622243,3,4,2478.7277660039676,0,1.0040635827707776,2646.108979106688
1569.3155307430752,4,3,1824.3430827835903,2,1.193307973153519,1154.5854512958692
4347.975385071288,3,6,4498.202317843321,2,5.397911025831104,3807.026214578296
2409.3053952780087,3,4,2335.123238278985,1,1.5667056103170427,2090.8934142239314
2493.6860309558524,3,3,2383.275816902928,0,1.3600957421556812,2587.6718745208655
1224.5633982612603,4,4,1473.3820114195528,2,2.2819138085762534,979.3394871125719
3280.2214208358514,2,5,2563.407716468824,0,4.189068448769063,3815.3423771511916
5749.659565756982,4,3,6755.444644823009,3,0.41833867514443107,7337.414846889706
4389.849028578588,3,5,4429.75607230261,2,3.5371374067283816,5980.354882559474
5016.820603209658,4,2,5705.510878610483,4,1.0972329539138257,6711.049021957308
3679.3758695500132,3,5,3665.8736566692696,3,3.9812819417602126,4563.44291605262
3194.7517522518833,3,4,3164.053579604911,0,1.8955252004329084,4051.7590249398254
2165.3420654086895,3,4,2096.2321023502623,1,2.6305728783517583,1670.2575202606333
5201.951795142418,4,2,6036.882726255654,4,1.2959911971967875,6518.337149905513
10137.589773531607,3,6,10131.842676726872,3,5.055756813107838,13105.706889202642
4044.71377571655,3,4,3983.55161639598,1,1.5153474266150633,4271.278257529773
4123.343473083881,3,3,3871.7232237717935,0,0.36182519347471753,4084.5377693331657
4741.4695129871325,4,2,5456.967683277592,4,2.278946808259468,5196.155984859774
1347.8417410274872,3,3,1290.5212771743659,0,0.4412707660743077,1112.2002461951718
10339.770252157561,4,3,12044.013126252194,4,2.875064350362066,8579.698878228342
3107.2899373513737,3,4,3026.0319707741187,2,1.6716984798646748,2673.0726246825725
1779.0790792660732,3,5,1746.269909915839,3,5.163636841246507,1610.8136679048966
4626.875807129264,4,4,5609.971725472125,3,1.815059867276754,6150.602950768562
1470.4694599980753,3,3,1387.6232940936013,1,0.21339014326625916,1311.4269302163834
1467.8818854626616,4,3,1714.8381463903984,2,0.3682012104037172,1751.0281916632061
5084.64729851336,4,4,5990.955441741186,2,0.24084471713526953,6809.592559355452
2272.519255806623,2,5,1779.4831937135664,0,3.6503194497605462,2410.6787720301163
8363.20862057964,3,4,8236.026371176147,3,1.08136759385846,10638.870851242833
1804.5571360085512,3,3,1754.4331669896058,0,2.102068470218742,2321.0737232948277
5119.546115552001,2,7,4156.4282173865895,4,10.046276135213834,4006.578678257082
2515.5133047567215,4,2,2895.9471473969497,3,0.00750787348362037,3495.269129859701
2598.1848609299404,2,5,2045.9122320294555,0,4.50382583502283,3441.4696712235996
1462.2795582256113,3,3,1390.2579958995755,0,0.7608503365150568,1455.7442551449572
1315.530486122244,3,3,1234.768679731461,0,1.692434325693914,1382.6965304899365
1492.2415914620344,3,3,1452.398750525997,0,0.7489167220965638,1050.614493220801
2979.7831423912544,4,1,3358.0330324281567,4,0.19727192170450547,2972.067236371622
1326.0000214185654,3,3,1269.3257543012726,1,0.15321727351133738,971.9718140414966
11377.670215928421,4,2,12817.349340574972,4,1.3447869742408343,14203.355719719104
2021.8584423341536,3,4,1957.5850963321002,1,3.79782196923506,2274.7560846999463
7253.845998210235,3,5,7332.498929813968,1,2.6280522761310303,8171.166442173269
4558.337025787325,4,1,5078.467241095565,4,0.5512974974951308,3794.2267160977553
17026.08711669608,3,4,16764.35723653351,4,2.111529674907911,23349.175260511398
3631.7613457148736,3,5,3612.1708352104474,2,0.17582004176260949,4586.360008653701
2622.7573411986305,3,5,2649.449442202653,2,1.0047441450624521,1672.2804452331916
2499.8411137581675,3,4,2471.660703246005,1,1.8968808133683455,2586.7709205643896
8335.355022312693,2,7,6853.815401927293,3,7.719836559650778,9846.679699779459
3921.6549008070297,4,3,4619.259159364304,3,1.9852770269492883,5189.481915430374
2736.93224167431,4,4,3244.1111108389896,3,2.4171298791474007,2319.863006681545
5220.162573115835,4,3,6209.618455213336,4,2.4454188813124613,6823.340604543063
2698.4164250611366,4,2,3125.7150178061693,4,0.4416208358212963,1915.3463139798773
8860.534183130629,3,4,8798.178026323449,3,2.309606732838823,12246.909842952178
2099.040792751864,4,3,2440.1572031124947,3,1.7331860926277431,1673.9794739241813
1583.5454337981723,3,5,1583.3087147790427,1,4.032173797187712,1109.4245059710759
2727.203467805577,3,3,2581.5340234762343,0,0.08459222942799974,2520.306211244501
1515.9783756425268,3,4,1508.9759350709542,1,1.5909926644949104,1264.8096490243086
6816.138026902326,3,4,6709.062631784902,2,0.839824211636335,8085.364850123181
3522.746100718822,4,3,4192.624199948233,3,0.8292640318717782,4972.583616048845
2918.2427975628325,1,10,1772.7038102663187,3,15.502335226930816,2973.4715211792245
1588.7029719700738,3,3,1510.9489452986131,0,0.7187626139453037,1163.8400331054079
7529.220980007662,3,5,7635.898673420027,3,3.808305831622077,9266.865065572638
1920.8407854853601,3,4,1843.0470740360956,1,2.3563548538426646,1506.2308549118607
5846.68821710723,3,3,5547.28186968057,0,1.166293822861305,6572.677844084799
5758.801488882766,4,4,6763.861944859533,2,0.5539866919879795,6590.025491898315
4249.035968287775,3,6,4402.037884830429,2,3.7039927984931595,3932.28173665915
3055.341451601183,3,3,2908.760931596153,1,0.082759456040132,4159.165524394699
10129.389481713433,4,3,11801.086594738461,4,1.2429087503831278,10591.414174581494
2302.771144728395,3,4,2260.1336121292716,1,1.8744023604433147,2138.496837701882
3133.0547618357496,4,2,3611.4756394774176,4,1.8579074423460162,2823.064308812166
3215.119080610358,3,4,3163.8437487615697,0,0.9942994049101505,3358.6465447473797
616.6359540382374,3,3,581.8656936822871,0,1.0375372300250543,518.3546322967925
2806.522623084834,3,6,2897.851557146713,2,5.431911123084323,3158.045509778742
5673.377162682816,3,4,5585.094878297923,4,5.502331475643517,7170.560127907996
4109.763241746655,4,3,4828.705886827275,3,0.5407232338999229,4495.576634564893
2997.8243720015307,4,2,3446.31596709635,4,2.578054635010201,2274.0415635002655
2533.763826841574,3,3,2412.0557923656465,0,1.1337676388538536,3258.5391469035194
9961.659498505769,4,2,11194.00379074331,4,0.662422553532418,8921.399406396313
2431.1696696983754,3,5,2410.9819279228586,2,4.245388548361674,1828.590826136942
1164.582877405834,3,4,1129.6355943153915,0,2.9651819245561115,1391.2151963600834
3574.359742806658,3,6,3581.3254941658315,3,7.490965392819615,4273.453915411078
2576.097783345194,3,4,2494.451430733212,1,0.7478177408015836,3019.7186375404794
4066.0843306374786,4,3,4787.607728433939,4,3.9867986507636592,5112.862111663185
4191.25436092875,4,3,4910.457468417322,3,0.7756726197712119,3129.5147038173313
4838.1448751357575,3,5,4739.4153740932325,3,3.4235874020112274,6213.832117789437
8137.218532398533,3,6,8215.782175556036,2,2.318193179174521,7075.559818619059
6125.898788087361,3,5,6170.46659430648,3,2.4804416819805817,4973.79013847778
3906.817181801008,2,8,3169.3584127593617,2,8.122331522152999,3193.2023055234185
2045.0637166269532,3,4,1960.320750452639,2,1.8162717231790382,1888.658689249624
3682.408662015269,4,1,4120.811252535425,4,0.01786493799684585,3013.1368845750017
738.10850419274,3,3,707.7684251109347,1,1.6810320194596846,579.1480971470351
2837.997812279037,3,4,2756.4065043669266,0,1.3651669212885096,2872.054365866256
2516.5431029761876,4,1,2815.7229032343475,4,0.06022963068268351,2944.01819555402
1997.176534373138,3,4,1947.1408881619407,1,2.3502212664719115,1671.1467895540925
6583.305310623217,4,3,7625.723058825511,3,0.021764396099260924,8026.542159906843
6011.642432215636,4,2,6881.104672419547,4,0.5315561404279134,5036.763861838363
1635.2642803988936,3,3,1548.2301949194498,1,1.6895174907804589,2340.7683800500267
6444.7534403048685,3,4,6257.3793663027145,4,3.6819232289515713,7483.1345802694905
2155.749237420274,3,3,2078.4885424418635,0,0.7880815469169066,1796.6970184391955
882.9972355784449,2,5,677.0703538891013,0,5.949396017183717,585.2291127409851
4308.899204023171,4,3,4976.4137003865135,4,3.1307923956922927,5713.017142001192
2251.93908972837,4,2,2591.6179703561274,4,2.1671970632832958,2978.8038009514285
2079.8683706638044,3,4,2016.061187441539,1,2.8649106282254597,2202.590752886258
6578.514342504363,4,2,7602.976581724233,4,0.1080411232199984,5592.402685635448
6866.767927943691,4,3,7906.518007938221,3,0.4520165537118422,5258.358007799077
11923.0542739161,3,5,12012.150028320179,3,1.06644870540891,14224.168624866108
7406.497537718101,4,3,8538.54027849115,4,1.5001414153049788,10418.787159827993
3654.899600654405,4,2,4149.890297170289,4,1.5671505096164258,4477.858551598401
3319.1849563104624,3,3,3193.482578579355,0,0.924773014492086,2508.0591803467005
4095.0663766707476,2,5,3160.943807008699,0,4.344040649036695,5451.988471429972
4605.966306003785,3,5,4547.794866555873,1,2.188026778970981,4430.743881279039
1897.8516245851786,3,4,1883.3910150751738,2,1.8862371084669156,1634.5989892341643
9380.128246511049,3,5,9192.953452056448,3,2.2517473551640803,10100.959387633236
4870.215777858292,4,3,5752.754378007254,4,2.826322007404027,5604.332684900011
2126.179431613657,3,3,2016.979265055151,1,0.17167806384083578,1517.2364706317696
2022.0732762529556,3,3,1901.4211449917427,0,0.05613410672358444,1488.8346028564256
6320.971435133736,3,5,6296.318764087099,2,1.4431089824173398,8079.522179838592
973.7516347900826,4,4,1152.8139591138092,2,2.7393095934071354,895.4191213401853
4795.079548232998,4,4,5745.851404839538,2,0.2459975387602536,6836.493823830993
3838.9480582594383,4,4,4560.720870612647,2,0.07972906812149459,3188.3692374052544
5692.463949142677,4,3,6767.233912611647,3,0.6392369292198017,7132.983842852246
2757.4353266047965,3,4,2640.2398493483297,1,0.022257545331435567,2123.6150671399787
3947.034874523883,4,2,4473.7445730083855,4,0.9201832098922427,3335.239306855528
4530.46176446146,4,2,5220.587398298328,4,0.5685397164863074,4459.913764281019
2358.9188107141754,4,3,2746.079740831346,3,0.17591700687336062,1615.0094396296593
6828.771621376617,4,2,7922.885323706245,4,2.528612382880543,6454.21913022936
1705.939422098317,3,3,1657.0861650496165,0,0.18601380907023457,1323.4834633556945
3790.141499976969,3,4,3747.1237911703347,0,2.3469581311129204,4401.895033553837
2689.1291403605787,3,3,2519.3096030309516,1,0.9788662680451566,3298.16644655887
5502.647969621146,3,5,5514.607000296438,3,2.1333964978720084,4972.340691608825
2346.4230689298333,3,3,2251.411604085895,0,1.0745627195676237,2357.4102280875763
1766.6337389611379,3,3,1711.2701078858565,0,1.5981356895093708,1735.2948205596697
1606.6497391979492,2,5,1246.955210475389,0,6.3079945982898264,1361.5542956389004
10927.565045646406,4,3,12623.992608706441,4,1.1843681215038668,13174.166029408663
4148.608612968071,3,5,4124.429159677213,2,3.1315452006075533,3637.6299894342264
4112.871650622149,4,2,4742.122216446223,4,0.8480886431696972,3546.9944872047654
3819.3670953001792,4,3,4545.607684289829,4,4.857439347270359,3519.512238875765
2641.4889092981507,4,4,3101.080789029628,3,3.3366197832804767,3533.4261830227792
4399.831104251383,3,4,4296.712536631015,1,1.1142044432547664,5849.530596522146
1051.2403001699035,3,4,1031.8757418055948,0,3.0022673611363064,764.8210041079752
5648.007839414642,3,6,5650.8747536818655,3,5.048767664705098,6132.56413580692
4313.931841671796,3,4,4296.123305757278,1,0.0982940571344692,3218.026785726273
12615.476818658639,3,6,12697.696781852153,3,5.248605283813385,15509.379824459578
18800.629462809855,3,5,19022.525692198564,3,0.8567502989440091,23366.913780267212
4832.457647514718,3,4,4773.215045308036,1,1.7804009958473968,4930.004475702996
1290.8832364339944,4,2,1466.5527031576057,1,0.4255370272163584,822.9281435482918
1778.9277024557914,3,3,1711.1291772579473,0,0.6524789393730522,1396.406860485755
1186.8784322881172,2,5,916.4985409841137,0,4.393993862557114,934.3611360923653
6690.896467727118,4,2,7734.678953787201,4,2.274218845572108,7502.399718969287
1724.3332962141585,3,4,1700.0104727728815,0,3.0638205536686485,1469.2881738168817
9985.296283982429,3,4,9906.552214295016,4,4.101942616691357,11939.748377723574
2603.1315713448757,3,4,2506.04762496927,1,0.9711431212116304,3534.9610189161713
2857.5047026050934,3,5,2829.766738038268,2,1.089988889064415,2558.7314661050486
1273.9964578720985,3,3,1218.3392002151643,0,0.8522862091508542,1231.3577189288662
1684.3246797369502,3,3,1581.3864694519066,0,1.8888320058454193,1329.8030060225244
2091.8897332989704,3,4,2056.1723690014587,1,1.148475091480905,2390.6835689609343
3881.107348402976,3,5,3918.735100616476,1,2.392967361765656,3587.109646213553
8185.290958010731,3,5,8149.6195213578185,2,1.781345034803083,10228.59434936368
7250.275339929487,4,3,8356.8298380793,3,0.01682388256240547,10043.676173654576
1601.7076713731992,3,3,1549.196534166523,0,1.3194615289310545,1152.1917898117506
3195.6700536932235,3,6,3199.0584744931402,2,4.772988435279292,3002.1976710000245
1858.646717530491,4,3,2163.1058771049525,3,1.9375460795158106,1592.4282579702049
8190.934081472937,4,3,9505.08026951282,3,0.005342648127617343,8856.604450641873
5501.380989548676,3,5,5519.52427213749,3,2.207986993481712,4386.516972034123
1881.66724328882,3,3,1776.1692702735113,0,0.011013054114109437,1802.5505691210924
5091.6464666295915,4,4,5957.446096346187,3,0.7582056639389887,6624.159563408104
3512.4258998921305,3,3,3418.0847749863165,0,0.0753220017117511,3664.960987177251
8930.185631431503,4,3,10618.227243263027,4,1.4056587791503774,10022.887957794956
5080.926123530229,3,4,4884.513790360405,0,0.9744267480317367,7154.019256301301
5829.207272564768,4,1,6512.425801459931,4,0.14033193920424777,4806.553969892224
6892.380960228245,4,4,8234.899073363773,3,2.8419297771486844,8214.86563259729
1617.3529010971138,3,4,1610.7289772057545,0,3.2616619873864576,1413.8898013632963
3185.557007723088,3,4,3063.039195225438,1,0.734925213842834,2496.0854410769216
4096.008864534103,3,6,4221.902809966755,2,4.21788974836127,3771.707159614994
1903.0340060363692,3,4,1849.0773378064243,1,1.070097891136937,1089.4131939315357
1087.9973382935843,3,3,1038.5123802426597,0,1.203639353098136,1263.8489786325185
2838.7429514869323,4,4,3431.771057458754,2,0.21847673935236187,2482.3408760386487
8204.120007448468,4,4,9668.201986708551,3,2.202199739142841,10826.34865830527
2594.6510168883688,3,3,2512.196041733931,0,0.49792732185921446,2107.5473918804996
2844.2294274411656,3,4,2805.68362308705,1,2.2856252451429913,2394.8049794468693
2534.1771363609155,3,5,2570.2781095807773,2,2.6310290662941553,1851.541836062472
7718.342711802064,4,4,9142.467665373137,3,2.727494280704325,8662.402110168388
2551.4377381005547,3,4,2532.894476747879,0,2.2473989404770487,3552.645265832526
5547.452467486658,4,4,6662.595006594762,3,0.8311640727303088,6775.78298166453
7100.688855687115,4,3,8446.00016972906,3,1.1247672944584783,5993.086816667085
6792.035969870626,4,4,8106.665817336781,3,2.3748810408333365,8533.332602765578
3679.2315407490914,3,3,3525.8558842847006,1,0.054901669208273184,4384.82640943582
5408.605021102536,4,3,6352.794520330458,4,2.3070726632941145,4946.997861140406
4055.8182720182253,3,4,3920.8308641477743,1,0.7046587489639023,4842.0521934639155
4298.4379907813845,4,2,4933.69882995145,4,1.7530924317433951,5090.2444684780685
1609.254279502345,3,3,1560.0414735920854,1,0.16513630844634666,1309.622426065565
992.5030628909713,2,7,788.6411351930341,1,7.39679705021496,778.7921367722216
1870.9549360629455,3,3,1803.2185689725102,1,0.9332568387283777,1378.526094303396
1853.722028542182,2,5,1461.5381763923772,0,4.339912084594623,1882.4727504264818
3904.0858190872086,3,3,3743.857644266036,0,0.022624608231474417,4453.596037287701
4830.246097207464,3,4,4757.910263869365,2,0.6747837834909067,4529.335958888652
5979.260123146004,2,8,4843.046612454254,3,9.015913868085848,7257.814179178764
5818.54359493267,2,7,4708.675359862638,3,9.089890370032451,6132.873070793147
2267.5898741024585,4,3,2608.2521632992925,2,0.43241304457680607,1950.8834912035159
4266.027804585014,3,4,4241.32429748501,0,0.050583958787992316,5073.473750924071
7681.850063452175,4,4,9068.364353469296,2,0.3841606922351436,8046.219314944179
3750.824917342217,0,13,1477.9791475880343,1,19.602993612136174,3305.2134484525263
6221.818437979207,3,3,5841.521672828644,4,3.4147490001660135,7775.594539820808
4557.035692342227,3,5,4501.506730487676,2,2.009207776981565,3707.545903552755
6433.601103696629,4,2,7455.305900882987,4,1.47953908111007,9185.433635796542
5516.7413953901005,4,2,6179.868914633099,4,1.0979522116670586,6443.754232391877
5496.397648577888,4,2,6200.30624822527,4,0.9850125535091421,6707.802652706198
6106.729858825069,4,4,7395.369459011174,3,1.5360976623238791,8129.942639062213
3617.8044501115673,4,3,4175.355341014197,4,2.2254318312448573,2459.1929670821637
4487.382784157719,4,2,5036.755448968853,4,2.4121008228101846,3493.08396146596
3585.1394600498306,4,2,4066.785991202173,4,1.0066484614091187,4913.272122729707
4721.334383595473,3,5,4616.531588274962,1,3.4386145092374254,5594.150405328471
2072.6987410225315,4,3,2442.2662464221316,3,0.26062758975005684,1497.1919476657672
4067.7831482587208,4,4,4880.293600233177,2,0.3006831592643807,4109.502557402738
6317.249485559983,3,4,6211.546041697649,1,0.3371628021675438,7357.2034151231255
4512.398244358267,3,6,4505.32280131646,3,6.806567735046175,5747.126013318494
2355.2994157136495,3,3,2223.320109407993,0,1.206824925828621,2983.2353522205767
798.9701855551621,3,2,757.7019912297922,0,0.08605549190987664,645.8605729145936
3274.285312833732,3,3,3091.5305121756405,0,0.8560578774892493,4311.94143442534
2978.0991146073347,2,8,2477.445641092708,2,8.447481504169952,3315.0482682241154
4978.118657817822,3,5,5036.541027339266,2,1.8655294158301545,6045.444105599095
2465.576807348337,3,4,2393.5994329404975,1,0.4624031992852655,1456.2095321084444
1714.5545590411514,4,2,1935.043198611506,4,4.459293929615027,1572.8431280781451
3416.666629919009,3,5,3408.764229401189,1,4.147828726464242,2548.4018758902134
8421.610847049036,4,3,9638.950235708216,3,0.29186953535644566,8656.159843588332
2724.9737623156316,3,6,2758.2886688347508,3,5.690318116685352,2076.601509470692
1310.1722332395334,2,5,996.2271234096069,0,4.589379476585361,1020.7553945077339
2951.7998037934026,3,5,2890.289050941365,2,3.229562748723972,3491.6238311467
2553.9098552192895,3,4,2533.9040445949363,2,1.1102648027533832,2055.9786897419845
2476.89637152161,3,4,2432.6818180707705,1,1.1116400252913585,2700.208881023238
1749.1437760833126,3,4,1737.4603356433088,0,3.3270043662284943,1823.4338501180582
1709.5820200866192,4,3,2033.0799682816196,2,0.6216608071987143,1508.2529408910686
646.8608324457073,3,3,610.4363522462148,0,2.2869099131248953,587.8691570226098
2178.95633728458,3,4,2097.4119105271293,1,1.649776427698818,1768.8667705066425
7057.599012510221,4,3,8299.029561863554,4,3.0558936203129665,5336.571768396841
2095.652554746006,3,3,2027.6990220973753,0,1.1136181991278602,1568.0189004879387
2016.7651334844993,3,3,1908.889079412173,0,0.14446736394126325,1544.3195518624757
3272.038033715799,3,4,3167.861336367947,0,3.22941593494252,2663.6633025187857
1663.368701521205,2,6,1332.6712894266766,1,7.257001322555783,2003.3107089797857
3866.955861084328,4,3,4523.925371788437,3,0.6108642130160014,2969.3287855618014
4344.437023474084,3,4,4178.8758753091815,1,0.684005272726072,5257.920352218555
6023.3971913339265,3,5,5974.276587460886,2,1.9891987462833662,8618.893020105163
8095.7677992353065,3,5,7990.140218473486,3,2.9569551869718107,10027.788968472463
8822.832968543262,3,6,9016.313035774168,3,4.669295621976743,11069.84108160833
5941.471565671888,3,6,6136.086468099764,3,4.786566012548197,7313.562448762884
5825.341330084674,4,3,6721.650787374485,3,0.5330930019681166,5230.25577196637
7091.550990731602,4,4,8418.243007171359,3,0.7901045143589939,9878.269794241942
4098.200333141546,3,5,4070.275650813722,2,0.15736142629594121,5440.171605010498
2249.162906841479,4,3,2626.8272558646777,2,0.367150195763427,2530.4167637935743
3797.5839555310786,3,5,3736.5314164211177,2,2.0830071675098862,3170.5432877072294
1528.4309359059146,3,3,1433.5182066273028,1,1.0115242800307114,1190.3890322057684
1980.487827975969,3,4,1908.7927475316956,1,1.0700307613829374,2087.8848921013073
5346.1546519335225,4,2,6182.022144101868,4,1.741300984093841,4434.461531603597
7105.909663931913,3,5,7162.626690295187,2,0.35691822991263494,9068.243760168638
6759.76365117622,3,5,6820.106820583118,3,4.143810394511266,5371.839036600609
1564.4904843504498,4,4,1869.189014251507,2,1.2212106144621266,1207.785110088495
4031.099876586861,3,5,4027.9237193097492,3,3.000261140000731,4005.4289042171617
2124.58092361269,3,3,2015.7306533200663,1,0.05486465464202014,1603.1129676027904
1652.2292426119902,3,4,1638.6992849749097,1,2.5618495184967314,1224.6284448890535
1548.1557111165716,3,3,1492.0022616322867,1,0.8909449495396036,1212.7736323785489
5684.498744071016,3,4,5485.394489571777,3,2.6560743934790394,4694.178734433175
2627.7208128940133,4,2,3057.4195972149964,4,0.15330269970035237,3485.234241659348
10369.958214842329,3,5,10533.778864489548,3,3.483993529514026,13218.641375797155
6238.966744802681,4,3,7271.489964575384,4,2.539020335477357,5325.912179989021
5294.351948778931,2,7,4359.153846838315,1,6.090904673411163,5956.342769964565
952.7321852261964,3,3,924.3612980451046,0,2.1366813297444893,901.1663199892821
3645.7935046104794,3,5,3659.605472410388,1,4.621629096493857,3403.7127356030005
2288.746138267361,3,3,2218.2293976062197,0,0.6955802646957525,2617.5019861437663
4224.466298730169,4,3,5018.490836095767,3,1.0580875107799805,5057.750247502917
6807.896635770807,3,4,6586.634942353145,1,1.5179765967622194,9155.610766387705
2448.511539941369,3,4,2435.4075314608945,1,0.6350754652762779,3287.423008938558
3087.5569437033428,4,3,3586.1378648115992,3,0.20749936251647486,3082.5914923396153
2670.5678003880594,1,9,1619.536374003747,1,10.704939838613372,1890.4170123111232
4517.300916189719,3,5,4424.593738416583,1,4.008081441112736,5582.472562380436
2490.837658108997,3,3,2383.6334379131217,1,0.9392210967689619,2186.6072566423636
5955.108678560005,3,4,5803.261840458529,1,0.41618373420221266,7366.354682562898
2092.070891954361,3,3,2012.1372970831462,0,0.6310832321834832,2957.771673325256
3805.9125075474194,4,4,4554.481884293697,2,0.2645124691204469,5321.242762793729
2314.218765502815,3,4,2294.092150785758,3,2.791025765947293,1303.228518855612
5933.584830873198,3,4,5906.375671381275,1,2.3619566072225204,5941.8643778002925
6594.974103723161,4,3,7700.12858224843,3,0.25446258186014414,8638.918663584955
1314.5443199579258,3,3,1249.8978876764395,0,0.3952566794655108,713.0808024248756
4130.612051763085,4,3,4736.175536991233,3,0.7869718214211844,4052.4371436866895
3311.593178952604,3,4,3221.815775858532,1,0.40637214325042176,2815.165072609708
3525.6013673910693,3,4,3423.7765221581185,1,0.2977900042561618,4225.374728203079
7552.274591564252,4,4,8848.281671838855,3,1.4103802434911483,9483.70499585541
2360.6534315598246,4,4,2765.93857435783,2,0.9734411158394529,1790.2340149822817
3788.5802967904983,4,3,4396.671626519912,3,0.21704435326154134,2383.4754005285217
1580.6243547281172,3,3,1493.005480330851,0,1.6352338258973715,1285.9116997528838
6635.8866002312225,3,4,6404.301382966517,3,2.5547427018550217,8662.24800398643
5317.724953826183,3,5,5345.99001222862,2,1.72011451706317,7499.151966600678
6185.61056740026,4,1,6940.501881116101,4,0.19485449616923717,5263.592431956618
3462.6712655965525,3,6,3567.2850013168636,2,4.6871431403010995,3560.394009996246
4039.6146117517414,4,3,4711.989320671646,2,0.43146670177635665,5442.576671840619
2092.695094044845,3,4,2013.4244381371846,1,0.5182285067235087,2630.6520807543475
5337.68242861632,4,2,5979.644488486861,4,2.2047567287232335,6502.69364003287
4936.370318671944,4,3,5771.471332480634,3,0.10919173400051348,4547.488964592137
5885.658878601075,3,5,5858.234368562978,1,4.0475108768649175,8030.791436815778
3367.505304835029,2,6,2632.138058552787,1,4.634335470158,2833.9568377114238
4529.702928134187,3,5,4432.970017870706,2,3.4591660332559973,3189.282545220604
8387.68862931247,4,3,9866.226926103904,4,0.76966420949872,9017.839636029163
5542.335287023882,4,2,6402.448024220078,4,1.3268867394382495,7490.744415298706
3830.1443125947876,3,4,3673.623570227241,1,1.1823101814093842,4184.496361548077
6040.9504568364055,4,1,6699.693231478988,4,0.2442234222634304,6489.035102226762
5154.410738704439,3,4,4989.216029968022,1,0.4191424891278346,6529.613224354298
5332.681957951823,3,5,5243.1809244037895,1,4.090667340397018,6623.770729732444
2321.2390520528375,3,4,2306.6986962386513,0,1.4335881981887268,2777.2859098943586
3398.8569797648283,4,3,3971.350386105158,3,0.39942092894800607,2176.166736144738
3809.4172944287197,3,5,3756.61396391039,2,1.790300464888229,3031.7970434932968
1825.837731455607,3,3,1754.597473895389,0,0.5627872013337096,2352.5665577669265
3718.919081881668,3,5,3674.424611968463,3,4.260137801215315,4792.091846032638
5032.112176667794,3,4,4990.879838010816,3,2.629850305327547,5587.363074240239
1352.158621689254,3,3,1274.2776325198574,0,2.0185884728053125,1294.2990434273229
2800.529223556913,3,5,2823.969296022658,2,2.054908172688209,2578.1671699336807
5210.624792759931,3,3,4970.507748621999,0,0.025667752301130678,4914.20656844036
2683.170534772896,3,4,2621.121577854571,2,2.2595246166940792,3202.8920121710426
7661.43286806027,4,3,8907.15151424636,4,3.03666475831289,7343.875189037268
5960.988994094706,3,3,5589.709091682181,4,2.586403185522805,6128.886372540383
737.6356261178674,3,2,692.3771550430005,0,0.6671536660176608,511.68483577410694
1540.4623283384901,3,4,1495.3962810592586,0,2.295110467436446,1617.0086553924784
3111.9733621719324,3,4,3030.2600411341964,1,0.9811530766162254,4359.402823616989
3437.4741878508125,3,6,3526.113286933415,3,6.127081549142278,3430.369202148042
4894.700747637518,3,5,4871.338850152202,2,1.3282106138476675,5429.686012418943
2128.712000896109,3,4,2115.965729945396,1,0.03243986814011369,2987.744911474434
3371.3968057494894,2,6,2626.1827526261245,0,6.922898280682776,3830.530631516831
4814.1539738050515,3,4,4737.338664702276,1,1.998464350830641,5970.482048780609
2664.6702600850426,3,4,2605.769611924038,1,0.8505354119837476,2007.1752513511744
5109.05470478822,4,2,5803.7745019287295,4,1.115369506240748,5614.692419042959
5095.479780094969,3,5,5150.39308862944,0,3.6210527181321503,6899.3059156797035
3896.7519154069814,3,5,3831.911816572127,2,1.8323754949746072,3848.177463782021
1840.8564829599259,3,4,1816.6266191254506,0,2.226594271680702,1712.1142111326194
9552.142742710408,3,5,9675.029807478717,2,0.5320412688534941,11894.263686304866
3549.9780728424166,4,2,4021.6486595184288,4,1.006201978719635,3765.290782500786
2884.9668305004666,3,3,2773.9894051508118,0,1.6655078402496708,2553.416241004993
9128.278236857506,4,3,10546.917316993784,3,0.6407093915646498,10288.128354939003
3343.332504661154,3,4,3233.7721579246436,3,2.1089883899605457,4347.943336892282
3817.9722294785215,3,5,3825.5176615921314,1,2.708982012422667,5160.360972705228
4237.968734386672,3,5,4294.366563271708,2,1.7933100456377626,4807.180041121919
5118.378366622587,4,3,5948.444894710158,2,0.23435222565039882,5325.895445440933
4945.438332823133,4,2,5541.098429944885,4,0.9286394021061786,3971.657956564528
5328.27583116701,4,4,6390.485237379769,2,0.08556532045975679,4529.9662889914225
3639.3593644217203,3,5,3679.6510042061655,1,2.523850173042804,2957.6299256173993
5055.328260107194,4,3,5842.479235831082,3,0.3983479811315837,5152.171851086271
2345.4993723544367,3,3,2245.751165147904,0,0.237946267881667,3191.1213907558563
3683.110265581684,4,3,4227.940559380072,3,1.06269147012881,2200.0094031557196
4404.184455537702,3,5,4334.503642594336,2,2.766769872791784,5853.360428965958
2276.0813758552035,3,4,2223.04758125424,1,3.255483548819755,3084.479360190965
7454.653700943126,3,6,7622.083562768193,2,2.1854185460917224,7149.263514090995
1241.7238443138215,2,5,973.5612504333642,0,7.373676957342158,1347.6679800387824
2252.876520366335,3,3,2139.893388047872,0,1.3300878251688413,1830.7329956489964
4346.768045665663,3,4,4176.571052616147,2,1.3863760482786367,4029.5545124120104
1501.1782912111837,3,4,1482.3473339633804,1,0.6612198338007572,1261.3963468265592
12177.479807180282,4,4,14803.672449903379,3,0.1186543490749569,11052.033309805176
4834.049109263015,3,4,4719.17902952608,1,0.6406425113840714,4731.11699944513
3480.9024552675814,3,5,3439.0835243154897,2,1.9325993509320902,3006.0901031469416
3525.095547732149,4,2,4039.008541770258,4,1.8059650644557217,2929.0270483633667
3107.4917338874284,3,6,3151.7316851313653,2,5.109825099259993,4153.634940674048
2727.396509911253,4,4,3214.94680193188,3,2.1874862813776694,2160.6826822917956
1843.2774956477726,3,4,1817.3754475694425,1,1.0824032210565888,2185.000293447605
1485.0648567155308,3,3,1416.5667318475914,0,0.6062391003475128,1696.5247650384063
4971.034835359165,4,4,5905.8513288971235,2,0.8589437698678711,6121.03853313665
1492.5670814682917,3,5,1493.0373755697178,2,6.221063739090641,1502.376952596042
4781.524617329344,4,2,5461.933092257371,4,0.1651268598169087,4694.863587709239
2254.0481744468257,3,3,2126.431178521278,0,0.0540444213690802,2506.8026564407555
1627.3338672217155,3,4,1593.5355802216525,1,1.0032264406089937,1442.3761773089736
5352.361752441526,3,4,5154.737756442284,1,0.08398978570213075,6995.918491759221
4811.558522977063,3,5,4778.935267565664,4,6.878526632880096,3802.3599735943403
4813.978163630747,4,2,5430.801330821384,4,0.9349485153367687,3629.287892793542
4286.319448102369,3,4,4134.723023797796,0,2.2299128089750764,5304.329514412258
10292.046608708772,3,5,10353.239494691376,4,7.006629925358077,12131.650391952115
3725.61965868198,4,2,4213.010048380702,4,1.1171564222071058,3337.169750544874
2698.3969287088316,3,3,2534.0484512831085,0,0.3621265916377764,3717.4446006077924
4296.999499565614,3,6,4381.8087558894185,2,3.181813551031512,3186.4673040628936
4447.902317091664,4,2,5111.217499351072,4,0.4247304097539813,3824.4006496665315
4985.39181410022,4,2,5638.523771561617,4,1.901622012939747,4718.4651331573505
6202.429172602231,3,5,6287.137803810201,3,4.839034479316395,5000.908775553725
1873.7696353698805,4,3,2160.5049953990997,2,0.07407717576884951,1603.7443335402434
4852.134301187576,3,4,4688.584495510979,1,1.2950751201656352,5726.215486459185
3275.955636211264,4,1,3690.28230905235,4,0.5579628959665215,4022.5157920963957
4542.87367365369,4,4,5346.49556576231,2,0.2451675107045533,5701.782520660033
2293.6340569971994,3,4,2272.246140496517,1,0.3950301923294383,1754.3839065351647
4482.43066083611,3,5,4540.244042644019,2,2.551939553301943,4289.074288072117
5645.036951504997,3,3,5420.237318301961,4,4.024891589312073,7330.778926861798
8603.905270915146,4,2,9952.054207718204,4,1.5849091480027875,9595.33087742271
1585.2042460925443,3,3,1491.516640483992,0,0.47729109977030154,1204.5873961379202
4104.845548884725,3,5,4021.410978884135,4,7.910917927716095,4970.63300825423
3940.0999962956475,4,2,4555.25454604514,4,2.4059555899629634,3123.278194906108
2999.3069058068318,3,4,2928.9895023140753,1,0.2052899654451588,2263.2643101463495
2203.4683262299945,3,4,2175.133725848683,1,1.8909724471095395,2627.124071302838
4836.3322812335355,4,3,5575.123161775507,2,0.40829057590529677,6419.057651535461
4507.202996702072,4,4,5422.624391693906,2,1.239391198155012,3810.0608168032513
1532.7016173166721,4,3,1769.2055337629627,3,2.1779437160343496,1635.9931050991183
1708.3856221971444,4,3,2023.111438198298,3,2.0171060115525816,1313.0465037584527
1974.5594808298024,3,3,1883.855407556028,0,0.29101005501271,2603.766926909302
3555.745025533165,3,4,3497.802665972353,1,0.7093146447008435,3286.6865199316794
1307.4863660147546,3,3,1240.8140649811166,0,0.6877750942836054,1123.2693054007505
1899.0050570559579,4,4,2302.024704811539,2,1.1375307240647203,1366.6105260010684
2550.4471053206444,3,3,2479.101273505552,0,1.0178285999899062,2934.4674047295766
7722.897614261757,4,2,8966.633358127943,4,0.8425154567963891,9420.369104583935
4069.1006213788655,4,2,4670.988824819174,4,0.0188845415665856,3951.2186339747072
3120.8554686561683,4,3,3575.546970125949,3,1.8654321725298728,2773.306749915517
17156.834624345414,2,9,14556.85169893138,2,8.796095607041753,22024.99411672074
2022.3997772643097,3,5,1982.893235678783,1,5.988945825796903,1267.1976209547877
2192.402641554751,3,4,2119.5650993569056,0,3.4162560504364046,1757.4391477906368
5506.763365174502,4,2,6405.492150833258,4,1.243135484193324,7022.322277465995
4177.804249005529,4,3,4930.0044185220495,3,0.7444632828156934,4091.4706451181664
2881.3880903511317,4,3,3365.811029431594,3,1.994431288091197,2236.0903491138683
5021.387061141973,3,5,5042.404420975091,3,2.9783046131193815,5803.80813384172
4672.782267825625,3,4,4480.56709401613,2,0.3347765189803003,5676.137022478006
5804.340420454343,4,3,6746.525725829196,4,1.7255469260646834,7628.119099114087
5959.436606323646,3,4,5756.376603265124,4,3.1226994926376097,5879.172705677899
3650.379612542328,4,1,4026.66598172677,4,0.4456663428316844,2974.0843295253167
2238.00624212219,2,5,1761.6234319959522,0,4.495790274235376,1675.903945204866
2660.2188490511076,4,3,3144.875074530393,3,0.2518982263120618,1832.8690088569365
2713.3174521776396,3,4,2656.2331572252397,1,0.006053067247538654,1952.7180587546823
4584.951488508559,4,4,5456.590402123612,2,0.44668676518774997,4558.951768497914
5977.951185419793,3,5,6032.626671026065,1,2.1981816688866584,6564.849683531424
9307.907796859423,3,3,9066.453712224304,4,2.661114303092179,11363.869444356167
2489.5957151457956,3,3,2404.9167022843603,1,0.23788306839478662,2365.548872534746
3789.874336157341,3,4,3665.5384314370035,1,0.5335211332272544,4965.494924827188
2252.361806118082,3,4,2195.626002121377,0,2.668463529003228,1713.0964249766866
2963.428230171699,3,4,2920.1237596991205,1,1.9825901336969771,3211.759021328925
2619.9299590179166,3,3,2466.7192144804726,0,0.35556309318748297,2224.46760891981
4407.475393187173,3,4,4389.302526068251,1,0.392658669330896,4518.240486418882
6171.805247609667,4,4,7431.320372778932,3,2.212920697530286,7818.306944539969
5044.478908925187,3,4,5010.012884044442,1,0.16797570928491165,4431.047855620424
2428.4301145326663,4,3,2887.974288731311,3,2.689999409982733,2013.3436925520284
4877.805500627136,3,5,4782.992536100221,4,6.473149147732773,3538.560695782211
4329.211106358089,4,2,4906.8415350478945,4,0.10309104563663336,3869.0666493260496
2959.122806628014,4,2,3407.0016747054633,4,1.663962233344346,2819.512802134903
3450.2133967632867,3,4,3362.418168385866,1,0.5996556856033983,3375.8264277797043
3790.2975352194726,3,5,3829.874523882591,2,3.5069138754644644,4538.01234757941
6481.530683961887,4,4,7780.420329757577,2,0.3827183919580835,8747.067877091606
2537.9054623248517,2,5,1969.723194043849,0,3.0872623588938017,2175.2947256074494
3270.538235347356,3,3,3156.4177393075497,0,0.7307174573899659,3045.6468703878863
2375.8202881145194,4,4,2798.946093120978,2,1.042844456943411,3144.0124386972907
10064.961855774103,3,5,10109.044164058672,1,1.6130559947025127,11017.269295733393
3592.46104375396,3,4,3438.058576260146,1,1.1424835860892626,3861.0239419371774
3045.0247301393947,4,2,3457.641859768945,4,0.6636581570525031,2372.996477711035
2300.3767107979675,3,5,2305.5148829431546,2,1.8977499377009246,2460.6434448478576
2693.638040720405,4,4,3235.8921026369285,2,1.2735698261765123,2261.5288768667347
2209.96262614169,3,3,2098.305535426022,0,2.5456751417707553,2289.6738740158676
2440.2728648625375,4,3,2859.9215361197575,3,1.183543402154837,2714.219861986554
3388.4832952127003,3,4,3345.527228470991,2,1.2150512892257581,3824.404482187583
4353.003687396444,4,3,5161.484040176592,3,0.8001125065625949,4925.556945588657
5751.494925375276,3,3,5426.739970318801,0,1.5144767471649503,8035.586650527837
3278.692339738704,4,4,3944.661930561863,2,0.27987015700920453,3683.263472438073
5820.522803017946,4,3,6696.810798157646,4,3.12147940058926,6124.603190200268
7424.189355530414,3,5,7297.2492349816275,3,5.164563789762874,9842.074118436805
771.4068876003638,3,2,720.4933014713233,0,0.8540237316884941,573.0596090239802
4463.96665945857,4,4,5259.514553893278,2,0.2901474337583595,6524.0973470769
3392.8809470556344,3,4,3304.4401607876575,2,1.1829469265822259,3302.4591925773716
14763.451404941636,4,2,16556.062173099417,4,0.9970748007274811,16900.893782095667
2734.469354756763,4,3,3191.4899304631663,3,0.3865282528894417,1866.878203328953
4664.801320212423,4,2,5372.551798777455,3,0.004650736822973716,6630.857621452601
1510.824836508474,3,5,1531.1090656912024,3,5.336828389555483,1414.4996554670215
7413.325822032784,4,2,8579.884985879533,4,0.6267894622382831,8514.422618344839
2551.0850241727503,3,5,2541.1044955271973,1,3.2697448571232024,3296.8988500321207
6340.445403251961,4,2,7119.980178041121,4,0.8330203612499596,6732.294686124461
3301.1646737170718,3,4,3232.1828707386794,1,0.8862779939145525,4507.527627187139
2994.4890687375387,3,3,2836.747204469926,0,0.2754585029047637,2104.9720130725855
2408.846291296522,2,5,1835.126484747427,0,5.600981801481631,2399.715870051979
2196.5543060041173,4,3,2521.327681570302,3,0.851001328427161,1940.1790561257365
2241.1200639556705,3,4,2152.6655429923585,1,1.539881334216155,1731.028633976007
1268.3231599250255,3,5,1286.4458606970584,1,5.959526535530994,1295.6145432369774
2243.242530972564,3,3,2162.1415453570175,1,1.0482463167494138,1972.185778494764
4135.1522611004975,3,4,4107.337120258628,1,1.1460287306663361,5121.705125518116
3365.603016578874,3,4,3350.3962897100137,1,0.45703407329207074,3488.732284904763
7794.17982609387,3,6,8066.87652699198,2,2.8848751231328564,9634.005321858436
6615.283123031209,4,2,7466.0275925203205,4,0.9026905726749539,6629.444459711487
10281.112432642552,3,5,10204.229892362724,2,1.758812886479416,14898.37704055318
3399.052189581621,3,5,3425.262427279818,2,0.4427456924091153,3728.639891468196
3588.755023820138,4,3,4171.855955853232,3,1.4051360593878781,4241.018452785029
1791.4634363096845,3,4,1758.5550967033103,0,3.6683490968996266,1660.059991582322
1982.9940319100408,4,3,2361.622648438839,3,1.7156513717949908,1979.9297001339205
5880.931210836244,4,3,6911.3462148178505,3,0.9698568131647823,5696.109694630859
2641.8780474550445,4,4,3196.9887955445975,2,1.1239556383596048,2156.6133699019924
3785.924038975169,3,4,3742.8550915019387,2,0.6247473059492785,4343.9384986681125
6455.763101948805,4,4,7706.0880117328925,3,0.5219673457934705,8238.341956339158
5587.942711073959,4,3,6435.18619376624,3,0.37231054676044995,6215.949015177884
7129.195942460546,4,2,8178.251148509516,4,2.039209230074158,9061.71106908038
7141.433171670582,2,6,5659.373904775732,0,7.172038282162844,9717.255583935625
2930.7201465879834,2,8,2429.378277670996,2,8.903889706346316,3558.0724179625595
1330.9944118227484,3,2,1257.3647056392397,0,0.5173334203563438,1074.5708669055205
9769.761881539058,3,5,9864.079593142465,3,1.6218053973535798,9113.581976233829
1991.47465854948,3,3,1866.217885369341,0,0.6954407410300562,1525.0158702076583
3812.339662551397,4,3,4364.808595580076,4,3.97490739062682,4178.905640004407
5185.327363241121,3,3,4960.52552277642,0,1.3080580445457086,5706.856180648472
3142.633046637881,4,2,3653.0913068610257,4,3.099248653197018,2595.887057997047
12050.22441233844,4,2,13968.60120303716,4,0.087091410964507,13366.041841171997
1887.3936855348054,3,4,1874.6834866520994,0,4.212836091930963,1655.0832877898977
6527.00746351828,4,4,7841.668068529624,2,1.2204734668265278,6964.267750309865
5407.3644927427995,4,4,6390.409889679967,3,1.6157667008643535,5958.879014835726
5248.581724248198,4,2,5961.34905913874,4,0.17917879451487342,3017.960727664733
843.667782593442,3,4,812.589412465974,2,2.982479848852655,569.3279922436137
3755.135428523753,3,4,3715.415633054149,3,2.1268102597142766,3355.591832639315
4287.539367905571,3,4,4137.151858127171,0,3.6061843456599894,5687.211365215808
6697.018232230058,2,8,5534.16454818013,2,9.008324996534123,5625.944409132212
9800.64303488905,3,5,9761.334083871627,3,2.235940255078155,13231.208418131147
3087.6747026767694,3,4,2982.249385160473,1,0.32660544626533755,2472.4387277505434
2144.695780544207,3,5,2171.4054807271373,2,1.8760838459904294,1761.7766743567724
1877.1667857477078,3,4,1869.7031561931162,1,1.2847900932251097,2073.160873264002
3835.6643111504372,3,4,3806.037358593208,3,3.2426071452914513,3138.850554225036
1699.2504230210234,3,3,1597.245016802538,0,0.5913759199222111,1203.829796882104
11389.741257742244,4,2,12776.501851276122,4,0.09756610606448134,12133.730915841832
1709.951510569465,3,4,1645.2873207547707,1,0.5357521559961352,1591.5097650864755
5215.481175541617,3,5,5153.370412095486,2,0.11647422144242928,5731.043116928191
5271.075805553586,3,7,5518.563555287962,3,9.206432716723691,5060.13037855543
1363.3313468464687,2,6,1063.4831098478078,0,7.069038116052654,1092.0336643082017
4427.105845770565,2,8,3695.649003396983,2,9.152491235598553,5434.054578188192
3099.7997022734626,3,4,2980.9619736953086,1,0.36737825000426255,4212.273219395779
2230.781519704402,3,5,2262.678476886129,2,3.752741623919064,2162.1546885074185
4758.560408466599,4,2,5363.938327445813,4,1.9646112705649408,3618.9897778224154
3941.4224927853757,4,4,4642.2539979174435,2,1.111477945356067,3541.0958895763283
1428.7382114965428,3,3,1345.3427023070583,0,0.529495491105123,1165.7587041306901
5263.900806940752,4,2,5970.042207984185,4,0.5522591574999587,3814.1115737333507
3784.8145983266063,3,3,3580.56142892082,0,1.0638266644930288,4156.308437049324
3258.9504779811878,4,2,3662.8024472800307,4,0.8067066600962864,2809.52060953166
1733.9311915782012,3,3,1634.4206490277447,1,0.9203377529449583,2277.458612508786
3255.0910411945765,3,4,3169.272302342292,2,0.8640752129872509,2390.205118284569
2141.9602405715386,4,4,2538.45591226028,2,1.0478892460814502,1808.8093025540402
1622.917627988456,3,4,1565.0938312220046,0,3.2288279455937103,1166.2018080501286
4644.879454960377,4,2,5317.676150159976,4,1.0427639020920563,4050.0477839295545
4278.211088055069,3,4,4224.55394503387,0,3.4892793185360405,5719.498087307713
1626.400824030995,3,4,1583.741584108993,0,2.7828329006319428,1228.3220612265025
3487.7533741078432,4,3,4071.9178767509084,3,1.173898996187743,3655.186635600878
2507.15716425135,3,4,2482.2808835176975,0,2.1076975806806266,2754.338026383886
3277.5913971764003,3,4,3235.4179793098215,2,0.6777132460285294,3932.241804775002
8094.450497981332,3,4,7855.779752786403,4,4.009318318410483,10785.576044750644
3594.5583032422373,3,5,3605.45937240789,3,1.907364704867504,3769.0922723692624
1750.3903339901806,1,8,1036.4066765033692,0,13.21238989991153,2229.6955419535534
6328.604996262021,3,4,6293.37212844094,1,0.10502813458040017,8197.574274858494
1387.4892242337305,3,3,1314.7420446793385,0,0.4191351939076066,1541.6107102632452
3630.3934002221554,3,4,3556.953783939149,1,1.2494264786410274,4377.049997884715
1851.2512105200271,3,3,1743.7816950160338,0,0.885712320588302,1613.7498976472514
10272.677163115657,3,4,10010.196767955655,4,3.3067706245569903,12923.800130549585
1254.3152774560551,3,3,1188.496624604694,0,0.3117198613913135,1042.157221332942
2501.4777178082372,4,3,2887.329931017642,3,0.39156180336034596,2950.997493173145
1282.09909283904,2,7,1033.981346664665,1,10.702454809570677,945.4205673262404
3434.9962375401337,2,7,2784.142856659418,2,7.356772755875992,3096.1473857062088
4640.750691353789,3,5,4566.5146868286765,1,4.696416793243143,6434.154034634906
5546.202917043426,4,3,6389.612575213958,3,0.22238393584150656,5442.988430555053
5990.7657585871575,3,4,5850.503553269811,1,1.3243522659375644,7633.454176874154
5251.962970676916,4,2,5983.4160871724625,4,0.6371914859063508,3760.938302903372
2071.2653289473037,3,5,2094.50581512797,2,3.450891592268087,1531.1231470386656
1036.8353468620583,4,3,1194.5570637223866,2,0.1262706520756691,764.0185174538492
3994.454371193544,3,4,3891.500238668497,1,1.0279101261416583,5076.143541930839
2241.550637689657,3,4,2232.427468162758,1,0.029830109400952397,1955.4449565006514
7380.649132995363,3,5,7419.702883273687,2,1.3143980777561932,9537.048260716454
2389.674389747712,4,3,2834.028526791463,3,1.4829060315698055,2063.06998915798
5843.421950861028,3,4,5751.867442282778,3,1.0335707261305183,4571.103123727069
2062.78955820485,3,4,2025.4354490616506,1,1.2459298603659983,2400.57822311956
3752.77936044712,3,5,3722.344835746962,2,2.506003653246363,2963.2346665811806
4325.007059330058,3,4,4238.471328935519,1,0.3156074488741843,5820.83642555357
1942.822431261214,3,3,1854.0552227887397,0,0.3313785122504578,2022.87546287298
5991.98931454444,4,3,7038.8435596433665,2,0.1377221734674943,8635.491720386008
3720.6855598445486,3,4,3618.359286141421,1,0.4495805591975697,4370.196144393878
3290.2110301509992,4,3,3867.1537598928576,2,0.2648088037880652,3217.020465202811
3169.064441091804,4,3,3640.338890986118,3,1.3600656877795911,3732.1960602646245
4482.978284882895,3,6,4609.877301502175,3,5.203350147293287,4355.319004567329
3900.5636368257087,3,6,3971.5071366519865,2,3.5251881433461643,2798.1936616831636
1234.4712449984725,3,5,1231.8866550682353,4,10.683814588392337,1334.5146744186154
2742.1135182880926,4,3,3193.692211640895,3,2.206987594904131,2001.8787574066687
2203.422736435838,3,5,2208.6762531741947,2,5.227114384750374,2930.4366038374524
5615.791910429894,4,2,6354.062213707229,4,0.41287124825810356,7276.474316316021
2596.5465390394324,3,3,2489.650808148381,0,1.3503772994459309,3701.6632941688404
1112.193999693989,3,5,1120.0544492540278,2,3.0698840128739935,755.2035976733432
3930.7043646365423,3,4,3824.7002894629236,2,1.082815727800541,4964.658182670156
2741.1395907690844,3,4,2729.6392359773336,0,2.0277412531325623,2077.056553702654
7010.113563570616,3,5,7113.710234317197,3,5.1760888394086155,9500.882718183562
4597.999526402413,4,2,5230.505659518774,4,1.7017077665355433,5870.692901675429
4031.430291320851,4,2,4590.699123237409,4,0.8021650936114512,4778.389304748787
4934.390745252041,3,5,4915.911334371404,1,2.945487576521589,4192.360523837381
7400.216383257851,4,4,8669.466822310156,2,0.11981843108143282,9562.748104768058
6651.27750018317,3,5,6611.101890278219,1,2.579268094732014,9564.087463666596
7948.390485885162,3,4,7771.354909831634,4,5.033058241413651,6974.842437936227
4698.782270688639,3,3,4558.985641912375,0,1.1211511529113416,5673.180959542396
6076.263039777682,4,2,6931.861740333626,4,1.068991057594229,6257.804095196058
5448.518207447003,3,4,5403.46285471354,0,0.8376034591600792,7191.469692295967
1229.5792207353527,4,3,1416.754460334303,3,3.5739870163359826,935.9463405250852
5570.49979298906,4,2,6362.481596218897,4,0.21678437272250792,4353.886403568824
3940.8301413018116,3,4,3862.3502550648136,4,5.46521384209598,5543.904284140374
4436.546490207414,4,3,5256.690762410398,3,0.31901909423246233,5106.889456156067
1155.3530270524616,3,3,1092.6610570226162,1,1.390537373948989,845.5240374729095
1895.9032300727104,2,4,1427.1442880653885,0,2.749048711832064,2382.951693677418
2987.699502867362,4,2,3391.9540620128196,4,2.372918910688875,2578.186528930581
2182.0594094473067,2,5,1665.2009916452787,0,3.862112618554908,2605.4221864392457
6183.913554077663,3,4,6001.285818024657,1,0.025415797084784746,6059.138653496922
4705.964015617203,3,4,4621.822674212354,1,1.2471151845311095,5138.320104241314
1172.2972633595266,3,3,1122.9154395376029,0,0.45458522759156006,824.2676554214307
3935.760388500507,3,3,3738.666599221324,0,0.5882573538682401,4247.12027319297
4698.7805723457,4,2,5425.097336697488,4,0.3471063701000675,3321.0443444751054
2959.8609769067866,3,4,2840.251019089725,0,1.2954956247542917,4206.491179610412
2659.020142407532,3,4,2617.1152816280533,2,0.48744399403963534,3256.555464158845
2315.823303808637,3,3,2218.6577123750944,0,0.030623109015064334,2255.4086703005896
2319.371731258928,3,3,2226.9099160300625,0,0.30511219260708844,2176.1087354569113
6749.058693890437,4,3,7964.9364124334925,4,2.138397266736495,5728.549043557107
4046.1910343673344,3,4,3989.542237239408,1,1.6373854229927283,4603.0356956009055
5019.193440440512,4,3,5931.864757934165,3,0.6622276250443729,3643.7886001566853
4865.019716762796,3,5,4910.385834995885,1,2.006587071600971,7017.421158726915
5661.015914118199,3,4,5527.986408939311,2,0.7135875045331245,4668.222854925145
2685.0119765847803,3,4,2612.3290743938805,1,2.2203278965232376,2511.830899123663
5242.209174655856,4,2,6098.132123797357,4,1.1222664071980162,4427.532542091804
3607.2751082229233,2,5,2761.3068022940306,0,4.182447772448113,2988.2307005309585
2495.091835801421,4,3,2878.6218738942316,3,0.2714781410666288,1823.9782463290694
7031.064515958439,4,2,7959.540190935846,4,0.9151817550661566,7984.662374217603
1463.4501547038583,3,5,1487.8040632418868,2,4.578439260557159,1895.5677210506035
3832.1806389146413,3,6,3842.871332920299,3,7.461301119253912,4678.564347907395
3314.822135978284,4,4,4018.7064329139457,2,0.7818659222390396,3109.4124310517614
4906.514376604643,2,6,3850.3216879670777,1,4.614066770346682,4011.581891203087
3041.0097799071173,3,5,3078.250561980236,2,1.9717216123083503,2601.0934250380583
1330.9481754463409,3,3,1278.9489728547474,0,2.1001305451267926,1053.1397760540845
3981.619406629821,3,5,3982.7433973943434,2,0.29448268543835754,4365.918909514881
3925.3054383652275,3,4,3874.4353736638864,3,2.3735148646823347,3134.043541291095
12964.434946638898,3,5,12757.820265605182,3,2.7431007030569607,17908.691634815477
5090.3415258589675,3,5,5127.289728873071,2,2.4577058462257257,6974.714846814678
2041.8045005995866,4,2,2377.7103577238363,4,0.39417023015987895,1861.4289766553052
5542.550219663253,4,4,6572.289051628151,3,0.6491383000940362,7316.136042848942
5217.362705197881,3,5,5118.045323784133,1,3.3372182776671004,5466.806431325652
4183.906765244045,4,3,4949.64047956883,1,0.13539504805293778,4506.663681670217
749.1962806165342,3,3,723.573076120422,1,0.668390499964705,584.0995277657371
8937.298965723958,4,4,10794.265869218629,3,2.468532449196483,11618.582281889323
3025.5420788846573,3,3,2924.0054592396023,4,4.229882304297626,2722.0472105487675
4137.16250278449,3,5,4122.318961174962,3,3.8653124205175486,5829.16891134172
5870.91342877004,4,2,6797.609595229028,4,1.6875838410941608,6899.142104094545
5581.8501960543135,4,4,6636.454535064563,2,1.1770487984442417,7675.700476805344
2903.513829087627,3,4,2883.4908303861794,0,2.2120906049733935,3417.3835681130968
4035.11977214404,3,6,4039.188010931106,2,4.4620894372107385,4972.003053619461
2230.6575806061737,3,4,2181.433914940296,1,2.186555334220419,2535.0607236711967
10131.706893754501,4,3,11668.427099795945,4,1.057881266338933,10828.675702446557
6679.497965936706,4,4,8007.202277500294,2,1.227497212813783,8732.362707185957
3296.1579592208036,3,4,3171.8541520781264,1,0.7218654804493897,2623.3460356893656
7303.717231232635,4,2,8343.686135420896,4,0.7442110293963864,7393.084614950738
5038.75572096421,3,4,4858.7567404368965,1,1.8646957336169705,4105.070668338878
1850.8099390262462,4,1,2093.9651487928368,4,2.181798950890912,1652.5489378245857
3112.5387995966657,3,4,3047.1765830354734,0,0.7787287939048532,3567.490219061889
2962.5367544230835,3,5,2938.1604533722143,2,2.8076355920861995,2921.439893136031
2289.2910090962355,3,4,2218.9537830434383,0,2.0695247602197915,1999.1951602079437
8067.459792399752,4,2,9283.54323817281,4,0.6769555787239483,6408.807939429533
3033.951297877017,3,4,2965.892505768843,1,1.1122118703166226,3152.8097918291546
3139.7107947346117,3,5,3181.235804671731,2,0.7619325488740752,2585.57103688824
2323.837901478358,4,2,2621.7145126982227,4,0.5999273276753898,2063.317216630588
2135.5301168872434,2,5,1634.785707958405,0,3.346698160759518,1721.646076524369
2795.6782363892794,3,4,2720.261590267126,0,2.6551267328104267,2558.367238561166
3983.7243648073586,2,8,3329.6959233209836,2,9.065290654992083,5450.126153331355
1719.2830611617098,3,3,1637.440955404143,0,1.8849224927381059,1792.5945394706391
1533.0019625422638,3,3,1449.1659481806198,0,0.6811766476335187,1175.3412801615364
3575.097899931627,4,2,4043.776505774372,4,0.12053863694324525,2436.8063412616543
4452.241234184137,4,3,5273.240305230095,3,0.4281902633198173,3331.09454076782
3781.604071059921,3,5,3780.642497670349,2,2.1855388304094245,4800.472246282787
1737.9875683618661,3,4,1670.3115799945415,2,0.9121035878654942,1285.0337210209627
3177.5256561416904,3,3,2981.5839237125783,1,0.5481786083321253,4091.720720976392
6212.635647938491,3,6,6448.737847032213,2,3.97171270788529,8469.489865443165
2859.140958811243,4,2,3255.0993542795363,4,1.9270294988849797,2305.703681671624
8392.494166318984,4,3,9676.24402769537,4,3.1574481272927137,11943.693227663713
2549.4325557435186,4,3,2924.9084821288698,3,0.3652121040590002,2734.0721011180176
7908.200335280315,3,4,7604.730105833989,4,3.5185710470448894,7905.89908199636
4090.4645743717374,3,4,4027.743055352574,1,0.9842208426087452,5651.204663598785
5912.919787644384,4,4,7081.341312180554,2,0.153214110303197,4502.219128723419
2175.5875716129194,3,3,2044.2721706077402,0,1.268540907899745,2029.7596272709052
2721.367039964746,4,1,3082.700787716654,4,0.2158912896827314,3040.9167079691297
3650.5718868599292,4,3,4335.958563300455,3,0.3969857281871457,4857.66287903973
3026.3074295245815,2,6,2429.9932359118466,0,8.4967833310694,4009.2354812433155
2793.5916957117106,3,3,2623.0226138917697,1,0.29648167889388694,3816.8869345153553
7762.051749080926,4,2,8872.952847097245,4,1.1965756143483244,10001.68386140344
5673.330649473029,4,2,6403.343639512599,4,0.052927912670208924,6781.924240369306
1636.4320934376265,3,3,1548.1799729854733,1,0.018823543387812103,1716.5451648000662
3159.192851677965,4,3,3635.6719651357307,4,3.0476107635054244,2789.366419353059
2101.9404263087667,3,3,2007.4925826038818,0,2.151655720126282,2411.5533316060664
1136.501029485366,4,3,1348.1492844669865,2,1.4011478323113653,873.9427669269716
2191.7353182428724,2,6,1701.7581074461862,0,9.472308973647358,2871.6007938240964
5241.228537448574,4,3,6075.987416840163,3,0.07064899477802405,5649.725984384038
9370.808089774995,4,3,11125.62447686344,3,1.0263987324031019,12048.399140519085
5368.562767547388,3,4,5292.05437208046,0,0.12315596450287997,7440.4011027954675
6527.111173786119,3,5,6571.698141835057,1,3.3508076642789875,6525.1301883291235
4393.935062652373,3,5,4453.597345460695,2,0.7695558638260614,3653.647278849249
4257.090801121867,4,3,5021.551969365475,3,1.2400010577050404,4765.4826215841595
6590.833411737455,4,3,7660.297040520962,3,0.8082874215456765,7825.74764681932
2949.5462727804497,2,7,2394.4060079652045,2,6.1052319496837555,2579.2736588290354
5131.63043249577,4,4,6153.41670945811,2,0.018642379888568962,5880.959337686629
6536.244708531788,4,3,7757.975966871769,3,1.2980533110669392,8897.952111989194
3788.5811757642373,4,2,4352.70454929878,4,0.03100828406413222,4374.3196804509835
857.0321914924809,3,4,833.6103432062603,0,2.871356578447345,726.3590818530604
3514.9571498042997,4,3,4180.963334203133,3,0.1436592717280686,2849.363293532939
2830.7737755880917,4,3,3248.0314153245804,3,0.9874830996868372,2558.821355427272
1613.638394648257,4,2,1871.5209894500395,3,0.03849968950398357,1222.5958288618872
12959.007828510981,3,5,13040.050833841628,3,3.610180963488516,17281.344315064576
6342.442703549257,4,3,7344.390290005287,3,0.2920371499871084,7710.334228146535
3395.3788361709994,4,1,3847.0911723917434,4,0.23297081779550352,4560.209327320871
2026.7056707605097,3,3,1959.185058698193,4,4.255515833183457,1685.7192686490898
18489.317845189875,4,4,21860.590372677663,3,0.15070001053832785,20273.75253049535
2546.506244224015,3,5,2534.01460219791,3,5.399251305985214,2335.9392244504234
2865.6458442457197,3,4,2772.92336999025,1,2.7015979315657757,4097.982997060284
7362.140623751527,1,9,4501.212026835615,4,16.977403424048568,8324.004222360209
693.8577134369853,3,4,675.2746337777967,2,1.8987786753703773,474.0641456613786
2889.2361161944095,3,3,2712.565943976903,0,2.543115819310458,3676.422016509681
4519.518796580788,4,4,5455.638886990291,3,0.7990764234550081,6034.635225829318
6735.511555871925,4,3,7818.7930362785955,3,1.2695326188453107,8565.086524418997
2021.6776148659103,3,4,1968.8574847039713,0,2.2734303843113906,1693.4779119689017
2774.073084207889,4,2,3114.0936812015048,4,3.185584871898355,2778.714717916811
1105.479652537817,3,4,1062.3370259351984,2,3.343492176596753,844.1741277557229
3350.6195585626206,3,6,3465.738225322448,2,3.43765248969847,3085.5271640205515
7254.392643794661,3,6,7458.377285842282,3,7.1084603876287105,6994.308008177208
4731.0795120873445,4,4,5753.816304516963,3,1.6691755468907097,5300.76469636299
2083.7845818028118,3,3,1983.324288613995,0,0.68082634081956,2597.0411256098596
3411.0450992716624,3,4,3371.8660857974473,1,0.8246326879350508,4063.234443182838
4591.968649111821,2,9,3911.836617793971,3,12.95730560843983,4952.98554868155
2748.403819053168,3,4,2654.571164438509,1,0.7247722723114539,3569.9339664433155
2906.1159611411595,3,4,2827.6458826911608,1,1.010501364092733,2849.2660099322657
2779.7690353633466,3,4,2738.8997131529272,1,0.1313959027040368,2964.792034571916
8994.872172314146,4,4,10555.045529750845,2,0.6143402853310576,12859.760348162421
4209.59251476058,3,5,4244.760327859256,2,0.3686060171041093,4692.164155496643
5024.997617318231,4,4,6019.162848936525,2,0.7794466605631415,6483.7242790763885
2843.150232013936,3,4,2793.102665618899,1,0.7437163917348681,3871.955657486821
7350.256578145108,3,5,7332.763359094458,1,1.0395675635593316,10452.985383856272
5242.0644105961865,3,5,5317.061915331429,2,1.5709469005008152,6032.743276254663
4698.6254816722985,4,2,5309.558221113931,4,0.8468744804414663,6372.547723886539
3344.3681273664783,4,2,3805.7384710258475,4,0.3071582353369049,3329.7416017234555
1834.2633195955593,3,4,1762.249752660344,1,0.4049816301499643,1399.247448440793
1331.5509754083791,3,4,1275.2099567911698,0,3.7386821988682977,1492.272802367865
3624.164651954983,4,4,4307.222965865908,3,3.109616822082112,3217.5335490002444
2466.959132690215,3,5,2485.8150082729635,2,0.39254242440004433,2001.3626061607079
3415.3905441996912,3,4,3338.0187883827125,1,0.3710855199919892,3508.539248955954
4180.831354292472,3,5,4133.54659557195,2,1.281758544277527,3884.9750641216256
1776.3931767446593,3,4,1754.1549284593802,0,2.050856365663019,1364.4254306253938
7563.604454653136,4,4,9174.493179241363,2,0.3930466856376363,7289.521206087106
4686.176342766961,4,2,5262.437827353964,4,0.020269710215837882,4132.94923739242
2065.335941232769,4,2,2379.691233435291,1,0.25656842746344355,2518.1503007816473
2622.9620512389542,3,4,2591.4091266063006,0,3.0594092296919775,3250.9776991362655
3878.5663952353966,4,3,4457.271993853319,4,3.8310165531370433,5188.011369323385
1374.737837393119,4,3,1603.6807565373385,3,0.5875420814284874,1550.9890280653983
3257.235001209364,3,4,3241.1891789066945,1,2.41598107971252,4410.358688714391
2584.3434463672756,3,4,2553.6254638470396,2,1.5785825639747815,3139.2337459295804
5139.00003163548,4,2,5909.264204245487,4,0.4987422360107005,4234.398608783046
4891.739090828057,2,7,3905.0322610946146,4,10.921485953594722,4020.9374606518027
4590.465372515074,3,5,4603.775812123609,2,1.8822213109937707,5472.448619214138
2978.7438124584232,4,3,3440.978176501536,2,0.06636643966752784,3113.4172127081247
6452.396812529053,4,3,7664.448848736662,4,2.7931828394221134,7482.774287458966
5237.599192988744,2,7,4296.9050016507745,2,6.769064756592749,5776.777157778391
2897.3831611946375,4,3,3421.1962856990103,3,1.0364138621523054,4089.6823683092684
3082.8021001281336,4,3,3580.0071615671973,3,0.7711742021050614,2200.667679244543
7894.330992888565,4,3,9106.833348141536,4,2.5801525946275534,6045.607419547805
7886.497944447019,4,3,9379.632362249704,3,0.38677328395245636,7165.48093034332
2363.9662492117,3,4,2319.4580007559885,1,0.7758195734669997,2116.659920828473
2953.240233460349,4,4,3505.440008343791,2,0.8168009638531883,3858.3657485340123
3302.649537159297,4,2,3784.184786027363,4,2.4113754541012713,3948.1485591846313
12925.620949584096,4,2,14852.866711275523,4,1.8691145246613827,16345.806580361306
7332.469119124224,3,5,7349.140326068507,2,0.78508934750634,9011.836620939532
2486.701694098046,3,4,2417.0659123055793,2,0.7842005420713307,2043.6213447363114
3652.2983631396705,3,5,3681.9665267617247,3,3.5101550252937734,4524.159952532356
10204.428474270506,3,6,10579.502689437828,2,5.459449877063373,8279.153123717968
3045.125314193796,4,4,3573.9684770417884,2,0.22925235493191967,2351.6289735801415
3046.5157825289552,2,6,2438.904426177672,1,4.44364480638922,3592.2035950255686
2186.034609767095,3,3,2062.1803727490274,1,0.08811592395006061,1786.0133809014656
762.5880062828082,4,2,873.7682372297822,3,1.1965133217706976,662.2895008143576
10599.134568504871,3,6,10775.568265300992,3,6.260134708311649,13499.628895643635
5916.117816151212,4,4,7083.24382602246,3,0.313262634678844,7880.928842127754
2483.8173372872666,3,3,2366.4015951924393,0,0.9200098059798247,3427.83926692937
2787.2061308312373,3,3,2639.656434775566,0,1.3492699949689533,3559.5421792750694
1966.5104515829166,4,3,2288.4244479801278,1,0.1760854594758182,2500.464991980246
5337.365093906718,3,5,5250.315690170196,2,1.6350222306502746,6073.402778244243
5985.042598646887,4,4,7237.167812552877,2,0.1952978362042313,5932.331117968029
3086.4342982358507,3,6,3106.005595620025,3,7.6822267495727115,3352.364088439037
3474.9298816686755,4,3,4023.8791183444528,3,0.7526176995212073,3753.672982212698
7699.45251574612,4,3,8967.278678592338,3,0.7245290114294133,8767.623189628808
1250.4603287458892,3,2,1152.1212340742954,0,0.1605924715569797,1032.7330868930526
9918.840429991464,4,3,11550.659416156124,4,1.1762430246855606,13519.919316471343
3491.4240076710876,4,2,3910.825853310584,4,1.318467503350639,2987.1745095773103
3992.6802663749613,3,4,3957.368186657423,1,0.9842362206979989,3226.24186435103
3454.656441219714,4,2,3871.0685629498967,4,1.9696607366451566,2209.9450341960633
3408.6094530587857,3,4,3322.4914522868226,2,0.1713956502332182,2392.030822057337
5218.97420413185,3,4,5177.028997026773,1,2.232823828583936,6840.02983918975
2597.8249089972724,3,4,2541.1232877685125,2,1.040586706819667,2048.6042769692963
1495.7537158233235,3,4,1477.9390037284566,1,1.7057930577200855,1361.4108689658428
1906.1770991240796,3,3,1846.358454374574,0,2.1098997245947606,1564.4806546445775
4362.20298863029,3,5,4360.836970067304,2,1.5859858885210827,5852.653618403849
1546.9297843824938,4,3,1820.5310771209718,1,0.4641984686694388,1413.6766720211922
6739.840375688138,3,5,6850.787155676658,2,0.10536450327781209,8194.339903796596
2836.323881266248,3,5,2868.240207786389,2,2.4362258819032427,2572.311927188515
4364.383154882101,3,4,4201.034359416669,2,1.2738028861729231,5691.991377937388
8629.301698449786,4,2,9811.948440616534,4,0.27682002175501447,12200.883237263
2432.117740259367,3,5,2467.1963512705543,2,2.283333620419245,2306.225519822112
5520.202526451792,3,5,5605.039320775296,3,3.2876394895487855,4686.471642757246
2468.695194571773,4,2,2861.781334984842,4,1.536670768732278,1989.1954534092022
4850.440365521339,3,6,4899.461967295718,3,4.77346317725668,4535.970202837959
4216.661943394068,3,6,4266.81920141444,2,4.731473975009547,5094.62043350943
5122.373869667162,4,3,5986.140665201452,3,0.9467752375302074,5962.6983035612075
5938.530644428502,3,5,6012.563557806804,2,2.173744559140192,7125.3370697073215
2443.39591813655,4,4,2916.101100570886,2,1.0222029480701886,3234.9356678081544
2761.5331928017795,3,4,2684.0818179197463,2,0.4693830317939545,2399.0217288724075
5083.331767201901,4,3,5844.701906110711,3,0.5607342278117663,4134.255073905275
6122.85769515089,3,4,5916.798850527243,0,1.5176209937404348,6757.085853939234
2558.482910779824,3,3,2401.005389454537,0,0.9921133167497227,2213.916952375345
3391.9864227556563,3,6,3522.3073278026973,2,4.673278199582027,4862.895350428024
1848.7890047459568,3,4,1801.3369840398343,0,3.497845923076239,1599.523960699477
3115.2539295437255,4,4,3644.478433339594,3,1.543190565509423,2897.7514071856667
4727.107104075218,4,3,5534.522761422852,3,0.23702970040645102,5205.710564970854
8326.843628327328,4,3,9880.90878462763,4,0.7636063329325457,10565.954495644462
4996.856889693364,3,5,5012.0695371117545,1,1.3317018505421374,6432.469315395759
8133.253754743124,4,2,9448.299423315133,4,0.8223541146828399,9040.247633214625
3524.9582838460165,3,5,3491.2743906724795,2,2.489353139029567,3071.2086187966106
9635.078121794406,4,3,11366.662539613588,3,0.3136318890452506,9297.42909041345
3157.825117095144,2,5,2462.6533597242433,0,5.428741476568774,4101.3404224661
4122.004488203532,4,4,4993.122637920107,2,0.7214107518668139,2865.6790991398993
2261.4894203076146,3,4,2172.680128209352,0,1.1959394847376268,2426.4163976903055
6935.328130669142,4,2,7773.671190580652,4,1.7525796695397249,8888.373202649109
3165.179267502544,4,2,3573.697312090586,4,0.17062142878854092,3327.557028967484
1129.8370704093281,4,3,1324.4065770943523,2,0.8752304911690961,1434.3673662038764
1498.2955143976067,3,3,1407.5338323087947,0,0.24173137840671907,2003.706964998334
2351.5404420014706,4,2,2721.0026891115654,4,0.8547718441280054,1674.5034771845083
7094.555956771344,3,3,6791.043919731979,0,0.9915085469534735,8059.1488451957675
3491.5848907028108,4,1,3899.1159044087703,4,0.3474315131485162,3283.6954073446427
4752.656651988965,4,4,5640.748013839591,2,0.1686617027178936,5223.515512252312
5149.253469797319,3,4,4993.26813727893,1,1.2551091111244645,6756.464979342068
2822.980209740627,4,3,3243.007085335529,2,0.05258147066172685,2817.772783857843
5774.739825803466,4,4,6780.066612574815,3,1.0773484242209224,5761.232186093291
6570.859017186637,3,5,6537.240295340657,3,3.033153253374899,7954.381410157364
5440.751801704627,3,5,5351.762662129884,1,3.513981522638143,7126.8867013515755
7312.8927695997745,4,2,8290.498940445868,4,0.9903052838235994,9939.484213356518
1956.4315433174336,2,6,1520.2558274313085,0,6.167329157772103,1349.222127009992
5825.374971737899,4,2,6650.751219816168,4,1.1262282639173362,5268.547381439416
3740.529620048387,4,4,4483.067167489444,3,1.0598128762378645,3187.3882788687765
2516.115996580058,3,3,2440.198696514198,0,0.9903818867565211,3298.477723636871
1282.038428377568,3,3,1230.0880536684626,0,1.7696641557099204,1145.8514550077225
2150.018672909741,3,4,2092.9468108211922,2,0.8471242335721556,2299.3546863348565
4336.933337991127,3,4,4157.914975611939,1,0.8837021364853216,5269.080776381572
3284.803272799041,2,9,2709.210087753759,3,12.725003717124022,3537.0234529530026
1508.1401901191302,4,3,1756.1169214001138,2,0.17471539783812087,1032.6684476748014
3864.6314111618176,4,1,4360.054927204424,4,0.5584963838401554,3273.1168632281533
1998.407991410019,4,1,2213.486107666639,4,0.44826360631741113,2081.857686873689
3601.0383867974447,4,4,4344.3468535582515,2,1.1747262417366782,3525.0151030069856
3477.9653676958956,3,5,3512.7263895036813,3,5.836312849574436,4894.0323980764315
1857.3228238481943,3,3,1773.955852221097,0,0.0061782029622359565,1527.884903018121
3327.6445082883974,3,4,3268.984322540961,2,1.3044416777448236,2656.8595948266607
1864.9357345218464,4,3,2220.6892028249704,3,1.326182001528847,1536.8392271941968
3756.285211532634,3,6,3897.9909690981817,3,6.480022343387882,4180.634459004838
2177.587116740198,4,3,2519.780159292774,3,0.01251289005432791,1731.25464669911
4959.304536960413,4,2,5699.90785955966,4,1.9756877030939897,6213.53920010233
1225.8983770996253,2,7,992.0167426862265,1,8.736602443718004,1288.7553244970734
1460.5314489316695,4,4,1724.996152718232,2,0.71589754450373,1266.0050537115153
2780.9493645017,3,4,2670.76935060244,1,1.92348094129317,3590.4381088747855
3273.9415795323075,4,2,3802.1115225596245,4,1.2281960596868293,2900.670683576329
4110.146305416723,4,2,4665.784386322038,4,1.100591829418747,3131.868643986596
3230.861339805778,3,3,3081.854427871167,4,5.274576777619217,3749.2554476383725
5790.314769754823,3,5,5881.351833304531,1,1.5295736678499512,4925.7332337600365
7232.586236606133,3,4,7058.652854626292,3,1.262494164678662,8991.70354704344
1370.0369147304575,3,4,1311.1858771871734,2,1.2848015010785359,1045.7693943449779
3221.823322039507,3,3,3039.196248899662,1,1.0359081808183173,2886.771447580164
2624.726849048511,4,2,2947.2666292193176,4,1.9203180797037505,2104.3374503957575
2707.497183346127,3,5,2734.67904004107,2,2.744910971484968,3137.8520416775364
6121.453624278816,4,3,7021.663629571732,3,0.23784392826568257,6393.054088211421
6916.384260304189,3,4,6771.436095719231,1,0.8535319405877647,7806.473967003878
1859.88111594085,4,4,2178.9426104126014,2,1.947170870370491,2316.2346611270077
5172.05667444657,3,5,5236.990808228084,2,1.3294608990982206,4451.490696229266
6313.766295351852,4,2,7167.001473836154,4,1.2814964743482693,7350.240991993727
3584.9218225376,4,3,4212.88081745734,4,3.3894673778940985,2441.9478340722285
8332.181945107905,4,4,10112.625313803022,2,0.10939630957910619,11544.008437825933
2448.751056292896,3,3,2321.251809445436,0,1.0135786359628505,3091.1022782237865
2868.874997219759,3,3,2710.436221819246,0,2.1138910416964656,3363.316959301544
10644.427249443468,4,3,12551.860901155158,4,1.8257918588891895,12619.95664209647
2980.839600967051,2,6,2391.5245257788483,0,6.565920701048193,4278.570122561065
3326.1006800837,4,3,3831.7205393496506,3,0.7349283766848028,2363.13575568301
1721.7157362247265,2,7,1416.0323986943424,0,9.844475400989936,1507.679083248611
4663.1421594984095,3,5,4634.6205440954745,2,0.7531083575653891,3631.427697940299
2813.6276537739177,3,3,2728.8767862109376,0,0.23208955801903575,3871.477159861437
2000.8284898302043,4,3,2333.9059467940033,3,0.9473283667576684,2434.51847481929
4872.130454753778,3,5,4837.9826272870905,2,0.9329022563267824,6477.05315957347
2484.8580425419805,3,5,2453.743661296284,2,1.6611465187393284,3578.0166119540704
2465.2671022361255,4,3,2857.0989779577562,4,3.1871980576428287,1748.1528893190484
2358.184281293346,4,4,2799.999931581137,3,2.2346601760562455,1607.8514624851632
9929.684919787729,3,5,10012.785445890593,3,3.486491809347571,12705.466049194525
5897.068194824073,4,4,7064.893746761147,3,0.795351330456651,4581.481219064122
1776.5951025557702,3,4,1750.173556705986,0,2.572443006635637,2214.562144299292
6696.2656844981075,4,4,8029.952427506658,2,0.23781288437147916,6238.866450384769
2240.294095235207,4,3,2645.332828194654,3,0.09741114152756701,2333.83987969617
3176.692728495511,4,3,3766.9343104013738,3,0.2721607071068962,3226.138270338861
2254.42213626163,4,2,2568.451174661544,4,1.1581107158686947,2410.261145529582
4688.141722333684,3,5,4685.204973432769,2,0.9920598582464896,3942.9362475706066
2444.605506598686,3,4,2412.7530619767062,1,0.8180561895309384,3158.370846687419
2953.5902685764613,4,4,3576.643998277022,3,1.9617940285249473,2727.401896690538
1074.0053662219416,3,2,1001.057945161749,0,1.0622846283722331,745.7867402480049
3907.2147864403914,3,4,3881.1892112109435,0,2.598559017677839,3902.1636745801447
2979.2910583783046,3,4,2900.41930954795,1,1.7154499717782083,2515.1999710019295
1142.3949722192551,3,3,1100.3077430872395,0,0.1181274162235681,924.5141595016239
2190.1222507737816,3,3,2122.4176099007545,0,0.68013183622215,2729.3259940000557
2690.512729267963,4,2,3043.7777153985653,4,0.14174028063343713,2535.095352325904
2873.736503501848,2,5,2197.086166332744,0,4.698185176001949,3690.268696445794
1222.3647982410318,4,2,1385.6659017222762,3,0.35527147877066284,1044.799088031248
4922.298912876067,3,4,4805.395880089316,1,0.42071934938691,3736.7044220674634
2366.249007349392,3,5,2379.5527946914854,2,3.2687190809019446,3267.039605125116
1243.473292188031,3,3,1171.2354864035983,0,0.31806533942143017,1339.3010950689072
2086.4486306145086,3,4,2021.845694889546,0,3.5662404131114167,1846.2588914795099
2495.056368689944,3,4,2436.3685964027004,3,3.8795421411117945,2553.9424568702525
1626.5376623290465,3,2,1501.0042903334286,0,0.1376259461862722,1541.0524035736541
2548.2283438786867,4,3,2962.3118827825683,3,0.4793862653895213,2148.767280913271
2655.6429319996355,3,4,2631.5773109149372,1,2.7393677257153657,2183.7156228786716
4311.33220535488,3,5,4234.195897305827,1,4.573753308554459,5702.505504455934
1623.7715458770474,3,5,1588.453892429012,2,2.3121834942940502,1360.928936623983
4822.741523567039,3,4,4673.170211632396,2,1.124231090995494,6818.575039757477
1547.0938184682313,3,3,1489.7943420642957,0,0.13673970532324803,2052.1742026998145
2230.3726140862086,3,5,2205.806924003008,2,2.955244690728738,1806.4568210241066
4389.237891473851,4,4,5139.607333747775,2,0.42194419421433044,5811.062022974852
2558.4980035613985,3,3,2417.4368190696737,1,0.1633943188438352,2958.2333437279603
2346.4417005264377,3,4,2283.5559934418825,0,2.222671122781559,2193.2193657978405
3412.068448147444,4,4,3999.250682408051,3,1.4467507039096001,3025.9283872128535
3657.3297871489713,3,3,3435.0322339279314,1,0.2580730013122678,3804.21379650319
1101.6036230811371,3,4,1068.3591747585215,0,3.5717562121078728,1186.5913899480474
6048.753232565394,3,4,5834.8746658944865,1,0.2440158761581196,6573.287688576375
7342.314888960902,3,4,7205.972162372667,1,1.1656335055507423,9668.807857253454
2651.954244305708,3,3,2506.005167151988,0,1.1433507783181682,3192.840205215734
1845.7389853774034,4,3,2179.9801097381114,3,0.9745285686476782,1278.5253886558794
3234.9238596267387,3,3,3050.1127365863827,0,0.09561961595469952,3540.312527361215
5326.9886697251495,3,5,5318.22835914922,3,3.146012495300958,5557.36912522521
2827.4963099817264,3,3,2688.7492454254775,1,0.5726124340978779,2233.657230829037
4992.928177547102,4,2,5804.561914862803,4,1.3697910317258222,4325.369067489478
2882.692966663461,4,4,3393.206388538439,2,1.4088476345595828,4089.386965447774
1999.869066249009,3,3,1889.1258931923464,0,0.22408007419064332,2026.8551282454002
2517.147377015608,3,4,2454.5291283145098,1,0.4226921903072856,2115.2229604727345
3139.8942293305163,3,4,3026.1684228512977,2,0.24885003981950843,4489.915844096406
3015.3049617631573,3,4,2996.767230530544,1,1.8733063139067618,3576.9753889296417
8543.995036180135,4,2,9837.160476051742,4,2.4064932472581138,10800.047639325316
5387.474474049097,4,4,6542.716366747879,2,0.0024185648486957593,6763.592831176047
5279.660437029348,3,5,5244.236456272408,2,1.0699699521038861,7195.165981609107
4931.23265419396,3,5,4866.556802140515,3,4.130387349677371,5282.012692894562
1363.8824032133189,4,2,1567.5888511967412,1,0.2171886156095189,1443.7971956885938
7192.25019549012,3,4,7076.5540488916395,1,0.602335883966487,9013.406227765707
3358.7032024998916,4,2,3879.271410340168,4,2.793888458202726,2542.5852146026023
5225.960649097703,4,2,6034.843485600538,4,1.797271762986668,5203.572400607612
5811.335269390529,3,4,5691.167853942852,1,0.9746047813512827,6885.440892653058
8203.537716374645,4,4,9817.637998665527,3,0.2962366069450076,8227.040671199271
5542.1781651328465,4,3,6411.843069474623,2,0.4342536634953404,5879.624249755502
5403.550039256632,4,3,6263.427599964413,4,3.3747831458912194,7791.9930251567985
3340.662661945798,3,5,3289.695363020693,1,4.674754051914865,3295.194874257596
3426.9966448988125,4,2,3837.6289733933986,4,1.1658524892727706,4714.415496401729
683.2560027960178,3,3,645.3851304166158,0,0.29713872594049673,525.2544965819698
3028.413959039963,3,4,2912.235269631916,4,5.168042580065592,2189.949465898256
2051.6359854930115,3,5,2021.4298967980012,2,2.734524211010971,2459.100960816699
3229.1499983386498,3,5,3197.1974700206906,2,2.6162111946467106,2685.819322624685
2056.474892030376,3,5,2069.7037729217623,2,4.1632959364581925,1631.7129044670485
4195.6816154939515,3,4,4145.054849661002,2,0.8570108347716539,4917.181979524523
4854.21611467964,3,4,4688.647021836234,3,2.789487289816963,6441.116141454337
7533.160401074586,3,5,7645.3635860837985,3,3.7002013499107504,9997.913806341152
3024.239406868859,3,3,2848.8657521796667,1,0.25671625679748317,2831.210409475884
6095.026333160228,3,6,6173.957841935559,2,4.823662516907542,4947.4686507825845
5676.23546088829,3,5,5660.584165981003,3,4.0130869292776055,5823.162971383295
6559.340996573068,3,6,6767.84180617246,2,2.2733794198753423,7894.310014019782
3587.1739649331234,4,2,4136.019528667982,4,1.2301972683480076,3601.558881731912
752.4938337587421,4,2,854.2470867960662,1,0.3651929004671487,619.6261629785947
3120.416243281368,3,3,3017.074493360421,0,0.2870203689190871,2628.230161247573
10724.895932590149,4,4,12980.58052640115,4,4.020401096987201,15784.658028478678
1320.1172628812003,3,3,1252.3548965887132,0,1.1804758484869922,1075.8622108620857
2942.224474461271,4,3,3417.262881118706,2,0.19175293181769448,2234.4196595605877
5736.35094155603,3,5,5714.165129254077,1,0.44763059975146535,6501.452585838791
1388.280285102232,3,3,1339.676389515841,0,2.894580890609393,1496.2558477655318
3527.9857487034333,3,4,3460.5289712158747,1,1.2823665405556293,2542.7261791386504
3124.8648784020575,2,5,2469.5903231313205,0,3.605209339538739,2926.9892796256136
9880.136658632617,3,6,10026.910093861361,2,1.978934061415197,9571.36028390455
4042.6509861492987,3,6,4138.13955637526,2,3.2155716247187955,3183.1059217856728
7015.428249234698,4,2,7935.505433532357,4,1.175094640133616,8327.423958301011
4604.42291529567,3,5,4639.498290304431,3,4.7464373295765325,3656.1150086517177
2092.8680102926023,4,3,2423.9537444612856,2,0.19940207506440374,2729.3185107924046
2984.4361466598602,4,2,3476.3834332661313,4,3.1191186674689657,2552.8478254950046
2791.330613966726,4,3,3311.2162534282447,3,2.5609368164892286,2530.628922692092
1493.8914051674128,3,3,1436.2153433915364,0,2.642664133224265,1201.657518881845
2942.030049095252,4,2,3301.6668736159168,4,0.027143452418923214,1939.9983986613483
1718.290849667517,3,4,1648.5415861623515,0,2.333352667365987,1302.2181576204794
4329.6324723589705,4,3,5071.15438211194,3,0.12558374983608744,5501.690131961539
6013.943671805697,3,4,5781.72813249852,2,0.023510698517804816,8390.578490622258
6093.737449954141,3,5,6121.923910615236,3,2.9317408611757143,6766.149774463032
2144.2775420350126,4,2,2420.0927236441375,4,1.1341049760866202,1638.0199184675175
2040.539457002553,3,3,1969.7377101561055,0,0.9076325089788931,1760.412742626032
2927.8828383046416,4,2,3313.485197866888,4,0.7350417934270962,3164.970428044487
1659.555440788889,4,1,1873.2984228102653,4,0.9913754128879,1095.5341535185344
7180.766679200054,3,6,7284.71750718733,3,6.813783011312693,9175.099380396825
2590.6416496641864,3,3,2497.1748234853653,0,0.5866126137159178,1938.1847865333025
3532.042039014603,3,6,3544.909138612784,2,4.653285284184178,2782.5042082419814
5877.782368572961,2,7,4716.803654515938,0,9.021462652175837,8042.726584935755
3768.1994344213167,3,6,3903.8841370108876,2,4.681482903114904,3066.768048162727
2317.7333491986583,3,3,2231.193108384559,1,1.1142034947900916,2626.714373643645
1176.4777021157333,3,3,1105.0857589164007,0,0.37478696229733904,1222.8994441735472
4847.92296822963,2,6,3820.0680054554296,0,3.8204002242131785,6100.571567386399
4429.238394383182,4,3,5146.798413066333,4,3.1945283846343746,3940.706539001145
5255.575522224587,3,4,5184.9434077467895,1,1.5782639244370518,6704.113907194792
3945.832005822431,3,4,3838.840450950442,1,0.5636900094856883,5347.415424360713
1391.3387211707288,3,4,1370.4408975579404,2,1.6394847746279688,982.071995983678
6803.578329768274,0,14,2645.2444214320185,2,24.319902869028507,6085.516744587995
6650.385803031912,4,2,7460.290326918625,4,2.0893650572517593,6058.179678657599
10060.739517863301,3,5,9897.21263433886,3,1.6211811855037164,8912.235968622577
3735.576749103236,3,5,3747.514280843022,3,2.26611897667288,2848.7774611789982
3592.3135366918973,3,4,3464.9518283169464,1,0.4879692252841935,4226.508240616716
1723.3671490086074,3,4,1694.5086801397108,1,0.7930497096561917,1286.9144876638572
1779.5088131521281,3,4,1735.9542274082837,3,3.163195353500239,1545.104597742526
7041.667959332511,4,2,7903.926491568545,4,0.026340316744626825,7559.579111668327
3808.1579117955976,3,6,3900.958020011671,2,3.3644698591390174,4092.3202174250855
2744.822290645987,3,3,2614.301393995745,0,0.06319844014903717,3452.685377810576
2461.8280384787718,3,3,2309.9474142198246,0,1.0017393989691428,3436.2901891495267
2498.2531163273406,3,3,2405.4278083849263,0,0.8391678988429985,2994.240123172406
2466.8434374535186,3,3,2374.6500833424643,0,0.5597528423808679,3060.6070787487815
4502.0791355260435,3,5,4452.645975686375,1,4.223050980993557,4134.712305392975
4894.791915817171,2,5,3834.6476974828383,0,5.136823939065073,6468.672278506345
11005.323300722726,4,2,12640.101463133231,4,0.5291790576331016,12921.880275061949
2627.564145088401,3,5,2579.0602116864175,1,3.546069103749493,2517.518336798022
7585.065525330488,4,2,8835.095900429893,4,0.6937587060883503,8218.029569910388
7615.323202383336,4,4,9088.688380505622,2,0.1615621232182769,8393.913616248527
2961.5608328890357,3,5,2988.346685375078,1,3.0239762087185142,3507.2861035011815
2735.9788661863477,3,5,2724.62449485275,2,3.2849692925332854,3732.344419870112
4103.417527362507,3,3,3909.968328408262,0,0.3756157370888968,3752.6264055847564
3876.9099913440473,4,3,4509.808750642688,3,0.27320741044014146,3172.340364426456
2857.0749696116236,4,1,3206.62193515704,4,1.1454855526831478,3247.0155944776534
2852.0389808104187,4,3,3310.4072857414194,3,0.7973228284558095,2362.5532291505237
4059.341948556304,3,4,3987.520876429432,1,1.2895814290121033,5183.135558038716
4811.1427848513285,4,2,5588.956446369994,4,0.7099873210633864,6698.6623784208105
1281.344768395292,3,4,1243.9223456700238,0,2.694608596237383,997.8957086296033
4811.687210445227,3,4,4776.055920558151,4,5.153874999122593,3572.4615330488414
2990.341660957882,3,3,2821.8322138100425,0,1.1542353312207687,3737.24517848181
1579.6332758350095,3,4,1571.7796974694847,1,1.0703013667655827,1186.3894596858297
5470.16940266839,3,4,5387.8814153480325,4,3.5028293223665354,5422.340876633692
8127.126732242594,3,6,8369.164579936116,2,2.1873066535350483,9884.440781050957
3381.221372361214,3,3,3273.4851082715268,1,0.1208006573935496,4090.680345451525
2910.0041021183533,4,2,3354.188160774088,4,0.06403883433421655,2995.4095525840467
7676.170869638512,3,4,7463.142675323381,4,3.7583444425129953,9102.214252014664
1298.9871670091507,3,4,1281.3578791760187,0,1.3143385287162548,942.1172796911222
6767.054926218632,4,3,7821.692457058197,4,3.077842922548207,6025.289486500895
4792.834764051892,3,5,4736.262413631588,2,1.5935351615778535,4864.180942764435
2280.485698619906,3,3,2141.1196820641608,0,0.4854862898206196,2805.2761867262698
6233.425863794726,4,3,7194.095838542615,3,0.19538162119322036,4987.42319399365
1681.3246647468313,4,2,1950.0522291226491,1,0.24026738046678933,1456.8658560802132
5467.863286148573,4,2,6262.190265396856,4,0.7240101664068399,6422.703475170763
2612.315473085152,4,3,3001.593742722261,3,1.6673284387181802,2713.5746235088222
8749.67990346418,4,2,9972.49067776448,4,0.0785105898190611,8151.963762911145
9111.921097718881,3,4,8884.286505622667,3,1.169579953672775,10339.39005697896
5020.447942241355,4,3,5813.278885909581,3,0.7099079200947596,4093.629950911802
3912.7645312740674,3,4,3758.489238315102,1,2.2725300590397937,4445.848356656728
3467.4407405739507,3,3,3348.476262779463,0,0.8394566986186954,4514.424194063477
4285.162298687334,3,6,4351.197521056207,3,7.043061383779272,5180.970600769734
5314.621724379266,3,4,5283.4665754510825,1,1.0805165140939126,7045.872279018547
1282.7344522816663,3,3,1211.0570599097325,0,0.15080380977590407,1720.749150274227
10392.698631937934,4,3,12307.415427688125,3,0.5469827443423778,12236.47807825007
2328.6447795742756,3,3,2194.4560079435723,0,0.7382247469166547,2248.4317139707646
5841.956434496536,4,1,6445.31215759375,4,0.2523670825223513,6578.1217624213095
6561.548432424034,4,2,7447.771460030823,4,1.0264502819467851,7921.588451928389
4483.632670603115,3,4,4374.059941251447,3,1.856731063048538,3965.772342463242
2034.100320621085,3,5,2039.4964942036402,2,3.080422519501913,1708.208151083814
4312.342219541433,4,4,5111.078203515788,3,0.563454312154596,3127.001136277153
4197.282441581041,3,4,4055.3821048311847,1,0.14832223984941947,4895.571982904396
3202.1107105259803,4,3,3768.103453304942,3,1.4023900697210707,2528.3113136774323
5604.505234584419,3,7,5746.143636027251,3,8.261022415772178,7623.636935790353
6065.332319356762,3,6,6245.236385726602,2,4.326171629695629,7139.534764975954
2198.128962660174,3,3,2134.2588845704386,0,1.2388694854672142,2600.6467939717954
2399.9754934988264,3,5,2370.3483260846438,2,3.4608110117632207,2666.8026060373386
5661.522793722596,4,2,6469.519113710749,4,0.45570684368170983,6627.1740647952765
3276.881168949121,3,4,3169.1144994369847,1,1.3634012451515238,3287.6919118391625
4158.587514278216,4,3,4835.835388853911,3,1.4780235047349772,3043.1993844942685
7845.001667807207,4,4,9261.350900660638,3,2.61557919413761,10304.048657469712
8408.588719144487,4,4,10006.15398550849,3,1.7857634348758813,11417.279113489545
1892.3945677611143,3,3,1791.9263726399713,0,2.7879096774831993,2485.2749265172793
6674.80761485374,2,5,5114.383193760293,0,2.865036822893022,6043.901889639292
2572.7071914618627,3,3,2474.064714362419,0,0.40980105544351886,3041.1235480207947
1176.9174254367624,3,4,1144.4281130490476,2,2.9016030169324742,912.760888641285
3620.0154634482346,3,5,3594.265896903793,1,4.615071936222435,4615.0579985180475
2772.2021871860516,4,3,3248.3377306078924,3,0.5566715826969724,1867.3177765429427
10991.401224757221,4,2,12448.19069297637,4,0.2315866872100782,11389.641033413178
3024.3967215984803,3,4,2938.348397253725,2,1.7258892222949713,3658.87996801951
4119.1550390787725,2,5,3160.1464404033563,0,4.684588328042946,4948.7117681075
971.7428462490903,3,4,944.8834632769949,0,3.328500168617589,1153.4438025253064
2098.6032685004507,3,3,2018.6736106756468,0,0.7487298319813612,1650.0882548623258
5033.045862063531,4,3,5821.4403514726155,3,0.7338156185365509,6817.88329502774
1113.154227864093,4,1,1247.9322557594478,4,0.7243045302577803,1182.9897530197084
1515.2373298651532,4,2,1740.6855430302173,1,0.3372140327703585,1480.9852379285862
1163.9306733497547,3,4,1158.2143613765031,1,2.139712308509801,886.712196869119
5273.786859692262,4,2,6135.525228765317,4,0.10237050443227409,7075.040706588094
2858.8532312325647,4,3,3404.9213135832756,3,1.8776175531337946,2412.451345673197
4989.84436778255,4,3,5812.779197975793,3,0.357568916952579,6991.3176887316995
3784.21702557289,4,1,4236.81403830063,4,0.19232197821927316,5057.48678530371
3338.788130121448,3,4,3293.846637997121,1,2.2733064715077345,4263.734049172322
4158.736042149595,3,4,4092.810754715945,2,0.6479683531950914,4651.982885068646
5648.13182352732,3,5,5621.597666108525,3,2.3991107695288103,7690.273783220717
3514.6390870682008,3,5,3551.761425514482,2,1.1036939704660886,3073.2224364068616
7465.0839700670695,4,2,8387.9958044963,4,0.428978137100406,6309.586631522226
8767.536402297983,4,4,10300.841393204155,2,0.14469873288502452,11138.894449827481
10217.49094322476,4,3,11850.338477980498,3,0.7851423917226358,13581.761833826147
4158.791020629389,4,2,4705.237864135408,4,2.0663640820281417,5376.693788581618
6191.207435616189,3,4,6040.844270782643,4,5.282142988769653,8171.898935582758
1877.151228414207,3,3,1776.4980008213433,0,1.8344304759102885,2368.9077391397755
1377.278055388436,3,4,1319.977124790355,1,1.251413462790364,1000.7679648836958
5803.778114145797,3,5,5801.487279450384,1,2.56016158850687,6699.584614342252
2227.3350927051397,4,3,2623.3520362570603,3,2.135610680343898,1960.728383830033
5956.757245279834,1,8,3519.1454165181785,0,10.507004306339043,7478.225466300738
1315.1635005896483,3,3,1252.203236156168,0,0.7549400082726114,1033.8494817580738
5788.97779478224,4,3,6667.205207941956,3,1.362046799132369,5294.593342606883
4214.409082989878,3,4,4086.6856149677906,2,0.3606988281382871,3053.3019264505606
2510.8129030884943,3,4,2459.980786992809,1,2.199679103028697,2376.6798344403005
9215.40472816187,4,3,10555.069331576018,4,1.614547808383345,11708.3090864848
4029.5359158483607,2,6,3225.3057225609423,0,4.4891919170486245,3715.5176589248067
5400.328116265311,4,2,6251.589694660816,4,1.1784027662153724,6098.671012774353
6449.834714055268,3,5,6501.590586855607,1,0.227947617676657,7610.074657234377
3818.750924348078,3,5,3748.8364374092216,2,3.097249507156947,4261.202800341565
4700.389807550882,3,5,4721.014078276197,4,7.468921042520083,3886.9276366047147
1990.1614271453275,3,4,1952.0184999192538,1,0.004286318858248565,1780.476747574821
6192.690516216245,3,5,6104.4186070727455,1,2.3253022233814336,8175.2065882063325
4106.81750017615,3,5,4167.2329995459195,1,3.908323861153908,4059.1582541120874
6919.751337871088,4,2,8056.1764644505565,4,1.1630378267703363,8325.751204020951
4656.128630770463,3,5,4575.842633132704,2,1.7087288330119792,6506.555488839041
6214.879504734404,4,2,6967.442508629579,4,2.2086940843013902,5403.199632403627
8501.686685161543,3,5,8581.357984680086,1,2.9028366784805013,10923.173727289231
1021.9802910919067,4,2,1153.4323391705004,1,0.34513934849644484,863.2352920028135
5831.658625393993,3,5,5728.936760559621,1,1.3651789645381267,6897.245529848813
3155.176951644168,4,3,3617.5104207109384,3,0.4553688453381991,3333.0979032282353
6564.5550286051775,4,4,7880.448692654744,3,1.4557820545321956,8354.464684284341
2420.5624485796657,3,4,2402.369926320937,2,1.3259941897523235,1751.8536065728103
5418.794392834067,4,4,6512.76783279532,3,0.7708555881375774,5236.482769909687
4657.471612421113,3,6,4749.215024215266,2,3.938669172434501,4712.85284886192
4933.69616598829,4,2,5731.7511410565385,4,0.6511590884987818,4228.215632352722
4873.9812697127745,3,4,4766.850763882245,0,0.9149115686746483,6775.281660531389
5916.2571236191925,4,2,6758.778057624914,4,3.2747266979081537,7695.011526247276
2054.098180597556,3,3,1992.4851334145758,0,2.884012258426827,1830.1750929745815
1492.624672663741,4,2,1726.1568015942114,1,0.6411886345708935,1279.7422172073875
3462.555244524824,4,4,4069.73964766895,2,0.49993485593375353,4083.5941232976957
1438.9190415119715,2,5,1135.7368307643385,0,4.973839165215877,2050.8484824513857
3430.6484464620025,3,3,3340.363141405304,0,0.8414354298253048,3880.283598422488
3236.4735087475983,3,3,3061.379500053505,0,0.7019016080134876,4042.695822254713
2469.5850787734025,4,3,2844.8742318453133,3,2.616359319204031,2187.7069292057013
6742.198999022922,3,5,6605.137140163271,2,1.1847154535904005,7083.673565083072
5580.055643310893,4,4,6583.235347790036,3,1.115113919076264,6344.397446398399
8181.288953626622,4,2,9228.516804516703,4,0.23927090985678368,11339.356588656952
3574.5346589668657,3,4,3464.6437744159275,1,2.7731867358328284,3170.344321387214
2606.947734355711,4,3,3040.5433908965338,3,0.09488575265264583,2636.11980504981
5589.544827196266,3,5,5612.790439171226,1,1.928491312227938,6097.0920436743745
8592.988403173398,3,4,8224.872872448781,3,0.6686326605092413,12097.785781909697
5171.290854359804,3,4,5042.348385824981,1,1.661300727173033,6327.712939112386
3648.5098866124285,3,5,3658.6292266301884,2,3.4150001116011244,4668.280116260845
5775.351819225053,3,6,5851.836909049342,2,5.383273268063309,7924.166102660701
6457.994299449288,4,4,7558.108411992455,3,1.4658946368510952,8713.974703901984
8222.496342061051,4,2,9277.101557744676,4,2.3645271745203043,10092.931421297912
3392.3122508981605,3,4,3367.0836450561014,1,0.6534641192516316,3734.116258305806
4276.27899854851,3,5,4280.12533061422,1,1.462435386974069,5883.338273460176
1272.612953316775,2,7,1027.3753070542898,0,10.197386975230048,1454.8082744280919
4108.533401207698,2,5,3129.8164708396953,0,5.1560406266665115,4319.088785610526
6187.488743729147,4,2,6983.61271063199,4,0.6743790301544125,5928.939738774281
1703.3606354954004,3,5,1712.0086298236538,1,3.594024257105634,1208.3041736617317
2898.3143888427744,3,3,2714.6070090211624,1,0.28846875688526863,3525.6921946733655
3604.2696381186256,4,4,4261.277920656314,2,1.8273604395784684,3745.306125669579
2806.877104762729,4,3,3303.3386654445108,4,3.6536558577152896,2195.306579641862
6183.798487585258,4,2,6977.177078847735,4,1.0215523144021537,6580.1032248072415
3175.4616256193626,3,6,3238.021250810248,2,2.688281127456107,2994.9776653814606
2808.689470955759,4,2,3216.697031489296,4,0.36476179637268025,2939.4324602811957
4188.9752650974415,4,4,5003.045346164635,3,1.9790875343521133,5591.204194771999
2494.856689235621,3,4,2411.921593437146,1,2.2225232800312105,2019.553559185825
1368.0055073031758,3,4,1343.9463862859152,0,2.8709037742863672,1146.5797198463822
1876.1482202834127,3,3,1770.9788365743962,1,0.4093528639816346,2426.74890347237
3425.209763774504,4,3,3931.302092477309,3,0.5706022046870626,3504.902005516778
6533.041817374346,3,7,6769.00320601232,2,5.743711925845997,9517.320885485831
11731.496552336099,4,4,13969.863561921165,2,0.01130921906314094,15746.46445539791
2990.726044483251,3,5,2992.6230344114533,2,3.1192127779546888,2377.253528049712
2205.41311958987,3,3,2126.953037316406,0,0.09701825971205233,1982.7522830003861
4991.753363998476,4,2,5708.160592778087,4,0.6457621806113041,3981.7150035255095
1525.8005298469216,3,4,1506.1171857633105,1,1.4323400246052793,1343.5655908112417
2391.5264426979084,4,3,2799.928508598754,3,0.23628345007139498,2100.47489671475
6058.299355651419,4,2,6918.056956404642,4,2.603965620539152,4296.89386714856
4026.037934386649,4,3,4625.1268005124675,3,0.3002725616026499,3063.9953144929204
4144.448772497161,4,2,4804.899833214588,4,1.4558609878851323,4984.13277528342
9005.62018251215,4,4,10911.084936216947,3,2.1834377623233236,12721.781433123579
6420.321223620078,4,2,7350.8059863028875,4,0.4842490252971846,7455.899237056083
4526.209731313583,3,5,4590.105054145445,3,3.7731916627005133,6018.373967447162
2266.9029430656874,3,5,2261.349899081754,2,2.481527588710071,2166.9745621331813
2638.9750225462035,3,5,2586.084791423126,2,1.0071613064166924,2017.8483283054516
8578.877075239641,3,4,8295.33680239798,1,0.39214352032988214,10554.216685007965
1538.4934241779667,4,3,1767.5677389082934,1,1.2721517876261421,2141.192850226201
11533.242901620013,4,4,13768.947850701032,3,0.07549774671511096,15466.916542238783
5520.965280721098,3,3,5288.537190976503,0,0.44620666419618477,6393.035961922456
3034.386310315478,3,5,3019.0376630103246,2,0.6424048860147563,3636.344838533258
7236.385433875381,4,2,8234.809715466881,4,0.5904976070519283,9492.360816494162
2900.25422234084,4,3,3429.8868129353577,3,0.26980988075543094,1988.1742505909313
2759.9998168060088,3,3,2594.9439681061763,4,5.131433674435238,1983.3824981436624
2434.3831213456765,3,4,2352.011350148848,1,1.8116425122386146,2131.4904689987993
4624.7910563449905,4,1,5189.607467909741,4,0.0867245034047725,5129.5227884198075
8978.142789275964,3,4,8694.202027819882,3,1.6120696541522062,10070.3724598794
4107.558143846413,3,5,4068.4344704982523,2,2.1682957947168915,4040.2733833207285
2819.153220910169,4,2,3223.352607906338,4,2.5436732937877187,2952.9016955317775
5287.302068528197,4,4,6371.113087777621,3,1.0471313704288343,5793.522886930812
6385.845370156404,3,4,6340.409251610183,3,3.3593996967222526,8661.794216534048
1684.7673957967852,3,3,1582.0114175661656,0,1.2468026034050883,1972.1817770198486
8087.425795397314,4,2,9235.680055392113,4,1.0445432487906952,11173.219001456804
3767.1813501955075,4,3,4371.07141781485,3,0.660448833137513,4340.829774675959
1741.5058531927634,3,3,1669.6727326614198,0,2.45178358657581,1664.4526909077788
4713.8202703863635,3,6,4846.253077146745,3,6.541849765897099,3509.7135303519676
2594.4530008345246,2,6,2027.6929250523808,0,6.817780065156945,2156.9996927499255
2929.471857690606,3,5,2965.4630468817613,2,3.7606341827293552,3056.36473636839
4774.8280697724795,4,2,5411.734144051581,4,0.47297922177447144,4144.476774736766
1865.0414422333288,4,4,2199.695696756529,3,3.056323331154557,1498.4651099402865
1963.314744355327,2,5,1538.4231572199164,0,3.910924600884272,1391.4522345417815
2947.9752751318824,4,3,3443.8335623304656,2,0.07961398960514142,2445.638490444883
2441.717510494046,3,5,2387.594837725496,2,4.190109488076226,2669.773341376894
6744.149581295158,4,4,7985.39642000121,3,0.5675565168942747,6969.1595834325035
2661.8470115852533,4,2,3079.3175577269685,4,0.37836961739470876,2495.486142597206
2732.8059956145235,2,7,2228.4575891789414,1,8.359270375737054,2875.498616405776
3613.883213299397,4,3,4300.912074652368,3,0.7271043547831894,3886.6113144482274
12641.20667362,3,4,12460.706882002556,4,4.3496842935607125,13915.345636489372
4947.985816464011,4,3,5887.710529290067,4,4.722561791734467,4206.708427533166
3057.0744126490017,4,3,3565.212052356748,3,0.9371499311359798,3335.878406225317
1753.3841173830344,3,3,1643.4043217546464,1,0.1297602051813206,2095.2367098279014
2676.0237701624837,4,3,3180.4194168078498,3,0.7761493591802154,2174.9380954439434
2309.3888990293285,3,4,2297.539628718016,0,3.3352538208705216,3194.9895807686858
5261.849537591891,3,5,5221.674815629218,2,3.2317907730393935,4889.61045065802
2907.8223240230523,3,4,2813.030542357891,1,1.0472562367619616,3903.670551154489
6030.5004900598315,3,5,6072.164956261184,2,1.78162167196616,6229.876881974444
4903.235006285203,3,4,4820.800358319317,2,0.27270193187199887,5537.5002726715
1888.5658970345842,3,4,1866.9600093242366,1,0.3208587153136305,1410.185264589089
8905.171139290176,4,3,10355.5076600973,3,0.8853818831374122,10961.53658683081
1259.4971952957792,3,2,1187.9355453842286,0,0.32415107910278984,1266.016933996256
3180.8943734509535,4,3,3647.1581467184214,3,1.0097485346844848,2186.76912472252
3255.7800903991624,3,5,3196.43799117362,2,2.9674760404226377,3589.523846262967
2260.569777769872,3,3,2128.372788129644,0,0.9646231679538987,2231.731405176784
3172.4427767812613,3,5,3135.878860997736,1,4.024590429790298,2705.5355755231785
2080.739344959632,3,4,2013.2068043537722,1,1.4540360999030564,2029.4943512396349
1456.0101823857638,3,3,1392.6582101661588,0,0.1705657862821063,1756.07297595134
5627.843086842099,3,5,5547.2838328369435,2,0.12998453490409495,5132.721342107155
8837.203343594245,3,4,8657.293264474145,4,4.481959068670154,11831.12663031378
5505.509537011559,3,6,5587.16194207411,3,7.356874539980451,6831.463262879166
2505.1978236934833,3,5,2461.4687954120495,2,3.190459807877375,2161.20883974945
4864.814410411661,3,5,4866.551851786084,2,1.3803751572735767,4007.39621209397
6068.942040899879,4,2,6961.178637870546,4,0.41600368078114486,7489.452708590907
2207.1233672598883,3,3,2074.662108009787,1,1.368631550588914,1799.9792612039178
1264.599185114987,3,4,1247.1669100659176,0,2.450773757508434,1100.311739706665
2648.3971982734947,4,4,3131.157752421774,2,2.1973502538691627,3108.0973223713167
4387.61710502915,3,6,4404.453870722968,2,4.485795460473379,5797.01270952158
3083.073529898488,4,3,3598.6017301052334,3,1.0790954017282097,2262.542003066235
6443.285738072309,4,3,7632.648050472079,3,0.4740680630147327,7930.778934172256
2669.3309731814493,2,7,2187.5790055463895,1,7.447678649736431,3495.253373479976
2047.107002946285,4,3,2421.6751727233523,2,0.17158060446001264,2533.8797638000156
5979.348772418414,3,4,5732.380675513123,2,1.2198078849187264,8161.084908785695
3030.376928373576,4,2,3449.1947760628414,4,0.010239798986955364,3474.6344692547227
1418.6035816473984,3,3,1337.2827788302945,0,0.34229990148240147,1321.3296041547399
3557.3973850393118,3,5,3505.3864397020834,2,1.192704599422053,2521.913422344034
6216.622503995778,3,5,6194.770273436862,2,1.222856975693669,8347.50817355403
3916.623759858329,3,5,3951.370070783844,1,2.6811383903659247,5539.060123535469
2929.924486705996,4,3,3372.834945888378,4,2.8753793234490823,2602.4819119284502
4111.951533038868,4,3,4713.5673772382115,3,0.12690446834180727,3719.0139056494154
10384.651780162889,4,4,12163.781954770619,3,1.1713213495148842,13420.422351673307
3960.386611078267,3,4,3837.200840936867,1,0.3370769938197349,4141.920445289661
5861.542418559735,4,4,6955.952618926933,2,0.39074997024079394,7223.62168812676
3298.242191701673,3,5,3241.718624162425,2,3.3589467096970327,3813.7388113702023
3794.219316669224,3,5,3799.763684736011,1,2.707149400717924,4964.5138717092605
3852.4303912952732,4,3,4549.750210228473,3,1.4858926755134514,4659.9522661599085
6352.231993228231,3,5,6392.00450269097,2,2.964649748785285,5625.557471146798
2144.7516884366482,3,4,2054.80028387577,1,0.9350455524850632,2713.461163436106
5866.906201464918,3,4,5766.534486067162,4,4.764969924497567,4802.25957013162
4539.7491230343785,3,6,4670.188115302215,2,4.389071311574048,3376.3946293926024
1996.2285867911414,3,3,1943.4939943373317,0,0.4702345087445298,1471.5393910832656
3921.5507472314334,3,4,3856.867977755473,1,2.3006113550945004,5175.115762682667
9302.332393060055,3,6,9539.15180841206,3,6.205654105477671,9406.113245388193
1923.7524526697277,3,3,1858.1422866811783,0,1.4714306038806186,1692.6531671435207
3862.5583197663027,3,5,3891.4062882506623,2,2.2581730470581927,5138.163368706002
2164.0145616601712,2,7,1730.8583653286505,2,6.6930145387632916,1970.7002014074342
2363.4998799681507,3,5,2395.0637684227113,2,2.460846542242599,1770.5642654947305
2799.2781271083613,3,5,2809.794539475958,4,7.968831275829903,3745.596626666963
6728.7042027908265,3,4,6627.1851953614205,4,3.500157276923438,8952.178540549214
4967.855193880843,4,4,5874.277270490204,2,0.4653950841426473,5005.997267474007
2508.3215001117596,3,4,2473.5988912342477,1,2.5468298166246655,1927.3578152509758
1889.3513742674197,3,3,1825.937908631996,1,0.7350508673282553,1858.716492580014
4779.621388430469,3,4,4633.334627474926,4,4.73740584063412,3239.6814537242567
991.3485641095347,3,4,960.6803894824075,2,2.7746547703946276,720.8109053971808
943.7211092135407,3,3,917.3173576261231,1,0.38130771425929844,683.9287130901695
1958.5580039105332,3,4,1886.914486049702,3,3.1568394818822294,2144.0351009933697
4819.6227062634825,3,5,4764.984964383549,2,1.5789741391638905,5188.536362393905
1587.2036476713602,2,4,1183.7841896873026,0,3.960270829628997,1659.6180470402403
3668.587287300753,3,3,3452.481205058855,1,0.32654646106488444,4617.837366132677
2865.6075298875976,2,5,2193.1801748558337,0,3.5489685656539214,2493.948014535959
4309.757589329785,4,3,4967.625577819967,3,0.3557903246945051,3174.7991345880537
5230.2021586163455,4,3,6110.725280236914,3,0.26166735965873417,6090.402495707457
5515.300796016682,4,2,6319.565503721867,4,0.02667987112113377,5145.939980929531
1416.279563742894,3,3,1347.2902651038426,0,1.840925221354087,1011.9391276034388
6167.576754161676,4,2,6911.141804574866,4,0.8652453983119764,8694.055267134909
3108.78555647029,3,5,3139.596200494083,2,4.040738166181103,2602.25041011905
8251.312732506147,3,4,8176.196871140734,4,5.691156119978792,9244.215861495366
7513.720102377518,3,4,7364.393977683341,1,0.49886641637062423,9377.727081402887
4436.513648946288,4,4,5267.452199039604,3,3.2639665791557095,4631.585737011787
1869.3935253271097,3,3,1812.7373880444347,0,1.5275380959610967,1714.5495680576958
4091.198498591419,4,3,4731.5391670471045,3,1.0584371617982309,3204.289221420701
4052.174934118975,4,3,4787.103905592356,3,2.087080942392588,4870.345987724734
6410.168432589741,4,3,7592.700237627216,4,2.8339532749094194,8204.19912126469
6930.485673726422,3,5,6892.617031498936,2,0.7038772186834104,9573.8883730245
1947.8417165839692,3,4,1877.0094913837024,1,0.550196000787305,1556.6627346381833
1180.2214638347264,3,3,1106.1777931312297,0,1.7503073803299998,1127.2823548674905
2370.2975741459463,3,3,2240.675908050946,0,0.4435962579603377,2201.3257155997303
2076.519402607175,3,4,2053.444523816653,1,0.5877659068588412,1810.791718793084
2032.3753321390172,3,4,1971.369017803041,1,0.9322418005892738,2367.1148477911015
4695.720785286382,2,5,3667.3113409484913,0,3.925056517202289,5637.8226058585915
6501.523141834517,4,2,7376.398848404529,4,0.9023022678125769,8072.247806517449
9114.29821945748,4,3,10837.067739627362,4,1.6313011373945492,12669.361944124872
1547.0709481099343,3,4,1522.5607409945637,1,0.6528355364505087,1149.5495554477973
2067.625193556585,3,4,2003.2876480853138,1,1.1175505521814608,2178.713602538601
3509.472727011325,3,4,3364.3771525579587,0,1.9325037282731814,4510.620122700359
4313.77655124883,4,2,4947.721309776121,4,0.09014409639509839,4288.454919068762
4335.3673055934405,4,2,5039.477804765815,4,0.15691726580055088,5965.472781881486
3807.811139909301,4,3,4403.30616755938,3,0.5045104792989531,4757.096897876877
3652.7179376101003,3,4,3560.0339618697544,0,3.482020873531283,4614.617165315261
3846.0909023323734,3,6,3994.8106219524334,2,4.54435861336505,5025.9880342937095
2953.8138578389803,3,4,2922.7266194489403,1,1.3445710788022007,3787.5214371896973
1894.5187023317505,4,2,2122.6503149444097,4,1.6990993010265218,1161.209997278899
3794.7240742745926,4,1,4215.2453801706515,4,0.20691538909514706,3863.669630448807
5481.637227451518,3,4,5423.537695273945,1,0.7105444943905691,6084.600088900051
6764.028429112004,4,2,7594.81411687303,4,0.43813575587209824,8675.755611971816
3052.5436693210645,3,4,2940.5344129310324,0,0.7247108630692332,2556.4420039170905
2526.6008059232745,4,1,2795.932725202831,4,0.26823191854476575,2433.9732899298406
1370.6149425505716,4,3,1626.90649014061,3,2.261260463842937,1022.8158287016638
2168.272748303899,2,5,1649.660936323904,0,4.294862657461641,1812.8542421293512
2301.368706493388,3,4,2210.467315889782,1,2.9242275994896643,1852.41020449828
2910.855941828852,3,4,2798.2132881755756,1,1.529783543869093,3566.033424530055
2791.2527932594367,2,7,2299.4160429140907,1,7.730685182120461,2114.035888127184
4975.502401740694,4,4,6026.132509482761,2,0.04995414000412776,4019.4245517502227
5666.289262854588,3,4,5483.978645170691,1,0.16042141417911146,7037.005878720037
4936.949800122578,2,8,4102.499949067057,2,6.860297790757799,3851.999802258626
2474.211439636153,3,4,2385.838727503398,1,0.1391267303503042,1641.6916393674587
6024.593220745814,3,6,6142.876027580109,3,4.953964111604691,7854.868125698951
4558.234053723974,4,2,5216.368357502813,4,0.48767469497482235,3342.442523580257
3860.13911381097,2,6,3032.962715583944,1,4.979030855869768,4179.359834186274
3089.047859006059,3,3,2932.385175093994,0,1.0485834422875255,2849.678797133336
2348.5783550079223,3,4,2333.261877534041,1,0.22270916184133493,2947.7451467585106
4769.74493452837,2,6,3820.2205919581565,0,4.00359056688903,5613.762283104933
3076.229729734784,3,5,3097.7681764372014,1,3.1871815794469756,3857.58301123102
2926.5766034897597,3,4,2906.4837241672544,1,0.03257767352071038,2900.698024898041
6989.277714050054,3,4,6761.087792893565,1,1.1453933830649687,8461.47376228916
1546.2420662895645,3,3,1454.9507217992584,0,1.6857268047373553,1323.0851966084647
2834.1606500411335,3,4,2761.489297788556,1,1.6122021591397138,3726.9517250906674
3377.636777819545,4,4,3997.0155263281936,3,2.700743289048214,4281.759282871093
3198.9727967062577,4,3,3797.362805995608,3,1.7291816024530058,2926.2424706616243
1184.9743656963055,3,3,1144.649213964841,0,0.017870782471291386,842.3968219972194
1504.400075786722,3,4,1487.8409047635257,0,3.197127321025211,1132.3552321917557
3037.006558709346,3,4,2944.57819097379,1,1.893390993402036,3492.1740180923957
2142.995286985238,3,5,2148.1403647494726,3,3.0462007301583047,2647.218107105803
1930.3777072713895,3,5,1955.7993965483624,2,2.484742461837687,1664.248899884965
2476.012042708407,3,4,2401.270870243069,4,4.624300882490187,2040.2987474947224
2606.3693164297056,4,2,2955.556442662477,4,2.511624827743189,2775.9169148627198
2803.3155109693685,3,3,2714.925222975754,1,0.6050534689379558,3624.3002222833256
3587.6760577056916,3,6,3672.2396799067724,2,4.328372782541638,3501.4686291740445
2397.8765681300206,2,5,1891.4069928161516,0,4.930140396638224,2827.526717114497
1844.0241922530058,3,3,1729.7763349239501,0,0.05713796912744888,1276.1771882665576
773.9022453356255,3,2,734.5798467355553,0,0.2768480430682593,517.1711533552547
8386.1964942987,3,5,8205.294860352407,3,2.125122054011166,11038.153213554722
4877.5050983194305,4,3,5770.712130253689,4,1.9496472980570694,3621.6420099039137
3778.8840540002675,4,2,4383.939552022804,4,1.0632531597767318,5346.028165766749
11663.272061911193,3,5,11637.766853841718,2,1.19574867059979,13229.531054740664
3328.013957341934,3,4,3286.60188517653,4,5.955424857281454,4745.4119246705795
2896.3352998310015,3,3,2800.7346021252347,0,0.6571262046478387,2877.7148548559912
2574.019377316932,3,3,2450.521175633024,0,0.012508611075827783,2739.155339433872
2166.441430620631,3,3,2041.89881757503,0,1.8315987576586754,2505.2878901249182
4148.845999491329,3,5,4177.590809435459,4,5.160932421323431,3805.6127751245594
3617.561290676403,4,3,4276.238580917022,3,1.7801795009135308,2746.245217149023
8342.651424024583,3,4,7989.1423715518,4,4.508465654762633,10900.02352666569
1504.712268609849,3,4,1480.4815986529225,0,1.4733999930619148,1475.017975154206
2560.3325269555567,3,4,2458.6638705898254,1,1.3089301701791491,3197.460905401112
6512.736056044654,3,4,6352.955957961674,2,0.49947790858444163,8461.698993771804
1464.9553470010135,1,9,883.8490553598803,1,14.533667995274252,1899.0588996698712
3094.681274676313,4,3,3617.098269459722,4,3.0131249645686173,2260.629916022182
2108.30512699221,4,3,2498.481342004146,2,0.24913404297725725,1436.535142724957
3552.2386502871123,4,2,4092.436600143084,4,1.925248355506294,2902.523567396226
2055.084038798611,3,5,2021.3243355210284,1,3.3157096381153113,2482.518974837037
4555.002582845449,3,5,4593.725347659716,2,3.352703489177408,6314.161791931556
2858.1788082201183,3,4,2820.951514911661,1,3.642088331681971,2141.788155087289
10503.866838723028,4,3,12431.634051709903,3,0.09579299321604313,14396.20175088529
5383.775211250046,3,5,5311.401673797295,1,2.800571443171269,6629.752712333793
5208.709217989803,4,3,6132.4678559282465,3,0.8546651813234526,4382.869557093756
2262.1052044071535,3,5,2219.885774506869,2,2.554801837721918,1888.432955837053
3539.456336282813,4,2,4094.1942754107363,4,0.26912178701402706,4781.7456694155035
6108.451110022185,3,5,5999.708935607591,3,3.62157113102596,6215.862109054166
3899.6403287802236,4,3,4501.616351351343,3,1.8303422617303056,3261.5379044877104
3165.7956643885814,3,3,3053.1899254929867,0,0.4581677592940261,2934.070643345719
3743.7206882189676,3,6,3747.492375997871,2,4.746219321488188,3116.233896464083
4253.067354921438,2,6,3377.394216788562,0,3.7606084035005414,5121.654864254294
4776.43854159243,3,6,4886.805780108164,2,3.4670040597051326,3870.8038890340185
4970.943455279778,3,6,4987.7483101474645,2,4.7626388319187765,5054.998723690779
8812.998738784465,4,3,10210.304116892805,4,2.505186614348062,11763.53804039993
2413.9881826989,2,5,1907.4206980614947,0,3.4784301865762988,3141.903230288299
2918.005166706966,3,4,2880.937683539049,0,3.7286191798483603,3455.1532227249754
2577.6689191378937,3,3,2484.0520802061683,0,0.29657135082749697,3060.6360100963007
4124.853137808371,3,4,4061.5401665602335,2,0.5729145180218981,3862.3859203768047
3378.019713048236,4,1,3771.5181290270084,4,0.6960933800374481,2648.103804364233
3763.074952417196,3,4,3746.0304461902097,1,1.0033402799256015,4365.9133219303185
9052.113103152142,4,2,10284.498151893597,4,0.02191178484844639,8007.520862913865
3598.0300884934013,4,3,4150.711809441271,3,0.16780110016454064,4604.510578195423
8086.238949789492,3,7,8338.556732583096,2,4.434262171460642,9384.137406701806
5799.281746524352,3,4,5605.6783022977315,1,0.008865095267135437,6873.7643790762
2885.707418446899,2,5,2226.752402561381,0,3.795114446741969,2036.0684969704237
9325.258512106122,4,4,11124.355190543607,2,0.11467022645724424,11256.636996693722
4649.026458496856,2,7,3723.0263170717617,1,6.11747781541097,5273.450774295259
1134.8419298898289,3,3,1104.1622676739107,0,0.47865509649714016,1012.4600464562822
1892.8031488975817,3,6,1961.317630231751,1,5.910630827110571,1633.5545909534944
2307.6739223692425,4,4,2700.4900987843807,2,0.2104560059606888,1899.113525020053
2754.4016715728117,2,5,2166.8935962602936,0,4.6112673077850275,3575.222205902033
8754.98679407239,4,3,10227.02668284955,4,2.0576694418892547,11254.84724382598
12769.318220774967,4,4,15526.431845396313,3,0.32144247570485307,17461.487268806566
3127.43349791872,3,6,3187.596976789659,2,3.503287370043433,2649.0117309518473
2785.005077274633,3,4,2707.5879670376953,0,2.2910682450514015,3946.4648987382157
4427.9964844470005,4,2,5146.20970533234,4,0.7557971432222887,6051.182967366612
4539.639735394749,3,5,4528.519033261821,2,2.9297048349226893,5832.7445075491205
1438.784371947433,3,3,1380.8865496307121,0,1.6869892740111956,1623.0280065951688
4254.857553083216,3,5,4316.659270807,1,4.443888740106519,6059.602531164749
2115.8398126177285,4,2,2387.1850904141243,4,1.675152536956912,1519.7939451913362
4322.469441556988,4,4,5116.988934363398,2,0.16969885242108682,5541.592010265993
2888.683969748996,3,3,2812.190170966384,0,0.12150054537605401,3540.749671139073
2909.179128555319,3,4,2794.0392631217082,1,1.5980065464509823,3182.422564455115
6984.188906303098,4,3,8285.16868231983,3,0.06476600549857624,7129.723193287222
4973.246246121288,3,4,4769.987217398852,1,3.0239697918004262,6979.61947393325
2432.4147803382557,3,4,2377.938057916033,4,3.741001883207169,1801.3113244222623
7861.136201686344,4,2,8826.301719113715,4,0.14905756448687732,8529.857384706336
4736.914160860996,4,2,5465.9631488236855,4,1.8849290862143384,4748.202109212647
5676.239546470627,4,4,6777.206414846247,2,0.044398601345582184,7405.361330140097
2769.893190223167,3,3,2613.4895853889266,0,0.4318221169399448,2155.1181994406984
1424.6781682834214,3,5,1431.7182158871726,2,2.870575359282412,1213.4000826452484
6413.351893813226,3,5,6276.1566069414675,2,0.22357776669026305,6466.655709866814
10652.450367979642,4,3,12273.453365058174,4,2.422780334811484,13671.480815632482
5325.117221718544,3,5,5383.941365722054,2,1.0386767378186832,7097.361491962633
10484.928869267607,4,4,12269.865504620711,3,0.05039646469578557,11335.233333299922
2522.2892615934575,4,3,2935.1018925855396,3,1.8182206676706,2306.233180849205
4777.14575794506,4,2,5387.5656588104985,4,1.0195261636105988,3316.0401460146027
2513.566890627874,3,4,2456.050602986996,1,0.715817124143693,1843.644888836198
5828.074161233292,3,5,5744.328674385334,3,2.981625513757565,5422.512366708751
3195.546963372369,3,3,3027.509208760622,0,0.3172853513936257,3549.4468603174546
2507.476176191056,3,5,2487.0961806873515,2,1.7182141815917698,2845.322736863856
5093.055624931664,3,5,5017.464806788716,3,3.962555605131493,5050.000294734012
2256.2658798690186,4,3,2599.6682386110915,2,0.25436420983680547,1912.0576826784677
1934.1123573713523,3,3,1883.4094269545174,0,0.23449841842289865,2154.311443037204
6652.313663504136,3,4,6565.1684895715725,3,2.1671131880902688,8641.51702717233
1871.5464283809922,4,3,2214.620792088397,3,1.547794483276792,1340.1950392133965
4848.186250169454,3,4,4764.445860764316,0,1.3096341918396086,6723.64796655146
4810.031272851188,4,2,5463.986572997617,4,1.8851631250280962,3362.873111447575
1844.930005615475,4,2,2128.2737312299155,3,0.0866755057465018,1377.1815984477303
2311.5538396427387,3,4,2278.393641024245,0,2.1597456080612507,1978.187694846389
12015.460411257143,4,3,13982.43805378461,4,0.6088367686100745,12789.814734327307
2166.919559811504,3,6,2239.3864196984905,2,5.883980436027919,2206.627157463021
15029.056296211193,4,2,17409.195237946107,4,0.00022360412874058427,18006.414246706332
2481.6161404470854,4,3,2845.6318015004176,3,2.4147751272596323,1405.8362261444656
4066.875079048723,3,5,4034.0897009255154,2,3.3293649667416925,5210.345480335443
1458.7009202919203,3,4,1448.7649366974717,1,1.3531548216402987,1073.2832805751784
4931.418806049978,3,5,4977.275763017476,3,4.140937063089059,6975.811608496004
3505.798535581218,3,4,3406.3066565340355,0,1.6343126296560082,4194.802975775933
4127.09322073688,4,4,4875.693149835405,2,0.03298703877831441,3704.9504199803646
2076.069228928066,4,3,2381.115661938449,3,1.4146434988374121,1639.2253364744488
10165.541525862045,3,5,10342.044120679224,2,1.2531355849977157,11824.780451436154
1423.3672119514529,3,3,1380.0759384538048,0,2.716435978651042,1026.8399126113345
6441.531572785332,4,2,7454.61851830554,4,1.6472294573795803,8181.394181743763
4969.39578324402,4,2,5584.81112059801,4,0.12393141411890199,3517.3777930951865
1287.0510169863555,2,5,1008.5285236432046,0,5.4815555404006995,886.9207240988997
9510.683480157302,3,6,9826.90548936315,2,1.1100412117284832,10617.864906246801
3092.6065883111387,3,5,3123.520159352307,2,4.472052701572764,3639.8199747816307
2504.237464470492,4,3,2903.2454405179237,2,0.1662110392882741,3001.7239567947513
3251.8623369187017,3,4,3134.0629002952787,4,6.41751814081174,3935.008888321469
5072.254558242944,3,4,4974.471294188898,4,7.06205020942203,5080.424749479552
8302.09096041006,3,4,8208.359475507723,3,2.351316487274422,9333.64280609843
4693.556117264732,4,3,5449.887142192786,3,0.5560992094230797,3833.695732296748
5724.019722094594,4,2,6592.55142937906,4,1.0297883159219972,4248.560085099961
2320.806744556632,2,6,1861.3396817661876,0,5.795398951938122,1861.425152197799
2399.080060469614,3,4,2355.7072540702025,0,2.522043315296082,1903.5157643251148
3833.849257391022,4,3,4399.298376542708,3,1.3404686323272652,4457.987734138877
2153.0540778350146,3,4,2100.412756248578,1,1.7736550005055811,2632.9212060891327
9603.360702661377,4,2,10905.847047075156,4,0.2574064611839752,10766.56079464987
1120.1640339016258,3,3,1084.5287125311597,0,0.7143412041719944,841.5984354777976
3733.523639332386,3,3,3578.697482374118,0,0.4430464387700364,4762.554705438098
5349.031862692638,3,4,5246.463217911043,1,1.23398522289161,6317.301287627592
6369.52587716114,3,4,6170.244036655901,3,2.8371503441012154,8236.009428131492
4821.2679255348085,4,4,5786.580622120919,2,0.13135042348612982,5626.264049499468
3422.6916627003147,3,5,3452.451844196568,1,3.2989557015813515,3738.1550813759286
4303.908608032536,4,3,4972.242837701435,4,3.7402406552855783,3654.721400847295
10450.001467470478,4,3,12116.897065171815,4,2.9644176035784082,13978.129446708983
1221.5450302019242,3,3,1161.3238416640404,0,1.6304456788989128,959.394045857379
10874.524365351035,3,5,10729.534313734152,3,1.2253193793209323,15742.749960723451
6231.26137713678,4,3,7407.798818243224,4,3.077008755388261,5542.311911154372
4521.702723235352,4,2,5203.591456917437,4,1.5258641861184856,3708.385998612138
1947.9530767631072,3,4,1884.6683675822628,1,0.12598658112160102,1602.223693512451
6740.258022908122,4,3,7765.891857378077,3,0.7614129627865289,6897.344789415864
4255.131461223218,3,5,4267.328191924969,2,1.7562759529464458,3090.677055432684
1406.129727314201,4,2,1605.5589708861696,3,0.6359415286767413,1446.4736234037707
6527.727696984635,4,2,7348.944651047573,4,0.07042700794705635,5459.904814695515
2631.486160405822,3,3,2492.237675515767,0,2.3200915957039925,2623.839279121564
2826.895522059356,3,3,2697.531968238039,0,0.8597501125067469,3163.9291079188943
1644.4045786130494,3,3,1597.8297521101356,1,1.155566425051572,1448.537704064934
5285.727989557096,4,2,6038.881620345284,4,1.7593872786232476,4183.089438250284
2815.02155354336,3,3,2717.286854197956,1,0.10474560953348289,2904.7952572232184
5129.622475260796,4,4,6110.189742612627,2,0.811781310805682,4150.037641906523
2092.8954676293783,4,2,2370.835311985154,4,1.9651180836799393,1912.619322466177
5063.330534286597,3,6,5168.643754362928,3,6.49630022853546,4294.3755360464575
1858.956928195646,3,4,1829.8201909653476,0,1.8198067194504897,1611.3860588780258
6051.951813486876,3,5,6133.39233058091,2,0.10046765213882729,6414.929433686404
4967.146171307841,4,4,6034.526584350703,3,2.0908287796880085,5183.793963350621
11934.20143241173,4,3,13852.737721649726,3,0.8925473262997199,16493.420777823605
5507.663281222402,4,3,6457.274533783099,4,2.6175881506352208,4163.184587268884
1869.1094293351093,2,7,1493.074992558678,1,8.84841735356278,2192.1914487131858
8208.925730387507,4,2,9561.377615298275,4,1.5137008185593563,11127.858605951968
3066.3549676039784,3,4,3034.659963562721,1,1.4617598151311735,2972.337807427467
2462.266363621128,3,4,2374.284509327541,0,2.0682520350449694,3202.8204024047645
1957.522226633792,3,3,1856.6447834142607,0,0.1253622926002918,1511.1298765610197
3033.3434664996917,4,3,3579.643904547961,2,0.2457937849026737,3071.931075756159
8019.042667353311,3,4,7926.62206094235,4,5.258971162546213,9393.25572989818
3385.186067028764,4,2,3896.3623100211817,4,2.823824832813606,2468.737999319283
5477.9743671638225,4,4,6447.311389096881,2,0.12191276931331838,7509.304025130403
3106.3275783553204,3,4,3062.717849561594,1,1.6552031144631654,3017.3955721161474
4300.285101480651,3,4,4216.896960624916,2,0.037844503857748145,5792.502732308632
4215.594546202764,4,2,4769.000423076598,4,0.2635497299781764,4139.960778715776
8553.19348924587,4,2,9671.997689547694,4,1.3127447430935244,10401.28100740518
8600.390316954516,4,2,9717.807757923672,4,0.32844097399612415,11451.669078091292
2717.7763242010947,4,1,3053.196696657872,4,0.3294835449210421,2632.2576884310174
2405.012561688714,1,8,1433.6648168123554,1,11.567467363476776,2018.339815533673
7108.160427624396,3,5,6949.538350196818,3,3.5029806628502183,6468.367860990278
2015.818775093637,3,3,1957.6475242985027,0,2.389150972681042,2506.518307879977
8902.611470040558,3,5,9023.294737702196,3,1.932525182918381,10648.05588380745
4354.030709266398,4,3,5183.782353430622,3,1.0018460791822164,4000.154661803632
4539.493085751635,3,4,4520.1312389922705,2,0.24342249475910102,5435.924583099309
1158.7232007401494,3,3,1104.1036395862784,0,1.8448076649085958,939.5815786307708
3860.207717865773,4,3,4567.337252572052,3,2.356670334777812,3240.312894043128
3228.031165801639,3,4,3175.265221519889,0,3.1452657943273374,4165.823608860676
3571.3284894673384,3,6,3592.5130409190992,3,5.8430696267799265,2815.602533982643
1468.6545308511018,3,3,1390.5080583552522,0,1.6849763292774431,1235.2123233687676
4234.75491325438,4,3,4870.5506939068955,3,0.8387019542408048,3633.8226833710587
6142.057031530113,3,5,6057.820889183232,3,3.1611081822849756,5533.173570121791
7229.657826461665,4,3,8301.661946269083,4,0.8464631929291748,5637.0909047185405
2060.521906302767,2,6,1603.288729094253,1,5.204605842578259,2084.3011653973363
1776.3639238905039,3,3,1696.5941603509032,0,0.1361253578805609,1416.4915271573182
833.7914724158061,3,4,829.6825809351631,0,3.8556325774844087,691.8414921942064
6495.801254214813,4,3,7639.121750483182,4,2.090320219667448,4820.333137575878
2611.4911866647276,3,4,2561.7181765626415,1,3.4011905186322084,2470.388712519311
5127.711937890251,3,4,4974.573839632331,1,0.04054855590756223,6580.2563700133305
2774.050832843111,4,3,3279.006610070703,3,2.465994224937732,2274.207773271041
4128.1936004750605,4,3,4794.983986514103,2,0.24186786879271568,4481.416864704347
6053.873455827592,4,4,7291.022547536195,3,2.6435804892982895,4715.347008116692
3881.181955740065,3,4,3774.032460643029,1,0.38324309222942543,5231.5308006354435
2437.1830216581557,2,6,1921.1468384635816,1,4.948141283484551,2830.9165561039845
2315.136213556114,2,8,1902.5211033715746,2,9.181490557870184,2782.0882814794295
2422.5373831553684,4,2,2772.772169668629,4,1.8048986347564122,1808.21273665596
2152.20165729884,3,3,2039.3991697605002,0,1.7396710294847617,1644.9445458176317
11939.888549773143,4,3,13874.9209487418,4,2.81363064387251,16780.89445899711
1537.1495664441727,3,4,1475.3211686676468,2,2.302256050408035,1037.9909613583745
4407.714986384854,3,5,4367.752111929338,2,3.3793195718981486,3983.3996829051966
4500.736793053899,4,3,5346.320856406111,3,0.4008395384123485,4667.998446204147
1688.0682717658003,2,6,1328.6810167734732,0,6.79348198850019,1405.3828590252426
2437.1618251598657,2,6,1941.97391934537,1,6.165526949527041,1856.8369566010379
6450.37794092161,4,3,7384.956070933962,4,3.0320960863821798,8964.805527505965
2849.090090443245,4,3,3374.791364027042,3,2.0149719328273794,2455.8675533591354
1501.2987391886827,3,3,1417.6426279770426,0,0.6548077772186839,1579.3602948009107
1152.4563876651234,3,3,1096.6404554849912,0,2.45047145829352,785.992050975337
3903.70440019498,3,5,3919.6207850483083,2,1.5232697674952562,4454.398834095228
1557.9398668204767,4,3,1805.5450631281867,1,0.48044771019616805,1644.085448429005
1366.339876371159,2,7,1089.7092007605522,1,7.620792829761449,936.1655687799808
8132.42010901407,4,3,9320.350996585195,4,3.4440518798971973,6041.162448463132
5769.810307852188,3,5,5673.128172742513,2,1.8592556127438535,7363.863389510084
2548.34512116985,4,3,2929.0065358137754,3,1.126947343114413,3295.7941193582164
2888.0916297062076,4,4,3505.135659849729,2,1.0205861341499576,2269.7185739579168
10252.216223497233,4,2,11639.759287435041,4,1.4147340833368232,12574.509038011729
1938.1701113444867,4,1,2188.9717734668534,4,0.39942768590599803,1372.3240019416357
1955.2750507028004,3,4,1895.3810391115553,1,3.998672329111924,1523.3057607641235
2921.993740067152,3,4,2848.2075078142443,1,0.6430694067855742,2466.5385841264033
2054.2390148080726,4,2,2349.686844138193,3,0.6392725131362976,2545.0512080936655
800.5955906114376,3,3,777.1637296800501,0,3.6783020016887726,554.4527853951682
2519.5827410491465,4,3,2928.798323117747,2,0.27920645475924977,2065.477058477991
11972.512380438986,4,4,14127.372403363917,3,0.9516648621612788,16217.881608314181
2870.3660375996747,3,5,2817.5182083483114,1,4.649149203338349,3009.806967549477
5954.475234055191,3,4,5714.630899634722,0,1.672404111987943,7898.224712504512
1714.3905316299908,3,3,1648.7046427314874,0,1.3181503443191795,1130.1983899744785
3400.039740622317,3,4,3303.556301912989,0,1.4951999526893223,4252.07352540644
6274.062806481976,4,3,7260.873824551432,3,1.0575915076876399,7922.55163155348
1750.3400843939828,3,3,1675.4569107527802,0,0.1722866408268439,1914.385970497573
2624.832595480409,4,4,3075.6993001509804,2,1.2831556197189526,3344.5221026142117
5087.134347091266,4,4,6046.377841657237,3,2.6369366522110695,6889.317562291583
3333.318681744747,2,6,2631.3272843217896,0,7.02152292541527,3348.927227322612
1836.18587723742,3,4,1821.7464427318757,2,2.3695346216631927,1531.877854995528
2836.0475454184543,3,3,2733.7587316895806,0,0.5227021968716423,2858.315635869183
2006.8918662820925,3,4,1941.2221728823092,1,0.4514720354709754,1691.2260199657912
2700.9470782343606,3,6,2707.2199364385165,3,6.266237283163135,1826.6804197691545
8859.949989811339,4,2,10028.418642299514,4,1.3058163451512976,12097.685947544394
3745.5401413239915,3,4,3609.518424055308,1,1.556762680019602,3139.062205379186
5660.076490982474,4,3,6653.774314550793,3,1.268716194925658,5054.104505745862
8261.33440938789,3,4,7923.477740683518,1,0.18540032469289425,9782.844190373326
9825.62397093218,3,3,9405.745430083674,4,2.693111858088703,8415.715186921338
3025.3031041422228,2,6,2423.9019638114937,0,5.7102460750831545,2507.628430093243
4400.596276566483,4,3,5175.982137530466,3,0.45102405349576513,3584.2210298260165
2191.496200989897,3,3,2078.338624267276,1,0.9016574954389177,1721.7927538093345
3138.3154992401032,3,4,3042.0979345107485,1,1.4931482419632616,3429.9772712946033
17565.278191833575,4,4,20592.462481405124,3,1.6126452794866397,22329.267991158373
3965.8166849023096,4,1,4424.152880362506,4,0.7596059264519922,3439.688330307144
2185.9513713516753,3,3,2053.101725868834,1,0.7298045614148424,1833.414985351931
2227.263684609515,2,8,1845.534343014393,2,9.127614366648299,1703.4725457982595
6987.769834603683,3,6,7177.348870026904,2,2.6633582401677156,9767.811655871237
2353.59575688207,3,3,2258.634733366669,0,1.4752698261308703,3005.7403853291694
4059.9603631316877,4,2,4676.188094084211,4,1.0102790188525497,4846.466540956586
3222.497132111551,4,2,3705.247835932283,4,1.7169878560958145,3822.071516013642
2217.6725181954776,3,4,2167.7308360837615,0,1.7031789934018802,2036.5638326898413
6330.555261442466,4,3,7398.306528883861,4,1.5232019450220646,4955.639679692283
5000.552461375219,4,2,5688.201739230916,4,0.7671603678669181,3995.5671530537743
3223.0841569713625,4,2,3751.8415995608734,4,0.7545232761406233,3083.092260253691
2206.145673158162,2,5,1722.5243505373853,0,4.659522234919802,1572.5435999188078
5521.691209361545,2,7,4384.779857481675,0,6.453493014299809,6163.943814474069
2904.5973116128885,3,3,2764.2888185552247,4,3.857243645566792,2956.4741037404615
3006.7813873928544,4,4,3577.7490830824527,2,1.1165861730754043,2528.0543353884127
5942.955711209551,4,2,6804.418082862355,4,0.5860013873953559,5955.833126081682
2338.155937658557,3,4,2322.6549723677535,1,1.980521066096634,1896.6915761004827
2231.5871276805487,3,5,2234.7667552205876,3,3.6822735818366916,2405.656489378905
2778.8993467404894,3,4,2722.1346895479687,3,3.3934909018973403,2412.6585883413
4917.393996968573,3,4,4784.6906035551,4,3.7887756317461876,5737.664188001632
2878.3186644569996,4,2,3226.881966627066,4,2.0520122184108027,3628.558626858382
1381.6042289109446,3,3,1339.1338151400394,0,1.90981880244383,1087.2138923630437
7253.36864188786,3,5,7127.083575576021,3,2.179247034708116,6162.112737225889
548.9100978904665,3,2,513.0049821131289,0,2.0116445737052233,426.45093829899787
6068.848769715691,4,2,6934.889439580284,4,0.27578957039619134,7550.997002086921
1373.4978334977975,3,3,1304.8618165234288,0,0.6121080857776232,1095.433714090424
2240.204511647951,4,1,2518.614901379407,4,0.9350112191890811,2812.405414728146
4892.743435238327,3,5,4949.292236513633,3,2.437170615150383,3665.718595745598
7968.2466830731055,4,2,9029.30063378086,4,0.14249599367589197,11063.807952140487
1829.6575379497085,3,3,1741.0896288226058,0,0.977398607537331,2118.842740879407
11882.828189543077,3,6,12005.812299525998,2,0.7871832013152628,14257.94086908609
3749.8677361373984,4,4,4446.650232714456,3,1.6357451440427762,2564.8495098438934
4558.420888048129,3,5,4530.521527364025,2,0.8793122770817354,4670.233321712846
5599.440426462345,3,4,5416.382411758179,0,0.08052566325013319,7722.276001368968
2724.247062828676,3,5,2690.334467741284,2,2.6397102733207545,1858.773472344938
7002.750095792447,3,6,7071.526549902881,2,2.811439195284927,7681.644686881445
2461.8597326892045,4,3,2882.2748908251183,1,0.09141574414947984,2512.384779231545
8154.956911775582,3,5,8184.327996398553,3,1.5031494891082098,6306.063119792468
2704.577631331041,3,4,2599.8566181114384,0,2.9650033746135436,3334.7684764000196
1878.2395515870405,3,3,1812.2254291850265,0,2.484716813950188,2220.5269190596055
6524.778096312248,3,5,6449.653713797325,1,0.8883060715057643,9054.314277507514
3650.7246539333314,4,3,4266.512332890651,3,1.3294473552926656,4855.44104417633
7179.131982663567,3,6,7322.741092378113,3,4.434037439808158,6843.927520327852
2422.791508343405,3,4,2376.182464268966,1,3.5700761372522165,2252.4763982178683
2818.9011752773745,3,3,2706.903869847768,1,0.002426019013916024,3382.0548051242404
1521.2335079613838,3,3,1445.3044133737142,0,2.439832566335838,1675.7923125674135
4192.977082573549,4,3,4966.125189773525,3,0.46683586018704154,4845.480822245844
7448.371182648822,4,2,8421.972434383,4,0.8389182751413522,10506.291489051782
7316.186724353901,3,5,7235.4221168906015,1,3.7901713408945623,9247.08307119271
5489.52666849346,4,4,6665.19897678384,3,0.5884305492324848,5729.802691052876
5615.0016363563345,3,6,5696.368024713759,2,3.4842098076631913,7561.937142272696
1957.0048182476667,4,2,2262.6729058051715,3,0.24467003577375188,1646.951837599066
3614.310758425206,2,6,2910.7780472856316,0,6.978528625489475,4213.9897591273675
3992.185026557002,4,3,4638.6044000272195,3,1.2676649489210985,4007.834104327116
2338.410464196203,3,4,2268.3831131849543,1,1.230458313080429,1749.1689038498457
4180.9587479089705,3,5,4120.323184795853,2,1.5620520755451812,4945.773683347355
3187.4721658570456,2,5,2455.0355279976347,0,3.458760163384246,3150.914698256642
3846.668557423455,4,3,4566.119711865795,4,3.2592371250598515,3234.295811026599
1575.896831069554,3,3,1489.1011346409075,1,0.1187958057090239,1981.6302478590724
4625.500006506551,4,2,5204.742629502473,4,0.9665955544177193,5085.882211844379
7599.591127622677,4,4,8976.315502103427,3,1.4308844369982912,5708.996747289423
6470.024596708143,4,3,7542.461070638339,3,0.5087909919432475,8405.541333783334
2753.5533933217484,3,4,2697.8261904661263,1,1.593210344059779,2960.035485028423
6905.277861099421,3,5,6822.601582306478,2,2.3867233592090686,7974.52596369415
5913.045119482423,4,3,6835.547255760173,3,0.3479466371358489,7662.784055998174
3158.3270673199077,2,7,2518.0970036964213,4,13.29603791763261,3101.8280544640024
2048.84420045755,4,3,2401.7045668628148,3,0.31242443717297164,2636.1156559845476
3101.1078023996147,3,3,2989.5837602350275,1,0.04552166190378542,2693.7393699715776
4541.499761162328,4,3,5202.672847079234,2,0.16649745052164686,5713.634873066527
14849.03648479773,4,3,17073.66168515103,4,1.1832091423731255,19937.806921118332
2976.6678792756106,3,3,2835.827178883519,0,1.8515336611337265,3056.1506526429152
8429.695062931549,3,5,8411.376952553193,3,1.6877377585992723,10757.008820609894
7269.273641146527,3,5,7318.081349716733,3,4.518521297707627,8062.277015561562
2861.6984908816294,3,5,2855.2101620642734,2,4.570621132233222,3403.4804306394612
2311.7158333555267,4,1,2610.330289618939,4,0.2978234882151702,1559.0099400764677
7967.218264189,3,5,7883.858645714214,1,3.270839811691765,10931.99724599162
3127.1169450285256,3,5,3169.7640312932385,1,4.827748010697151,4232.460942642686
2890.1846131282864,4,3,3392.530435984831,3,0.7149830532757392,2795.5197039893583
1259.4554645592943,2,5,971.6865740302909,0,4.557220559631998,1285.1751594825716
6673.945818872872,4,2,7508.589366838252,4,0.1176255355166675,8105.962280725164
3997.110563935117,3,4,3935.203076271912,0,0.722991149533265,5006.873318460596
4493.69930236315,4,2,5051.373026994528,4,0.9522216690670913,5468.971557692409
5877.48843287866,3,4,5819.707805228531,1,0.0014513135201334084,7669.588538286465
4585.66352239786,4,2,5223.675793024163,4,0.8660944624741408,4301.974968630026
8390.926151165564,4,4,9954.17614149196,3,1.1020656879481217,8840.475811949535
788.6112097253181,3,3,764.6860673276722,0,0.5820790921778033,524.2268896931622
3105.2741321492754,4,1,3527.790815792903,4,0.238624768506454,3595.0604029431133
1894.5940354511845,3,4,1876.9563436307649,1,0.7611313405052197,1416.253904766713
8025.161072921297,4,3,9441.383576928878,4,1.4628223974956793,7424.465397660853
5508.322382346147,4,4,6563.246632887309,3,1.0431003224970126,4672.929786835738
4631.741461075563,4,2,5229.545340335203,4,0.7018854577111662,3784.192413293022
5038.852970991099,4,1,5654.2840383207185,4,0.38900489193737475,5940.924960623832
2589.9654022862273,4,3,3057.0227731018076,3,1.3810941532280145,2754.5008877571604
9657.632317452173,4,3,11184.415536650899,4,3.7438043742775693,13108.94882229616
11375.64720941654,3,4,11050.6012819289,4,2.5896669164801285,12933.663142421554
4193.3811050771465,3,5,4138.1123872470125,2,3.23875383903204,4703.962591486152
8618.855454108761,4,2,10032.938339004693,4,0.7301919237610524,10586.724625759694
7574.570592831241,3,5,7702.728810421002,2,0.6911247838604432,9622.470278500654
9603.58430047237,4,4,11655.631190831002,3,1.0935852789446332,8532.164485436877
3093.7986191854616,4,1,3459.8977938971634,4,0.24198595059229536,3288.9284039908007
2738.5722935428375,3,4,2657.9251843380557,1,0.8749873121573875,2309.986181738615
4747.81100780286,3,6,4922.47322360788,2,3.8740131801419286,5965.840684986241
3348.1935842283806,4,2,3807.139089745152,4,2.567668992919043,2721.131169102585
3438.637206802107,3,6,3438.380145448204,3,7.444495166987875,3002.1937182646193
2807.044078609494,3,4,2707.1990929241165,0,2.138991271601931,2005.5847985480962
3412.677390579939,4,3,4044.253770956355,4,2.95849365767831,2929.9395091532824
2810.2169968320222,3,4,2711.0429873592484,1,0.32359445078623816,3160.4593533816496
2409.142524459868,3,3,2302.39776942927,0,0.6622328614283375,2767.861023212812
3974.483498420456,3,6,4039.3739096073746,1,4.929165779781742,4606.3818684301505
2989.1436358571714,3,5,2981.3872358900444,2,3.1114139888267127,2826.3736534821714
11324.411789614598,2,6,9052.20188765747,4,9.57272152708075,13006.17179746441
3798.4487898172197,3,4,3741.716519473187,1,3.6866548282087432,4133.859790874356
4396.259200657072,4,3,5083.491240509053,3,0.36680623968582254,4457.468711198814
1727.5804417846882,3,3,1628.4618420031538,0,0.26660032224132124,1461.1765968169066
2387.2807521008376,3,5,2409.5544075432467,2,3.9170067296536426,2757.139227047174
4469.520291625427,4,3,5245.681148530358,2,0.3485460521607359,4530.580665616404
2164.029532879847,4,3,2510.4938128719905,3,1.8012815538320406,1759.327262396625
4162.8959261042455,4,2,4825.593481160068,4,1.787847913065035,5431.349627049031
2736.6077526713425,3,3,2590.606252664385,0,0.847067843523674,1984.9710100257741
3474.300349213181,3,4,3459.61203200163,1,1.4696509355032645,2589.875106415032
4816.756141204502,3,4,4672.761497386114,0,0.6480277612605081,6743.001301624984
6012.623818781668,3,5,6073.703348981787,2,0.8811740218663968,4853.047815814788
6782.0006650933,3,3,6602.251101383978,4,2.8239092338062974,5602.204267494769
7510.217645020343,4,4,8979.022813308624,3,1.5075742677506945,6174.766965236335
7943.269916435302,3,6,8122.407769382162,3,6.084636707412426,10043.95187922797
2009.8707530295508,3,4,1968.75251404911,2,2.4081488170336987,2335.2396826971567
2842.6326604191167,3,6,2887.620730728153,2,4.025276695944323,3025.072632959404
5640.275192905742,4,2,6449.15585973531,4,0.3888848674298036,4973.891167218259
1512.2546678000851,3,4,1451.2415385812087,0,4.376333184094987,1092.4677741349733
2894.792087615015,4,3,3395.56846840338,3,1.1491650728081382,2494.5133047891445
3840.952161284904,4,4,4538.459330547382,3,3.4914382965888078,5513.333436900384
3222.732637692899,3,3,3134.510221763705,1,0.4515474247035464,4019.961381018049
15252.054691545818,3,5,15331.611488715358,4,6.469341673024125,22022.21278009658
2034.6971561819698,3,3,1981.1752898844188,0,0.9089899572346073,2057.259109785589
3708.6538007902614,3,5,3632.348460850961,2,4.159131609196167,3139.110650024651
5154.562477497949,4,3,5997.425118875154,3,0.030501643182146293,4370.415325702239
3807.89199641398,4,4,4494.682081711235,2,0.26010272699208953,5406.999461873495
3161.5413158018655,2,5,2440.6784743963085,0,5.291278450676859,4483.025175753138
4301.620669331181,4,2,4906.740411559255,4,0.9468324854119098,5847.780253268377
2805.3842843173866,3,5,2775.8424854437126,2,0.5373792208537757,2306.057445039538
2728.4392323348384,3,5,2698.840568422458,1,2.6591064213906304,2871.443435444078
10817.74961687877,3,5,10888.942460653394,3,2.121833786369234,14119.484022542192
2823.7537422917285,3,5,2792.7130307476455,2,2.2553935405388836,2896.206100418759
12413.559880068808,4,3,14349.960388408992,4,1.24271409141467,15257.192218192551
6415.412741879005,3,5,6281.052537802055,2,2.010304612624232,8049.481962828527
2834.2089704674618,3,3,2702.4525504338253,0,0.2681665377929764,2284.909205206353
1991.7250244842044,4,3,2338.6380778943308,3,0.3990056967242069,1518.1981338196256
1714.3835288902428,3,3,1647.0635325999554,0,1.3680893566833985,1279.8318284388915
4202.105960290794,3,5,4229.929096660999,2,2.289207644338021,3212.8866755294075
7531.129156654739,2,4,5653.5975028391495,0,2.108000806860837,10267.050434423796
4734.303700112461,4,2,5336.510339170222,4,0.35763177806234697,4070.333680283393
1338.7052290515703,3,3,1285.1237337865832,0,1.7984236934154927,1698.023958458588
5564.736516493562,2,8,4636.932881621798,2,7.413246789438242,6380.229392177812
1345.5479931732445,3,2,1268.1503382371027,0,0.24969179261010238,1143.7304546223993
3067.423441548082,4,4,3609.695082931043,2,1.0494253952280752,2789.6672587991884
3859.5677344102237,4,3,4566.460599309536,4,2.5580460263634213,2983.5971477490157
3492.387706367715,3,4,3349.2747594024486,1,0.03261797002318004,3501.959920830874
1760.392432452845,3,3,1689.4277954304155,0,0.3207828652513686,1134.6251149040725
3716.713628980935,4,1,4202.240948559607,4,0.34466668179551496,4819.695915947187
7946.329931693675,4,2,8966.472424763377,4,0.30375445812791,7769.451720527482
3131.822729914891,3,5,3147.0134197744405,2,3.420074806020986,3061.6274434081583
8771.465031134021,4,3,10330.711669125412,4,0.8162016158260865,9629.146931014251
3478.269188044041,3,4,3427.1264892144873,3,3.6084304354467553,3699.354029039125
6074.112762170876,4,3,7134.0286683959985,3,0.583524213611925,7986.730319342512
5295.548529059729,4,3,6190.609717727313,4,3.7491842483750726,4790.344791256828
2572.153144395215,4,3,3048.815437583408,3,1.9470251706952868,3364.4272897933806
3317.706981711969,4,2,3784.2941562446827,4,1.1793389353434425,3567.7771082452095
5089.536843386107,4,3,5952.187527575975,3,0.12354756702600198,6759.063913247401
3072.3562130367873,3,4,3025.4207996417126,2,1.835024548877592,3831.514737305617
9292.904732253932,4,3,10864.601642374133,3,1.4145028392163235,11777.338219357776
5526.264226672567,3,4,5310.369989783221,0,2.0122614211347725,6393.270259153982
1814.7761295507323,4,3,2149.1439030798274,3,0.5914453515539284,1395.6306299497771
4910.5895711299545,3,4,4771.5083615559415,0,1.8684059990409676,6398.286597381865
5628.153374319532,3,5,5690.227099379906,2,0.5099920046312643,5303.3456997319045
2105.75549592347,3,3,1994.5207541437655,1,0.21096518732524502,2685.4775163221284
2057.677583602016,4,3,2360.915763313344,2,0.7087660987743423,1797.804456397766
4232.397668011552,3,5,4265.897540209998,1,3.2852141855171437,3930.044452485458
4019.3236457790445,4,3,4757.919995014324,3,0.1540914772999533,3692.191004956629
3068.1337577579893,3,5,3115.0560239849715,3,2.8692711307150867,2487.754473572006
3589.127460837169,4,4,4236.051897479505,3,2.539956898633986,3916.1218725870012
2251.549364706489,3,3,2183.971755633029,0,0.5306267738743408,1997.8364741180676
2961.3207251330755,3,6,2956.7878571016263,2,3.2359986136310233,2897.6719090464926
2727.078297621978,4,2,3064.054713354508,4,0.12840967517727267,2170.615832591217
3875.8357204822637,3,5,3910.37097649781,1,3.8198116223428773,5332.552831991474
3871.2942318303258,3,5,3870.1145238173217,2,2.3652951111680127,3599.2444402515785
2169.7885489454025,3,5,2159.3344720517557,1,3.9813788084476,1814.9873505019102
2167.1961305605914,3,4,2109.706660380928,1,2.17856696600807,1709.490291779899
8973.947423263942,2,8,7347.135556853089,2,7.426094589262236,12053.926608601429
10495.447540036928,4,3,12454.88163406454,4,1.3295303453693865,10879.29499334093
6103.96873162801,3,5,6004.557607705586,2,2.2508779742284135,8401.443910868595
2682.2220170059077,4,3,3163.386149867215,3,0.7340834202269364,1954.3968621578697
3181.5875065541695,4,3,3770.9850167279683,3,0.9934949881811368,2187.9763830669303
3148.6073441135554,3,5,3156.614873171493,3,5.257722614901524,4239.612312574672
5565.304326805501,4,1,6126.378039846163,4,0.07634984855295156,6996.353983268888
2188.5970251122462,4,3,2605.0047322435944,1,0.14916883863744054,2143.4325951420597
2931.274629310659,3,4,2897.009502888787,4,4.605406213171714,3533.3124789757367
3491.36368534636,4,2,4058.0071346078416,4,1.7628430886862723,3020.8511796985104
5492.351056584318,4,2,6236.10613311829,4,0.2042591913867521,5410.174413696317
6291.5356822904905,4,3,7345.422049487213,3,0.5781119793327457,6889.836245162968
1249.7167496157915,3,3,1196.6308050653554,0,1.7521331048445672,1018.4887584075319
2167.6691980839673,4,3,2537.5609714546663,2,0.20188136620277913,2787.9390485940876
15037.084522521278,3,6,15383.74114244022,4,8.63820955781423,19916.95184377472
2864.480557056529,2,5,2241.0717198394887,1,4.3041008728646775,3882.7512066789886
4175.931133869021,4,4,4940.147956469,2,0.2365587019996729,5829.4877051806625
2826.314828105072,4,2,3182.4516962070834,4,1.5590853670898337,2777.7654519336984
1411.490795810759,3,4,1356.4959841518012,1,2.5535337464512686,900.3968124135362
1478.106017132621,3,2,1399.1241826722217,0,0.28592177058615575,1844.1912552930444
3677.866750742663,3,4,3562.2400111450647,1,1.134264082260931,4349.131064957448
1310.1211438655619,3,4,1269.3318278981974,1,0.9159106388223838,1732.8581502855384
3928.4295755940343,3,5,3973.729172213758,3,2.095305965932924,3415.7838025597193
6485.451302737274,4,2,7321.96695819769,4,1.7074035664230978,7071.074164437743
2910.1983719988384,3,4,2856.415054309915,1,0.9301105860121618,3962.877757855445
5733.088335118048,4,3,6713.549064337728,3,0.7160423581958536,7960.755412654633
7053.3524403191295,3,6,7131.2129300640545,2,3.508318614165469,6618.52517183077
6396.5822770949035,3,6,6473.21835470579,2,2.2463497300197193,7018.62961725643
15228.506137893057,3,4,14973.837223468356,4,2.7242058951727173,19834.154976033496
4436.373168533124,3,5,4386.684943302556,4,8.266026324011069,4862.5277992227675
4390.394563964711,4,2,5099.305274111744,4,1.1180334462685142,4493.154611471664
1644.6826800781607,3,4,1587.9998484889918,2,1.5725851685665093,1471.7368747161354
5834.666329099384,3,4,5624.796602008966,4,6.321964349736847,5773.203728567102
3159.278302691747,3,5,3130.8054157747283,2,2.1054991925257545,3950.865715989223
1744.404573596364,3,3,1636.856106509897,0,2.003657719238383,1326.0707066134548
3552.6699444685273,4,2,4021.805649168075,3,0.10866631945686064,3352.619648767934
3569.0082786264807,4,3,4177.122634167524,3,0.1582827261442743,3095.5714047934725
2436.4923661086846,3,3,2328.6667360681,0,0.31033252206764395,2171.868925549526
5125.077518371094,3,4,5001.860441516966,1,1.257912500038154,4843.905077155631
5227.703231742691,3,6,5375.921338879256,2,5.003138979495162,6822.377962389823
4413.26730810951,3,4,4385.489836651982,1,0.38669708085667864,5932.4773492081595
1790.6525068216906,3,3,1685.208275269608,0,1.4077146894083103,1500.66918257624
4788.164952764497,3,5,4808.004808070597,3,2.1740111267012976,4195.802293780284
2305.6470419502134,3,4,2258.026072851042,1,0.46800139285729797,2186.5793494351365
2064.6950148773412,4,3,2376.1279467991726,3,0.30339738266825794,2026.4702415745203
2630.9348387416962,3,4,2600.2156086538307,0,1.6001172197867406,3324.653820805079
4514.6937334396025,4,2,5249.887843275945,4,0.31533325621018987,4471.278561791334
2194.2267774652873,3,3,2098.543931399561,0,0.7051795604024177,1672.2222549989076
2448.354905252581,3,4,2431.442745598599,1,0.5412962999756302,2571.4521147718347
7018.147144408955,3,5,7088.557322231254,4,6.14885865207504,7129.033676753803
6408.592653715507,4,4,7512.863369170476,3,0.21610665286166095,7367.016626777562
7063.124561389272,4,2,8192.571638358886,4,1.7450068978534357,8716.371794565037
4666.450609254228,3,6,4761.550785397371,2,2.7670135593215743,4411.304637228646
4335.3269443556865,3,5,4261.532686556311,3,3.294155502685179,4843.025953539579
6172.496499860169,4,4,7325.290280470898,3,1.3440387211068079,6368.65330202437
2059.3634974897845,3,4,2051.1744864298157,3,2.933835928285236,1764.5146256885328
5058.706059575496,4,3,5946.060135211314,3,0.8711023385266811,4379.872035532168
829.7361689428151,3,5,839.1056233533902,1,5.158570254145298,615.278924532265
1846.9118167967238,3,3,1733.496820479486,0,2.9635055904535115,1977.7710122939075
2038.715748741028,3,3,1928.6394085497657,1,0.23578699040865528,1737.146286365806
5741.256277492006,3,5,5673.273179761401,3,1.8725819233405527,6606.850955086007
2617.9364261874157,3,4,2536.49433362237,1,0.4374630145437133,2214.1194834760895
4537.689634226361,2,6,3615.7872828015124,1,6.951947397070764,6284.089955804235
2343.6556159445404,3,3,2239.5556439513384,4,3.7897096020708343,2983.0485666032055
4194.910574963792,3,3,4013.567182082034,0,0.0987095613020219,4318.031625464406
2921.8926283503065,3,4,2905.6392065995983,1,2.0042069117602117,2503.292025454456
4585.936308606006,3,3,4444.184688538858,0,0.1418118518970224,5804.400999681524
7776.774306610353,4,4,9370.236480577616,3,0.30796055518268767,10411.69648187347
1130.3616341040045,3,4,1115.3046032205302,1,1.2578322617039175,1192.2094430193872
1259.6364378290991,3,3,1191.8662024956504,0,2.4438099139954743,1506.1876718230503
4127.80757393926,4,3,4763.347912178088,4,3.8712276249325717,4877.020251448977
994.1186525485701,3,3,963.8291766686717,0,0.6520115985312327,892.698260418195
11128.646681807744,4,3,12992.16601531777,4,1.799265362907531,13935.519832060465
2975.1509129775554,3,5,3017.0834914065485,1,3.858553725906781,3985.3318194463677
5104.475959892378,3,6,5217.463739042643,3,7.25772811046006,6836.170270659374
3863.398907701273,4,4,4571.700982768842,3,2.4694144048546853,2514.9985005981644
8341.557419163606,3,5,8261.728272570206,1,2.2682125811165577,11141.20961233294
3989.2870905565474,3,3,3786.372125276713,0,0.983273547695309,4941.244286274087
1390.7711481359718,3,4,1331.4904457906364,1,4.079305062944625,1644.1254287743914
3134.9983117498155,4,4,3678.8901784987206,2,0.8935653734284191,2248.1845519589615
6313.408744218963,3,4,6141.696322729522,1,1.1349549427322592,8187.288869654746
8252.219836284441,3,5,8187.6367875980795,1,1.544097592414284,11322.878565528617
2162.5177218058498,3,3,2088.2872254667973,0,1.1088419906068148,2865.541694734392
6153.692905156775,3,6,6308.852812325142,2,3.590777504306118,7471.077050759432
4093.995836763149,4,2,4740.881124142953,4,0.8215794916503181,3476.410058740276
3381.9633244223082,3,6,3465.9987218165184,2,3.1275980466809834,2573.4487847979985
8058.775972151853,4,3,9337.513312116416,3,0.7018051782361729,10480.862704632451
3844.774191295729,4,3,4549.462212764098,2,0.22111363935284706,3606.1894753986585
4078.0584745645024,4,2,4642.810937743133,4,2.503211082657873,3637.6590398126295
2243.357509554011,4,2,2549.3009128654276,4,2.0283967703156787,2546.699904844904
1109.0239651470094,3,3,1038.827877967671,0,0.9711632674662262,762.3281742381992
2680.339933513748,3,4,2569.1173990835027,0,3.3825172728898596,2680.0148539110623
5221.951017403984,4,3,6126.0039749004845,4,2.927113236404701,3891.2447265643696
1485.1099264652307,3,2,1390.2088758547955,0,0.23790248092771063,1238.6303976837144
2310.330045502626,3,3,2237.2460953871096,0,0.23912573476667565,1940.984197836905
2167.550510181539,2,5,1702.654631307736,0,3.5420913304014388,2179.752983737976
3184.3959065344466,3,3,3041.911374457846,0,0.15672693958711012,4575.750756238782
1858.6975344696914,4,4,2215.9264652709303,2,0.09034084827015312,1546.0189271667557
3236.351412495495,3,5,3180.8924333915134,1,4.471765191065855,3447.0887683998358
6308.2966114610535,4,2,7121.136478261108,4,0.015285711004674483,7704.746478081392
7748.116395991898,3,6,7995.250595283686,2,2.595402016134046,10333.547565650719
2630.6962695745246,4,1,2975.756226902664,4,0.10528134984600557,3206.1779683171585
5749.351425259329,4,2,6439.984389104725,4,1.7087442607722696,6089.43888172321
2256.5009554347052,4,3,2598.397667476965,2,1.6482838799965172,1790.2166169430923
4621.967846450961,3,4,4600.0391687430565,0,1.4504287591640155,4948.50058788392
1865.5310206540482,4,1,2077.63187105165,4,0.35558509336396654,1489.6029341424523
4485.237894312234,4,4,5454.956596409825,2,0.5037919481420623,5000.905431357519
2170.1869798818066,4,4,2565.758753342501,2,1.1998983051605545,2173.4909507730463
4513.800002419363,4,2,5149.6270536957045,4,0.8217928019465737,4462.83104506266
1510.6042008770964,4,3,1788.7500654383136,2,0.2681785276738568,1059.6537227271451
10096.590868627316,4,2,11724.290554689433,4,2.120964042538369,10593.22076275215
5062.855320480044,4,3,5903.139408351417,3,0.44054644454356734,5148.380547648421
4086.5686638986235,3,4,3995.258175076789,4,3.7708422244318425,5150.187927785818
13363.880613106896,4,2,15562.668821078192,4,0.9448310564667579,18322.740962087635
6055.684899922361,4,2,6946.391188242632,4,0.46913456553664884,7288.763099653183
2958.717908364716,4,3,3487.711727233893,3,0.6533510210487015,2363.490996047744
2947.5728409025764,2,5,2314.669473768562,0,3.960457284809618,3928.873055965418
2808.842526596017,4,3,3290.320916703917,3,2.263446163134826,2568.8829332470946
5376.485530348701,3,4,5174.089409055625,1,0.4231338798434208,7453.400682448583
8484.38044215428,4,4,10151.349175076657,3,0.954267888902507,11144.440484904231
4961.146883180215,3,6,5019.93458955488,3,4.411954514964589,3623.264546264688
9877.112559929008,4,4,11946.080879958872,3,0.1240652887252153,10663.401716219114
3802.5556327898294,3,4,3749.517749061996,0,1.692102263357473,3777.915842228828
3981.487754115924,4,3,4711.692267147155,3,0.636766614197632,3454.816706742574
5919.812598137144,2,7,4836.434062933375,3,7.833039270692351,6646.299797655542
1941.2003469805254,4,3,2305.051525141093,2,0.2546728469921431,2232.9058925947834
6028.566053827541,2,7,4916.548420622959,3,7.676223391009952,7337.392394627087
3365.8845505394243,3,4,3258.8163940500303,1,1.3929833047828193,2897.5699677995053
5685.810066053192,3,4,5598.63352438663,1,1.1056851976015751,7290.948806841045
3209.63541377788,4,4,3841.251410014556,2,0.44990314340767046,3980.457408435362
5596.447589857799,3,5,5675.244062483024,1,3.131702595828704,5662.6815026103295
2032.5348495537203,3,4,1950.7984383394578,1,1.9474180018138507,1448.1517867034527
3561.0446511460786,3,5,3574.4069208517285,2,1.3453439944003278,2717.2376254554515
9231.020913453129,3,3,8724.9095710042,4,2.5420618090061367,10987.474740766755
4818.1185422198,3,3,4541.396120837358,1,0.25903925922645027,6145.4607087669065
2840.041176961398,3,5,2800.8757092482074,2,2.9768093783382046,2784.4756644390905
1964.4724817248168,3,3,1862.5906900643276,0,0.7960324307578701,2574.884267306837
5799.616403671895,4,3,6821.789165703488,3,0.5108752966503588,6934.3543924283285
5621.663705486447,3,5,5548.597963854884,3,2.365392121237821,6237.3349486499255
2229.9106393470825,3,4,2170.185665805145,1,0.18710166091289246,1631.4247658639288
8940.426119748641,3,4,8695.059902257337,4,3.710791072974346,7001.527284056417
4288.637791828737,4,2,4913.475627784998,4,1.4146942387699306,3392.214731450305
6365.660568158532,4,2,7397.571124104984,4,0.2507648088293296,7912.598211028475
2677.78893144269,4,4,3156.9595952479026,2,0.03734271372810354,2026.5416867364022
2308.9633922929415,3,3,2196.531056371284,0,0.7574494624004883,2483.0042864805705
5717.063114037646,4,2,6539.323034006473,4,0.48168185179113815,5240.902030570165
3152.016055034031,3,5,3153.2789909035064,1,1.8489174906776618,3967.94905685183
8659.796548855724,4,3,10304.444713649962,4,2.3544119467053073,6758.962312487089
4157.0834630269055,3,3,3894.6929349784673,0,0.3463023719974746,5218.892097977477
7151.076852625462,3,5,7119.3881349741705,2,2.2145422441640976,7886.688374718826
6818.222633942056,3,5,6861.673016711814,2,0.939450306238041,9205.491384437397
1724.9685465397263,3,5,1736.6962093946495,2,1.8414449025841166,1695.3075281620129
4780.095050913068,3,5,4808.181339574876,2,2.3387673577419017,4617.091779260884
2412.8846176219204,4,2,2754.8639614945364,4,0.3233699491206464,1824.778291273532
1242.0547267129457,3,3,1175.3662432736091,0,1.1626010732867897,884.3006591535637
7298.526355054995,3,5,7158.586118210574,3,1.7075123076704302,8410.470217900864
5786.929290627641,4,3,6671.843158112238,4,1.114540501620049,5218.845476763582
2869.6299478541146,3,5,2838.8147946121235,1,4.499185304802677,2308.1401290237263
3504.6932835432553,3,4,3461.24210511394,1,0.18815917136603544,4443.224968511668
10517.270182732536,4,3,12430.67229226079,4,2.3078750567274273,9292.587172508102
4727.891112770653,4,4,5596.467750978516,2,0.8885488854592221,4554.022857108847
2209.182974120659,3,4,2134.336786235033,3,3.3550358454655553,2711.1901128481522
1597.3137202259181,3,3,1548.7457048517629,0,0.7679426795356108,1890.81109057449
5115.338827156701,3,4,5059.377194925673,0,1.5627589041520722,5012.517816223692
4170.553856291406,3,4,4083.379937732427,0,2.132537928025985,5269.5118725597285
1790.4580733108505,3,4,1761.1839030753542,1,3.458746766294707,1788.8164412131698
2173.220690582319,4,4,2574.3093351782063,2,0.2724366058513584,1877.468463456464
3513.667461772961,3,3,3418.5040437895937,0,0.4773909060067003,4519.846894293003
1539.5678955136611,3,3,1456.263208644434,0,0.4997606934468143,1339.49557629022
6446.670345471626,3,4,6387.796647600319,1,0.611875819910162,7738.245330022961
1119.6290363447329,4,2,1301.8476052189167,1,0.47040787801980266,986.1824848349856
5247.236945270761,3,5,5247.746508741658,1,1.5023724624418462,5374.677490573195
5814.235341849676,3,5,5885.41472438197,3,1.8289328188932128,6634.046921579114
1591.426248346541,2,5,1225.2715955884337,0,3.636079158010004,1179.5886667239718
3403.5174892566024,3,4,3334.4155746715305,1,1.178152818899549,4057.80809185469
6167.660980176734,4,3,7190.480864759333,4,3.1157702370073452,5041.649380970347
3187.935237578136,3,5,3133.2614774145127,2,2.1866758147130754,2707.6030147998963
3859.0076732228345,3,4,3694.143570165603,0,2.8935045945945537,3369.992241013512
7067.440862602982,3,5,7149.524114609187,2,0.7695428626162777,8347.637265098165
3450.9343129787576,2,5,2659.771845601769,0,2.8126011633342944,3049.087003988928
3199.359787416808,4,2,3612.696060177779,4,0.709568371468823,3423.695231628111
1549.532079244333,3,3,1492.8067862612613,0,0.18078363083166954,1888.1420420123707
4307.575944013602,3,3,4089.5400309832803,0,0.9055710586770754,5487.05391969531
1944.3695258060623,3,5,1931.1909815462006,2,3.500883707824182,1685.4596792481798
2488.9004352700645,3,4,2442.1664682472756,0,2.9539893435009197,1887.7763428150113
5997.1334297695175,4,2,6858.522100251322,4,0.5281772872642011,8405.204410210368
1072.6008241908612,3,3,1036.324289429005,0,1.790992556915801,1302.8823345248982
2997.117609169215,3,4,2948.995916726369,1,0.7971706993734793,3190.8071160247464
2520.7468356412032,4,4,3019.081774384192,2,0.15912327970734486,2249.153903263754
5081.010387386156,4,4,6137.227339524373,3,0.6865031702718591,4238.063737775642
8496.858150464788,3,5,8558.958951263303,2,0.1420809062684351,8481.274246704354
4559.822622363045,3,4,4506.3762753883875,1,0.39591433661112396,5326.075795975323
4061.545405403769,4,2,4609.120524787114,4,0.5350725928457314,5206.453491249194
2954.9814588931104,3,3,2844.2614041990773,0,0.5566996678534457,3154.939859244501
1785.8522447042767,3,3,1687.1659753426334,1,0.24460442059604268,1717.5446625727473
2344.9893648060793,2,4,1797.5455390143254,0,3.4491595643526782,2437.306222235806
3660.3877468710007,4,2,4100.2299974855,4,1.0995686160377875,2784.7136998081874
4901.117748343834,3,4,4816.5288337552865,4,4.091390697888516,5992.492386727254
2397.5855279690536,3,4,2297.5713848075416,1,1.675532420015124,2482.5284190660673
1939.7558581117762,3,5,1931.966424122001,2,3.2443436669008654,1723.1598822026995
8803.503578150197,3,5,8947.73811933196,2,0.8000473669747524,10614.837549367845
3806.2217548679505,4,3,4469.1232641444685,3,0.11267038064127431,5472.141940036366
3739.593997630254,4,3,4383.054624374142,2,0.4988853410031975,3488.0857938495833
4263.190446462314,4,2,4912.677162971522,4,1.440408328404697,6004.619371823882
2394.180639368098,3,4,2353.632045118839,1,1.6787164582375855,2217.59820275515
3181.7064532534055,4,4,3853.5810792257503,2,0.8763331451327938,3900.2054428236543
5068.602603677177,3,4,5008.839427388841,2,0.8538364381086543,4276.754190908808
3418.151462287604,3,5,3364.316950791072,1,3.4002505736473116,3016.911596432903
8274.226054359666,4,2,9549.40056151255,4,0.36890855117044846,10075.45115413544
10811.245606781933,4,2,12330.540606111068,4,0.09650615749729412,13114.629524020207
14487.377210701272,4,3,17061.22069450645,4,1.5006311950316293,19342.544268221358
2224.4214843659192,3,4,2143.5077724954376,0,1.8065060113680347,2257.7591652501146
7069.970941085379,3,5,7157.497520650931,2,1.8679659770789225,8723.043346956654
2731.696095017901,4,3,3197.501294684497,3,2.2670594458168005,2601.8550203423847
5702.63156389565,3,5,5731.766327380942,2,2.167216502296583,6917.699789152713
3411.17332854876,3,3,3307.967894040253,0,1.1940157239180795,4749.854363076799
6707.965645266947,4,2,7659.227675769842,4,1.0538352021638984,6045.409713761169
4129.930207864804,3,4,3956.2661162977256,1,0.2264034847031465,4765.936977439263
2182.760694606263,2,5,1683.9495665136562,0,5.3060696116189074,2158.033342645653
7545.6742854730865,4,3,8721.175073312614,3,0.3687166894133138,10879.16214762197
1737.040088941542,3,3,1637.1833271958565,0,1.1910029140756127,1678.5951562705243
2312.4329974040893,3,5,2333.811934161912,2,2.4142506183977304,1788.9994781771172
13829.725737019424,4,4,16818.71415590297,3,0.16598694866236022,19115.514141346743
8275.173387878735,4,3,9487.499263378018,4,2.6649666433256796,7961.164377785895
2144.6045386516307,3,3,2053.976258548753,0,0.5259458162049327,2777.914355975081
7788.329003108109,4,2,8800.9139137183,4,0.08973328092739809,8399.47701223042
2550.834714147009,3,3,2421.4550274550456,1,0.44752770489079835,1918.7164106863104
6920.33852864892,3,5,6984.280258988438,3,2.431908627869631,7824.50410601399
4685.607877605742,4,2,5324.802877233038,4,1.2548160208169195,3580.390101611363
3197.689576958935,3,5,3195.3719350371657,3,5.833847728181865,3021.9587856050657
7647.03540323223,4,4,9223.742251754704,3,1.396682103327253,8816.588128993146
6247.5949341676005,4,4,7324.461811919947,3,0.534740822230181,5500.284209920986
2028.1428197375956,3,4,1966.428090285508,1,0.03328727981782319,1659.6364577940963
7191.7988909809255,4,2,8148.0850529493855,4,0.824154069092271,8562.328499285039
1111.0105567151604,3,4,1104.036553747416,1,4.114984488903859,1225.202196760868
3330.718712347766,3,4,3211.762784627716,1,0.5477742312172188,3364.9744336451445
2231.98921781973,3,5,2265.9193949452524,1,3.74728319619086,2735.718633125518
2884.759838090779,3,3,2777.0187468893105,0,0.7192942532853251,3012.4173821690865
7102.827483185747,4,2,8161.399842975609,4,0.48178080698595377,8019.578857016889
1930.9964761697672,3,4,1888.4919914240863,0,3.1229447927237786,2476.598807540835
6352.214393041889,4,2,7333.574449506519,4,0.30202191623976193,5892.40356841363
5509.375653626966,3,3,5273.724451832458,0,0.14174901377197152,7132.078907569913
2230.1096479664734,3,3,2152.244048841685,0,0.3762959308583581,2178.900509406999
2232.401201732458,3,4,2193.5530437665243,2,1.243172952770471,2152.3130178877927
5276.01954514734,3,4,5068.241185772457,1,1.0611270786328573,6879.534735040759
7682.650868855918,4,3,8817.05946028302,3,0.43081346509332746,10515.822871456034
6939.482863672953,4,2,8003.864354981269,4,1.2154646461429937,6223.852974927967
5417.019620573424,3,5,5494.97373852419,2,0.7348073104295259,6685.787791500343
2527.653765347204,3,5,2497.6127706767475,2,4.249876745282193,2019.6530294214665
3327.633346919623,3,4,3311.051621852226,1,0.01971743576911761,3268.6715209959493
4081.9050297878644,4,2,4748.6454920191045,4,1.259453354573012,2760.227754320464
4217.838989670797,3,5,4226.068427770736,3,4.91038813485913,3314.7940476037165
4415.681341388349,4,3,5229.792421164494,3,1.10956078469016,5595.612455855339
3607.5018960092284,3,4,3470.88432609537,1,1.2839768722090192,4898.090292043519
6424.230536660447,2,7,5208.317984717659,2,6.705852851440671,8134.258418016207
4120.9187816840495,3,6,4129.853239454684,2,5.478808635837875,4195.723553535385
3529.5891089769234,3,4,3504.7166246692736,3,3.9656141139201226,3610.7316987111844
2911.731310366169,3,3,2749.0946382386887,0,0.023297666748875723,3665.5324294617353
4357.20489687371,3,4,4216.285225780208,0,0.4462037891661985,5364.402364904632
1821.8987190687235,3,3,1745.124933789296,0,0.8310959022123057,1885.4593795441706
4215.240002781369,4,2,4852.164746507651,4,0.03668997465979645,3435.108459705601
4135.340443363952,4,2,4776.5375225273565,4,1.5576233628381442,4104.854855775856
2735.292440429323,3,5,2723.9557879600893,2,2.5382963965084726,2358.5542359743163
8441.608614268098,4,2,9672.064710376448,4,1.5728725710102787,12037.72335631766
3387.887105924493,3,3,3281.2125933298353,4,3.8935043699646696,2671.924392617602
9443.477273958,3,5,9547.944610246188,1,1.766564589104754,11515.019477907741
3940.3165839035546,3,4,3917.266242173067,1,0.8701658961698039,4785.067562653338
4785.859301262309,4,1,5364.520066686634,4,0.16462081353001082,3848.6677453980083
10396.20075820546,4,3,12006.837634436544,4,3.443914494073173,12720.61992225521
4837.685553449797,4,4,5767.775481874131,2,0.16002990883721577,4680.598380694779
3715.0016962444147,3,4,3600.7094516805682,0,3.88245909828408,5002.711948052454
2886.8535928745264,3,5,2936.841961156913,1,2.6980640960913216,3357.7134807410253
3910.379983064536,4,2,4543.874481280562,4,0.6956396274025388,3493.20648385035
4677.526120859618,3,5,4618.712870091343,2,2.085273823945066,5865.824672124974
3995.1769379001735,3,5,3930.142046409782,2,2.4005562034958206,5612.376875967169
1479.6926400675982,3,4,1430.8856155382748,0,2.333228065243765,1057.0665919537296
4011.5481293593816,3,4,3920.8923696078314,2,1.5385664688146385,4103.262415999101
2273.54390267128,4,3,2681.262701590123,3,1.5593718628715723,1548.6975074244099
2070.285803409094,2,5,1608.5190868304426,0,5.912214517114877,2015.1715082207793
1871.7807493273444,3,4,1801.0369686783679,0,1.4812215467852878,1863.19679776085
3968.170463551397,4,3,4720.72069250392,3,0.5897652422127145,3112.3828743150502
4734.43951052012,4,3,5481.39663627164,4,4.324390891887003,5564.208310490446
2245.542327972942,3,4,2205.7599939973725,1,1.0643363831795218,1632.6198340216422
6435.941687480751,4,2,7480.44220808602,4,0.6583297388969798,6912.4775237562735
1690.6434517046662,4,3,2002.7616336467672,3,2.2737652980472918,1258.0886629923557
2994.1450702852662,3,4,2927.1873649655704,1,1.121576033106555,3202.3862090604366
5154.549559495973,3,5,5208.424313562138,1,1.2263140441173421,6945.7882463495735
3836.718072986787,4,2,4351.3024924450665,4,2.1038261943031933,3276.2538793724116
5704.651828624731,3,6,5915.142615314602,3,4.913329327532626,7145.16585193915
3799.493407175157,4,4,4522.072434448221,2,0.23162918075489708,3434.590843883104
1841.7391070308508,3,3,1749.5926989912057,0,1.0083825876333865,2079.77526280467
2430.038904302187,3,3,2358.5322515311364,0,0.2401421306705465,2678.794774601612
3626.5482730593285,3,3,3523.863775526396,0,1.7514210380367115,4565.550587816928
1822.5976220008836,3,4,1796.734054926455,2,1.1545157342702121,1773.9920389984636
1793.1918598747607,3,4,1722.4291779625528,0,2.255332420130501,1465.5973080576846
4711.08690774379,4,3,5548.3210868693905,2,0.9689334996480647,5324.770215006106
2455.877706356655,4,1,2721.0121921298764,4,0.19571508010893415,2587.528993610567
2319.408992882954,3,3,2223.240552621111,0,0.8398419322327586,2511.6877266849992
3128.393772940232,3,4,3041.1668345184194,0,3.564276817242936,3024.4239251687527
4792.072340219185,4,3,5537.431962399566,3,0.8071822716974251,5350.967705113672
5131.049020808837,4,2,5794.506924354283,4,0.7223591100724265,5106.568860245181
2407.4417437678926,3,3,2265.765788726505,0,2.046349068064251,1967.974910066503
1174.34720276408,3,4,1161.224484051871,2,1.0077874342701454,932.8960777030534
1470.887010909402,3,4,1416.2208678984307,0,2.6100224397132656,1490.1689201583042
2803.1723372725505,3,4,2703.9658621876915,1,1.6836295260048877,2192.914535360889
1850.9031262369217,3,4,1773.0441500325562,3,3.579270335911492,1808.1846781066256
1094.8003364689669,3,3,1057.4190415493576,0,1.4678984851307229,1317.6878293539346
2570.9621121428263,3,3,2496.0492019742123,0,2.731399940953757,3229.6947794385037
3588.114495002773,4,3,4116.465059418459,4,2.670690735438016,3852.6248187372003
3726.6979585533004,4,2,4226.992005171748,4,1.6998714538755098,3859.127439784293
1708.8197186526654,3,4,1693.1257789084061,1,3.582042555668667,2281.134863456145
1546.3197483299546,2,9,1307.5324612795132,2,13.428098580114275,1188.731916590783
5702.195776207038,4,2,6597.970318673496,4,2.479704274431174,5767.609660777805
2395.49047497629,3,5,2356.0213740231493,1,3.170512943752159,2500.9847219047138
3134.8062633105724,3,4,3018.535517123194,0,3.118679044151747,3715.6030291074885
2413.9835858660854,3,6,2460.4194952050852,2,4.613767815073807,2056.35841293971
817.7481316252929,3,2,757.1224485249656,0,0.04728237053329926,747.0941561591881
4074.9801279867584,4,4,4949.315477591776,2,0.19767154472914614,5247.552594097199
4574.614828145481,4,2,5327.661321591076,4,2.3201629129075982,4581.0939686246575
948.1738378746718,3,3,904.723901417315,1,0.3340801693787902,851.2492206157227
3171.167378486914,4,3,3645.134397241174,3,0.17155362142292935,2581.434904353729
4783.119095662492,3,5,4731.563059077615,3,2.752803033197227,3922.6673242415627
1136.6067717391197,3,3,1073.2369909630859,0,3.4481450050019844,883.3720761856222
2217.959011649618,3,3,2089.78973908606,0,0.5170547801263836,2954.324051314357
3774.36316597324,4,2,4228.689649375188,4,0.8689702980181613,4043.851625035434
2194.2003332249333,4,4,2624.9496208517317,2,0.5901741512445912,3185.2297403298435
5809.1315294238175,4,3,6878.327804761139,4,3.630082011027106,6041.5345968959045
4472.1041997826205,4,4,5238.195467270353,2,0.19586680571234658,3481.2374224932405
1920.2403527601555,4,2,2209.630597761982,3,0.23767391974245644,1592.863320293341
3328.4939194743247,3,4,3269.408270995236,1,1.113920784373412,3822.1486377335864
4243.244212363371,3,4,4214.328093368496,1,0.6270558581535399,5086.651871792481
5142.419963493134,3,6,5146.219693517855,2,3.3462008198578146,6483.503411676039
6099.533182619922,3,5,6197.474456421693,2,3.4981031673437646,5095.156560898619
4049.7489794373223,3,4,3887.52428508265,1,0.6425938466981036,3473.6169740256564
3298.0826714248733,3,4,3196.9084648960597,1,1.041146259534221,2380.64542062267
5189.588566477247,3,6,5254.926777903686,3,5.567316680800197,4210.809037248438
4298.526427056083,4,2,4817.16107276104,4,2.1369163580883277,4418.4459524327385
1999.567918227055,3,4,1964.309421946028,1,0.20357598727796003,2272.837085616618
9678.304066015773,4,2,10838.552048699572,4,0.4168567717720145,11686.110482409706
3237.727197347511,2,7,2606.554985949213,1,7.195438631036466,4232.591785279138
4556.094996406871,4,3,5361.036650462529,3,0.3379188632950932,5567.29280538054
3599.6078570743107,3,5,3541.023159912596,3,4.064570375567977,4045.017658959507
5381.695725860003,3,3,5089.334225596075,1,0.009173652025544179,6860.105125385438
4629.078700273425,3,5,4596.311280965738,2,1.6658850648859131,4729.655999791118
1740.6032199186425,4,1,1971.9548271116003,4,0.3189166254849978,2203.2480375892787
2903.956570448582,4,4,3449.273671157936,2,0.24325654440721267,1963.0954431968341
2108.4658103088727,4,3,2423.113520275789,3,0.9416484330962468,1457.227090758672
1839.901772308752,3,3,1790.493948268978,0,0.49563811010604486,2571.8014337173504
986.8046879039215,3,2,922.5433393851574,0,0.48062472255483973,731.5009752683015
5940.866694294733,3,5,6022.021958043625,4,7.766832617887655,4949.717933938409
2929.1320170670383,4,4,3532.2022138479488,3,1.2379281274506042,2209.1454675077903
4045.17726470708,4,4,4898.452078583278,2,1.1054656976802673,3588.3170363962313
3257.5676003713074,3,4,3203.6098836756814,1,0.3959406622303698,3231.5397192917467
2725.8092570656136,4,1,3082.2617982492543,4,0.9010534652204607,2515.54169604812
3308.870664038296,3,4,3244.780608992562,1,1.962910466879279,3680.3558761064705
8517.137481787184,3,5,8391.709388585485,2,1.3031198746791102,11661.484792046744
3389.4517220416187,3,6,3460.863024333834,2,5.621711178446263,2928.4921038135763
4899.096520431512,4,1,5396.98380799947,4,0.7492426725153959,5497.418101580462
5457.773916872161,4,2,6186.681150731588,4,0.23435771768636543,7002.999697014402
4718.98536020606,4,2,5369.434014782643,4,0.09010108026036356,4370.042335423742
796.0666264216685,3,3,772.2917412276481,1,0.09799120450232744,585.0373870917057
2961.9687029792485,4,4,3559.5905867375322,3,1.5440233783948718,2893.7770632340703
3027.096397819774,4,2,3509.1777080776724,4,0.023905587003332826,2599.393349427874
3753.190306607555,4,2,4212.631189755007,4,1.9563775618246193,2902.8433555722795
1370.0601878478676,4,3,1581.5872131707852,3,0.8639934208513209,1030.3572830683802
1425.868496838561,3,3,1384.6544402442414,1,0.4029979202574794,1468.238565917259
5301.8253365689525,2,7,4203.211347446167,1,5.2601103404346015,6705.122979960115
3971.438791169468,4,3,4696.264657992863,2,0.07553838450082004,3276.4476831023335
2398.5047021775704,2,5,1883.8927931477144,0,4.92569063605354,2813.3113802069793
5713.643580368925,4,3,6788.337606449031,4,2.472624341001582,4304.980306586777
2269.116375476308,3,5,2238.0693663604948,3,6.071205494394159,2252.8400637431037
3161.6138177583116,3,5,3177.809788767425,3,3.613769731858303,3618.635168809581
1876.967965379534,4,3,2223.570172186516,3,1.2396934439915517,2559.3141774395235
6844.052241283057,3,4,6585.277481460551,1,1.0338650729589207,9902.636982523562
4381.112335441915,3,4,4239.884148534785,2,0.8645482203391532,4382.262896225535
1704.74820481207,3,3,1627.809235705003,0,0.6177332426648295,2326.3162863724638
1382.3348368797579,3,5,1365.7443354042507,2,4.1515616343206,999.9818291446647
6842.428446532824,3,5,6717.464536639715,3,4.767807880241709,6510.713963460146
9278.3272307447,3,5,9299.277426736935,3,1.9687827245242593,13446.888880449595
1177.1016377772892,3,3,1107.3301919529097,0,1.2177148308424341,1128.6082240016424
11422.119042880262,4,2,12804.247433933915,4,0.9270874567057805,14966.148687169629
2527.3469749733395,4,2,2876.266681334992,4,0.41308800643220883,1688.41851008823
4459.184998760535,3,3,4312.433191404055,0,1.0035611777920712,5886.197185731988
3608.5044738670103,4,3,4203.543209403031,3,0.49230116324919315,3003.5703397458697
4266.251152703828,4,2,4841.117905210209,4,0.589486992560185,5509.022409738001
4083.114401011096,3,4,4018.8787298668217,1,0.4290998204562931,4848.212063654771
453.272470703691,3,2,429.4764966729639,0,0.12102268810534945,291.22811172409087
1147.870929944071,3,3,1100.4233628505015,0,0.4347245588643953,1439.9015500711553
5295.610819816897,3,5,5198.646446568077,1,2.672920334807982,6342.798119927678
1107.09004870669,3,3,1078.325485221205,0,0.21684812731822387,846.2778026487276
7179.677377772521,4,2,8229.851347453046,4,0.3164745916530009,9448.229821635772
2357.3797752938176,4,2,2674.0375373547718,4,3.906896405971313,2310.387564192585
3864.7445132747052,4,4,4664.889671721506,2,0.8280246787838327,3341.9439000164593
6423.700968300443,3,5,6419.949656362228,3,3.9352624176784925,5916.1937185251745
2270.8807898080304,3,3,2156.0553033617634,0,0.3713220715271579,1777.4650513158645
6765.0796719596365,4,2,7766.929442610087,4,1.1390796780099832,5808.93246968079
858.8543870580245,3,3,827.9698125725494,0,0.09217124549256615,667.22037273778
4987.659337607177,4,3,5938.390516798612,3,0.18575980551460103,5409.556211528786
3178.765355375904,3,4,3153.1029756209064,0,0.7981430820274321,3190.492423998036
3133.216452771836,3,4,3051.156791761379,1,1.294434158617626,4144.563288811678
2079.163867883685,3,4,2003.545338532429,1,1.6302197620812013,1805.5607931148422
6402.053484068422,4,2,7234.546303316241,4,1.1010637805797012,5874.116511559919
2872.7262640599924,3,4,2756.8123791959874,0,2.1195817632992657,1691.0018633534835
3567.071373768872,3,4,3435.8091356792597,3,2.131819928836026,4618.606513973723
4036.7240313644843,3,3,3916.8047252138304,0,1.6116555235413526,5431.7253821975055
1657.4156721395952,3,4,1616.1492252973248,3,2.335926480840548,1391.1442346584415
4828.4608911926925,3,5,4878.548619885637,4,9.40140980684996,4532.957456021983
1869.706168145375,3,3,1760.6562831476374,0,1.9192576139273678,1362.7760205661855
3012.67580130086,3,4,2998.3560023019377,0,3.0186463554922898,3474.8927440099037
8364.058896508594,4,2,9461.56581914694,4,1.1128329741971976,9593.682557067968
4673.363841123979,3,5,4688.0555931441795,1,2.3368198992864984,5635.254093320576
3153.34987572923,3,5,3084.0922574215583,2,0.7440263020492786,2522.557875585973
11217.152900471707,3,4,10845.698556191213,4,2.840274925398272,8875.090450780343
2564.2424222618747,3,5,2553.8056604292015,1,4.375635546806136,2392.1640132961406
1043.659918767482,2,5,821.2188962090642,0,4.79555295548298,728.6564621858697
4221.244931354991,3,5,4197.262024674775,2,0.3817876623790455,5157.64634509798
2314.416753103748,4,3,2690.656131185516,3,1.7491229487950977,1791.4667098657358
3705.5977887147874,4,2,4292.945832840961,3,0.0462405547763327,3767.913276256047
10794.08923750439,4,2,12505.386859085726,4,0.31349216679494846,13665.413901768148
4059.138112727756,4,4,4862.651419401435,3,1.755551492378229,5287.578582168352
4054.578604446966,4,2,4692.772811333152,4,2.8431934173555353,5298.387980355136
2848.5282205013286,3,3,2729.2061399041827,1,0.27133021904605376,2142.623416350449
1761.7582992870414,3,4,1687.5395113891427,3,3.186577334734727,1432.8113491344648
1942.7867416016145,4,3,2233.690891534319,1,0.4447992780394722,1650.9610751651282
2722.9009867247614,2,5,2136.6690298868302,0,4.247080204926323,2862.104054054785
2446.2244442320775,3,4,2421.765357838141,1,0.5301121619647995,2149.1478611542943
3518.096492015825,4,4,4264.703998867267,2,0.18705358046301288,4227.030926304652
512.5031109305929,4,2,593.6633953871413,1,0.6945652306379367,371.0203336615685
6924.478880727869,3,5,6896.085701011694,4,5.595957593003268,5471.350364880755
3689.989541067713,3,5,3697.672942850876,2,1.384482312771267,4633.969375826328
2096.433524522054,3,4,2081.9288356521893,1,1.6078434930358145,1722.7993449432342
7527.220303121259,4,3,8723.487560039217,4,2.930501206154447,10844.315347691823
2404.2265050673527,3,3,2291.76207922453,0,0.5126724221144955,2671.7876530562253
9986.763319608737,3,5,9775.778723787897,3,3.3760729884344847,13746.07114876725
4420.476485055136,4,2,4981.6337668267915,4,1.1605282963030497,4558.316723986135
2257.909792561963,3,5,2237.650458023998,3,5.279240327942328,2573.0024029979813
2416.9953676356704,3,3,2266.1127393592596,4,4.292320665151085,3169.707705722649
3594.405487331946,3,5,3615.317652125056,1,2.109808041191534,3477.9905611155295
5655.625286443121,3,4,5550.181681568415,2,0.04457598040603448,5381.085573299779
965.3536586802454,2,5,734.6878382836346,0,3.701843576456144,715.1859978062018
5392.972645644719,4,2,6232.682372101773,4,1.2541088541452714,6640.849749855668
6009.600574666305,4,3,7007.536073405434,3,1.9229706487295564,7402.893404738972
3351.8526119618996,2,6,2703.891094834466,0,7.174987315838117,4187.00258014874
4557.99857411062,4,3,5300.412334797653,4,2.9835167544870766,4428.439486166758
6236.227922214075,4,3,7258.081912241649,2,0.26090280941802846,6812.081072412821
1368.4435232546018,3,3,1296.0943819693498,0,0.8541828393680723,950.9432804068891
1916.6276442100745,3,4,1868.5445336118469,1,2.620426563480863,2277.5361239224094
1390.0148481579847,3,3,1334.432184658373,1,2.330193586992963,1259.5772394735775
2564.995245163804,3,4,2513.3337821024998,1,1.1844517031777675,1970.194259827465
4380.8991741629425,4,4,5176.500416981366,2,0.2180195773110618,3792.3001486709986
6458.361956650843,3,5,6480.79119765797,2,1.8090356205315616,8092.091105660826
2156.799834665379,3,4,2141.534060176862,3,2.8166329520521,2815.0116366573034
6598.645041141583,3,6,6609.5960153458855,2,3.2275840163944265,8149.894886571682
4489.363896174773,3,5,4524.659485026538,2,2.3958310678762142,5594.936628937538
2786.324652855344,3,4,2701.7172474567847,1,1.0878708803227781,3797.4536805173134
7821.362211878443,4,2,8981.847398203494,4,0.6364793916615628,10402.93192624042
4306.57274239274,3,5,4314.046087029403,2,1.8736368410672304,6120.283736098205
2292.894181307035,3,3,2152.038183017299,0,0.6175256817837945,2381.6848952528676
3433.0009300998395,3,4,3306.4069988272113,0,0.5938282124628314,3622.814135239515
2706.0731819811836,3,3,2593.122430643589,1,1.3265933948271718,3444.3684366087477
3462.8802094358275,3,4,3386.435190124035,1,1.4803937002400376,4113.169294831782
3019.75377835608,3,4,3002.6579786542156,2,0.6051746408455142,3699.3194205776404
4119.0576406211085,3,6,4231.207763360262,3,5.871766831813472,4965.918462128769
4084.314462801083,3,4,3974.100466855386,1,0.07676075927274768,5276.0750455321
4999.834354209726,4,3,5774.32450638578,3,1.6126351204622253,4924.923182647344
2028.7041327437703,3,6,2076.558476815847,2,4.719974395123269,1500.9666911940035
2948.5576710756463,3,3,2779.51374008625,0,0.4807806091578861,3498.929623150244
2656.098683177929,3,4,2554.2626734617697,1,2.03951854575122,3270.5991204054117
5992.484655629432,3,5,6025.103578744296,3,1.3621277417599782,7135.46125254212
4084.836382169283,3,3,3880.446249596273,0,0.018323881651928584,5636.448595157112
4143.558383526642,4,3,4802.841364725763,3,0.29929315339660373,4369.609749052254
1917.8963472046971,3,4,1839.610805162109,0,0.7558522227875019,1390.4952458161229
12031.971004065692,4,2,13850.990133157027,4,2.049073807018502,17288.96092085578
3364.226643886396,4,4,3998.149413233293,2,1.1409147056496203,3916.3983794360875
2941.638968074417,2,7,2409.3116672781866,2,7.0491927736154345,1882.3937049434912
4535.919398587311,3,4,4421.250293370615,3,1.1836069485721725,4771.93443446003
1192.0705861232157,3,2,1096.401373937461,0,0.3408184871157007,1239.8002753281814
3906.278241087894,2,7,3119.9871680696638,2,8.118101997776515,4069.3758483503366
2231.152038130617,4,3,2593.3977445245437,2,0.5671408146579175,2818.902895988756
12325.547665223221,4,4,14660.787214115633,3,0.03541208621364422,16697.380476572012
2374.961807212325,3,5,2352.4512422209796,1,2.1176070095643986,2501.4839078127557
888.0556160507961,3,3,850.7441449739734,0,3.0418792047372474,679.9871106449183
3906.3891112566434,3,6,4034.5941210540077,2,2.587658367117789,4067.8439101935564
7128.762567682572,3,5,7116.490188346021,2,0.5254837553154555,9710.131151826321
4186.938995615485,2,7,3324.469302651127,1,6.9954259311063804,5815.721749072563
1713.8196946911903,3,5,1676.3371036165302,2,2.8546807371651304,1329.1032263888405
4854.534445461319,4,2,5459.633539233842,4,1.1510396542305035,6122.075277915793
3696.9366427834166,3,4,3633.7410794418506,0,2.2823753277023733,3771.2679316336776
3594.3975644040233,4,2,4135.66233610277,4,1.2779530065446982,3389.0195756398193
2034.0398436726427,3,3,1941.333117580403,1,0.33191569557436107,1435.8590293168709
6393.559784668025,4,3,7419.219654725084,3,0.39471596902933165,7601.696305334603
6544.074737640274,4,4,7830.446249802771,3,1.0361550507220036,8880.648679815034
6915.381927005295,4,2,7793.740243680234,4,0.6944999218519675,5779.137243596469
913.7056681165946,3,2,860.540370854457,0,0.49743700206349845,1147.0482515226897
2168.4074013851355,4,1,2379.5745556627476,4,1.9900304998414757,2328.6205409968775
875.0270890658087,3,3,824.7015085551423,1,1.5133269798556572,652.436780964367
8291.316237058394,2,5,6385.3814971102265,0,3.671259295298134,11267.574489019074
4458.180228749086,4,3,5265.633893573903,3,2.183598931551661,6186.045617567379
13085.196882904733,4,2,15022.47542064033,4,0.11843275024621626,15132.56221845819
5951.386577640618,3,3,5762.597179394398,0,0.18266443142063923,5747.990137828413
5296.729274765318,3,4,5140.743591583767,2,0.19233884541978044,5209.8171500353765
3788.2002262913793,3,5,3796.2191114160946,2,2.3831494207304553,3729.449134549654
3378.763930214239,3,3,3224.2884620515433,0,0.6948725693969049,4485.0636765883
3206.0533531393103,4,2,3724.3788218388563,4,0.6868592869779753,2633.166841204734
2440.075466188092,3,5,2458.9799475224077,2,2.9317827385910245,1910.7097991154096
5422.569937715712,3,5,5450.944855874041,3,2.9722105851545857,4280.465379921854
2315.934273157706,4,4,2782.502760888072,2,1.51878032064315,1781.434492883782
3793.8666453448286,3,5,3780.6768946058323,2,0.19876074543197816,3970.9291735421098
435.68771155401237,3,2,399.7183338135767,0,0.6967551888347361,317.65504914031374
2128.8306285083504,3,3,2019.0476905976202,0,0.15453908457976867,2816.4596204602417
5293.404146596855,4,3,6077.187342762618,3,0.2175874990085342,4783.260791010189
2692.4967486780915,4,3,3094.622214096491,3,0.6191944559184573,2395.208541099184
5430.854005939098,4,1,6177.015006610688,4,0.21372389630668914,4911.006226829377
5225.2539311891005,3,6,5237.262157788176,1,4.5430410226399625,7275.9182976458615
3003.1082270877682,4,4,3559.2933131734303,2,1.0167372324830015,2084.5626250506725
1230.032750757848,4,2,1427.2440622918189,3,0.3543117167459563,932.0922438024364
4994.853425222533,3,6,5157.0244124794735,2,3.204773751162219,6009.669287165017
3129.4290625192925,3,6,3194.0876144845324,2,3.891402019132174,2654.597557291928
4206.743221701457,4,3,4816.489411350015,4,3.4513626576216185,3509.94478653016
4478.4147217037535,3,3,4256.272358560789,0,0.34253001650174897,4804.608035085695
3768.64924803457,3,5,3832.6678466344624,1,4.582161093799827,5136.352024052563
4360.2342880522565,3,4,4281.407825738036,0,2.0669011925984075,6236.591523030301
5920.514417909139,3,4,5831.253892421794,0,1.5638033721582218,7708.980446060665
1006.7950832342949,3,3,966.9447263180352,0,0.6964933077088528,897.9978143106803
1560.6346621090697,3,5,1543.899297625731,1,4.193692159164336,1813.26256937898
3437.2871607663924,2,5,2641.1133806409002,0,2.9502032864822256,2729.573286874017
2541.419976903995,4,4,3056.7650994708474,3,2.510035420353569,1880.6520435699406
6723.749738018128,4,3,7821.022699814014,4,2.4110945773650974,5649.078593557478
4808.1536035008285,4,2,5518.961522827895,4,0.3159690135889983,3932.0934625010505
8969.81320488934,3,5,9073.86463573483,3,2.1683410694104874,11593.855457997151
9248.144507045854,3,5,9076.872170113493,1,0.08994265833325,12710.725393132252
3398.422877573754,3,4,3297.068643895746,1,1.1595665393227244,3432.2557162642743
3378.5773025841913,4,2,3877.716548739054,4,0.44776343135007846,2403.838984876595
3039.9525064670656,3,4,2991.031429825291,2,2.295536992411768,4221.728446749361
7567.103943906468,3,5,7411.698437782047,3,5.321796227374363,8178.9421400871615
3652.2258064642415,3,3,3494.802713292969,0,1.7321864631900497,3453.567332430431
7162.129813584893,3,5,7140.664795868066,2,1.6797808918315245,8117.902365164113
5225.717674897289,4,3,6025.823873406753,3,0.6016948428833947,7190.388716181019
9226.073642875275,3,6,9455.229333334217,2,2.7902969923445786,11213.299129755085
2037.7637555288857,3,5,2071.7621057525166,3,4.738357671636792,1676.3173589803725
12539.743605521388,4,3,14529.627340265584,4,0.15117218217153489,13335.311445929754
2818.812835570363,3,5,2837.517686624179,1,2.7009077254502185,2829.8130405139327
6318.986186108266,4,2,7320.290450614044,4,1.8269018258605656,7266.635523195227
1409.5324152647183,3,4,1383.6574618066895,1,2.2141984839590814,1225.637700665773
912.582606865697,3,4,896.381826648152,1,1.6959561832004677,749.19721341728
11314.553266725314,4,4,13262.015125491696,3,0.017599003421461257,14044.937087166047
1715.6505320788235,3,3,1630.3443997385882,0,1.079496468087296,1829.154834115671
4172.848133315677,3,4,4044.9229812897065,2,0.9575915462528984,3368.626276634622
8654.874032980482,3,4,8469.0575324158,4,3.679068663352625,12036.725043202716
2448.2862243363197,3,3,2385.515553714084,1,1.1061519313783086,1890.7276991662143
2416.870165524133,3,4,2327.988551339162,0,0.7801226183881317,1979.3572730445264
1203.2685678545704,3,4,1187.766593440243,1,3.6790786750655156,1094.0791561940132
2775.3668179094634,4,3,3266.0031505579823,2,0.33563125357301404,2482.3859007740225
4541.27288802,4,4,5407.900283541439,2,0.9851289990365993,6276.414012522396
1609.2351848729443,3,3,1542.5028283949493,0,1.0803663479525747,2000.0138197131066
4857.270070111974,3,4,4762.5298252310495,1,0.7660065148246402,5479.690543766572
2547.1642331195358,3,3,2437.6544477010175,0,0.5540196458889504,2328.3379535284594
5571.471799676383,3,3,5400.4353413845265,0,0.7276888860669382,7152.617479755993
2428.8142774822436,3,4,2407.856080716963,1,1.639433024993237,2395.717763572817
2480.742162011794,3,4,2391.094344048035,1,1.5160990397228247,2354.1391023159767
3993.676587318245,3,5,4013.7736810922065,2,0.12482720930835735,3374.9684992818543
3612.9197703001064,4,3,4168.268399530435,3,0.4862070200508772,4653.054050861083
6685.291955387178,3,5,6699.879785963521,4,6.21457231428336,7671.727786483159
2626.128227547306,3,4,2518.949715678691,1,1.8252319516980573,1762.2514016565112
3922.379670846143,2,6,3074.850011748422,0,7.148194370461526,4178.4204464218465
8561.1291378517,4,3,10179.44383316937,3,1.4874815038658136,11313.275685723893
3537.9633792022814,3,4,3459.15801203837,0,2.0172822605726455,2989.922146620711
4024.798471619215,4,3,4766.574647835562,4,4.560635830143006,3064.728696154554
3712.621179741006,3,4,3658.2699060360032,1,2.0465046927381327,3393.2938343883607
6625.776705502893,4,4,7863.28388378884,3,0.9829622877882839,5413.3643400812825
2976.164224114301,3,4,2943.060997260413,1,2.7490177838131964,2611.5316273039316
5896.553138521913,4,4,7029.030716381717,3,2.515237398864436,7221.898434739786
2138.5033151794983,3,3,2069.9674531511087,0,0.028765246625154492,1989.7122827704807
3447.6010524432854,3,3,3349.704292839543,0,0.7469118288754181,4634.561097087913
4149.317778920545,3,4,3979.7128053893757,1,0.3846740286401282,4010.2409580213243
8100.926972846864,3,5,8195.442695310348,3,3.572710926442207,9412.745673309075
962.1908172417786,3,4,931.5733668931413,0,4.516826596383887,668.2610737255613
4857.406821088596,2,7,3860.688798272333,0,7.550724754978469,5325.558621267834
5118.585821063029,4,3,5889.941342581464,4,3.8496363007766137,7166.512813678642
4415.721447076102,4,4,5165.75644104793,2,0.7198406318505048,3121.9099764711646
1458.4344114232254,3,3,1371.7001848124949,0,0.686802826738598,1220.4024905774877
9733.480090230734,4,2,11319.567881948651,4,1.174781410017261,10237.759389672658
2735.2979898876392,3,4,2663.2622249943365,1,3.734072888785136,2863.447284007333
4861.409461944339,4,2,5530.387916799857,4,0.7757904868656483,6300.240527699523
1124.552602215405,3,3,1067.7195111961976,0,0.07699901664970221,1104.6937159199933
2564.186410424405,3,4,2472.674313092525,1,2.333805740948895,1762.8103880748952
1600.2581274476274,3,3,1516.6106657175837,0,2.2100428907510095,2181.3050065794127
5649.901303967595,4,3,6475.680029974687,3,0.2850022969571223,5856.035012033652
1760.5259555998819,3,3,1658.989711029801,0,1.9842808400616394,1592.5017888998505
1890.3399257267508,4,2,2131.6212380921434,4,3.774463760942625,1430.7272964303709
3511.307675810129,3,4,3415.7380368485105,2,0.9931506377938529,4661.298022032213
4121.001864657695,3,5,4096.256041833429,1,4.828305788314271,5300.963741350994
3655.5169271563514,4,3,4190.547475894286,3,0.8826263637172574,3338.730121630162
1796.7771931162772,3,3,1748.033150259754,0,0.41283219449576597,1294.0152010147413
5104.000268055246,3,6,5248.027781871907,3,6.134574215420294,4436.606690090547
2516.4523063352967,2,8,2069.637414515736,2,8.31930571424689,2335.7991704401447
1233.618892315441,3,4,1183.7183327292373,1,2.5494676582634264,1170.6224528968296
5622.117669535865,3,5,5719.421763882946,2,1.6796766245746213,4793.488825185459
1201.0821765996197,3,4,1156.739214819765,0,4.245287741698616,1106.3862322889963
1361.7984124892512,4,1,1536.6883638391384,4,0.28192551956973877,1045.1353484858278
2229.2245520418887,4,3,2562.3929712042313,3,1.2993406959113862,1937.6695574542841
2287.050376567736,3,4,2224.388497389838,0,3.2070891772608174,2158.8683875895695
2822.1595056160936,2,6,2272.935781687876,1,5.245347257535351,3662.3747031020657
4676.543219798896,3,4,4548.38853348576,1,2.051051810958463,5866.611708636429
6658.043722625609,3,6,6677.2770268696395,2,2.2293822950412787,5893.231808155583
3209.259492898925,3,3,3093.132212660509,0,1.2369043868196576,2742.587777188939
3399.5468926040276,3,4,3256.9303288799356,0,1.4225258731614019,2381.037261774598
11609.662471045369,4,3,13748.855432985689,4,2.044579859455484,14892.385188133267
1301.2526767045867,4,2,1467.2650885581913,3,0.1739822369207137,1349.4465623234992
6217.541590450187,4,2,7028.376681572199,4,2.0903321492731743,6431.411939366299
3409.754707677572,3,3,3316.1153264734867,1,0.6108139841038501,2662.9557863241203
1555.2561548285373,4,3,1835.0605099709942,2,0.024199574450773784,1579.3304563311
3499.0696022767515,4,2,3940.0917557437583,4,0.33195246536349526,2580.364776329323
6844.832514452328,4,3,7872.356648557697,4,3.2624943004736764,7104.982662635775
3487.140524593798,3,4,3471.886222286964,2,0.906819607432549,2698.5846887520606
3431.527606379947,3,5,3428.2177197531473,2,1.7234794766981605,3565.6793283276006
3988.4656969989337,4,3,4570.98165763746,3,0.3340216403200924,4514.864204453962
2204.483275186256,3,3,2086.7168493351032,1,1.0125023944967426,1962.773981123395
4435.832968792218,2,6,3459.3713010158344,0,5.5396184749384805,4675.966063612021
5460.341933801013,4,2,6255.748717105428,4,1.3886833219913604,6488.967541847775
3599.1478911219633,3,4,3563.384756552134,3,2.356255680961158,4109.3599419166685
2580.4810096504557,4,2,2922.2098907230975,3,0.250776194448456,3593.2868644210184
2979.70406635393,4,2,3455.592032626957,4,0.7011593600629465,1976.7291001156725
3042.4970924248023,3,5,3092.774050530495,2,2.1982528663591427,2481.8828642928975
2390.772069989001,3,4,2309.6484766913686,0,2.6032407720164508,2303.7365399791183
5812.145017468541,3,4,5580.906459884828,4,3.8946235278622847,5148.7728084853325
3539.173594121441,4,4,4283.424962304727,2,1.1502209118698088,4719.693892644821
2801.264069275282,4,3,3295.7623810069877,3,0.6356061302997763,2038.2304966315874
2643.121405542561,2,7,2139.4765076640515,0,7.44781985748604,2781.3090661399788
3055.681039966956,4,3,3505.5585875192673,3,0.3002131769639432,2333.305712129914
2907.1264093194513,3,4,2865.4984702104143,2,0.6759905852649322,3149.7422076633306
2281.472166210733,4,4,2753.551287662524,3,2.050426155578851,1639.926164011421
2238.523332482295,3,5,2259.617142708495,3,4.796603270651197,1808.723935962094
6926.516916821341,3,5,6933.023263977567,2,0.620063505316211,8131.440111641847
5915.650885379448,4,2,6642.086775070553,4,0.8690663122634448,6677.910098104474
2564.519404083803,3,3,2484.138648543827,0,0.9381712980029214,3572.4176719958355
2194.6550495201527,3,4,2104.311558606458,0,2.371382965359663,3041.411417957188
1675.9228934991072,3,3,1578.5984522940819,0,0.38315672123425054,1685.4979577725178
4543.055936308392,4,2,5225.883424770645,4,1.33599219950099,5137.841794400847
3696.6088154949543,4,4,4381.469315895218,2,1.4826815116994134,4538.271677952185
2682.838270561677,2,5,2115.6406611244324,0,5.047788889614503,3329.836205340421
4908.131825381923,3,5,4834.469805543172,1,2.7162089212611535,4469.208853065772
1278.8435919517995,3,3,1222.0660907435024,0,1.9008825141303858,1177.4601992023208
2229.946274801647,3,5,2250.9300032152464,1,4.0879071982464374,1872.5813202699674
4498.372189854239,3,3,4352.306675333233,0,0.036265787630278774,6008.996950179549
2851.8551807390913,4,4,3398.0545096886844,2,0.4783220600934078,2479.70843603762
2366.0872553000927,3,3,2265.8259577222607,0,0.3858779794824423,3097.465488498187
1740.8858360852562,3,3,1682.3802479560366,1,0.2581815013957576,2155.0071337287154
1876.565527035562,3,4,1820.932807546972,1,1.702749339266017,1070.445489127604
4416.4489811851345,4,4,5301.85466535085,2,0.37083512063283225,5581.141932232388
1403.4509051413606,3,4,1376.693795549782,1,0.9649320008312384,1287.4276366797274
1534.0720029210584,3,4,1476.8193086490555,1,1.2709677781406041,1278.6963173387664
1852.855634792605,3,3,1803.9314142344037,0,0.7100791122401449,1785.1177507258055
1782.695218602416,4,3,2063.30239218062,2,0.15990944734594736,1370.4239771699372
4129.795080430157,3,6,4259.413454856714,2,4.839523675216293,3170.1323986124366
2632.9874829213277,3,4,2577.022875861497,1,3.3037930298750107,2133.0947932575436
1263.052824442309,3,3,1196.5315430210014,1,1.5735933384473642,1715.4169487149527
8190.093055143551,4,4,9862.00775933338,3,0.9721657568067418,9842.980148969533
2485.673233933414,4,4,3023.0296636992325,2,0.07991006457668907,2403.509204265122
4661.978175130319,3,5,4703.127016130303,2,3.107902455737549,4989.826429539954
4078.2153851359544,4,2,4727.7773802170595,4,1.661768420557837,4038.8157780745464
2199.19445548018,3,4,2130.0754853401113,1,0.9197287070860343,1651.9818852269013
2749.651757990685,2,6,2211.0031966225565,0,6.695327323909551,2342.3754251330593
2664.534873953409,3,4,2606.654668516159,1,0.10012079009315854,3357.3592225629804
6358.42839023832,3,4,6123.341298836987,0,1.1715630593482533,6797.908084992009
6171.056980707524,4,3,7327.97289091852,3,0.5042513211742463,5104.830298028413
2484.0865189801116,3,5,2474.762345630434,2,1.5940035774216987,1761.9230550078105
3094.3603030449817,3,3,3006.6136229005374,0,0.58578803600408,3594.451561791135
4317.225126046641,3,5,4292.713936418688,2,3.316561864652763,3206.2096460787297
7240.2155957744435,3,5,7263.685741517384,1,3.8934380623290026,8768.800316787061
761.00143551963,3,3,739.3655565903734,1,1.3378166416203685,627.5421068999714
4670.090038111408,3,5,4677.447921504152,2,1.9992629347820812,6230.7880198252915
1077.648317946161,3,5,1085.222701632416,1,5.573152490468194,810.549485733586
2522.6999748271246,4,3,2966.1345068456976,3,0.25872364886886695,2104.479033166077
1882.9911707153008,2,7,1517.3547462430022,1,7.341671571576611,1673.2317287158971
1234.2612888068236,3,3,1187.2359234139642,0,1.8933056117481175,1607.2846895075234
3452.3470323743627,3,4,3366.2341658300597,4,5.011280959683971,4074.8504523434403
1630.8348859324972,2,6,1284.9589252679884,1,5.419643827835078,1372.414355901335
3605.38222431344,3,4,3474.830464929249,1,1.1602412698128084,3379.388316213439
2328.2602674145182,3,4,2260.8227289207584,0,2.4921906645418006,1995.8696940468103
3676.3922856843774,3,6,3788.885468161447,2,4.556670131635825,4503.126904404827
2168.622359477228,3,3,2081.6500027900292,0,0.30292670267960253,1769.1830577056478
1901.733766694688,3,3,1807.8634427225886,0,1.8371280641371848,1951.5734733054792
2192.7600848102247,4,3,2607.273371039625,3,0.15592168146490556,1704.0617085569713
5094.776278258879,4,3,5907.006956284715,3,1.4012399282510137,4235.1229013760385
4554.599255131015,4,2,5100.052305676308,4,2.2600223650530276,4606.945395872308
2978.153471838051,2,6,2358.426184780949,1,6.878599068982913,2977.641715458284
5506.057933055307,3,4,5395.181755796749,2,0.8234903641310025,6084.409354130376
9337.293621049228,4,2,10468.18961359652,4,0.8553571929495173,11623.351405780817
4987.9866962289025,3,5,5005.035221422258,1,2.384557449926106,6381.976993548486
2519.537572785362,4,3,2943.7843667787065,2,0.7437039129592224,2419.382237800919
8785.412792682397,4,4,10630.836382149258,3,0.06326983017769079,10310.188981561021
9632.033993776442,4,2,11134.550995809777,4,0.2044264383594591,12681.27079049107
2063.3963042069304,3,5,2090.4117603841732,2,1.9637908047662922,1778.739098053249
1714.9048099613296,3,3,1642.7233766825052,0,1.4667208490991017,1467.3407507171494
2846.99413729705,4,4,3433.4027798649618,2,2.1860743671301814,2880.1532622876634
19631.524251850577,3,5,19904.836266596354,3,1.74442336251999,27140.422237847055
4922.902471011456,4,2,5734.486933082548,4,0.10914736024407193,5278.360774925014
3152.312927033802,3,3,3040.4232989041116,0,1.2581322879921009,2572.8036215486695
4115.798582438156,4,2,4764.940888226371,4,2.1872591738904394,5482.8907970120235
1617.3679159124647,3,3,1529.4390960889802,0,0.3148383874906584,1400.151941250299
3604.486808741554,3,3,3382.3232750626357,0,0.0029746389007053496,4397.496890064738
3408.472568191801,2,5,2659.4781561550944,0,3.855531931866291,3568.613892461899
919.9758864739481,3,3,876.0535379939931,1,1.5436540758970156,625.5879226316339
2630.295494374195,3,4,2611.3638960748613,0,1.8944010685428487,3456.708465332603
2773.428416774588,3,5,2721.033390079366,2,1.5619370076785917,2164.2004988131507
3878.0752563358683,4,3,4581.439614355425,3,0.8035864294683553,3032.8330203122227
5253.078898340633,4,2,6005.747147359144,4,0.11053932267910944,5628.718243470239
2433.9656641064653,3,4,2410.9984753369213,0,3.236816416659335,2401.2652281604314
6184.801213799651,3,5,6176.735761265648,2,2.1153526080861433,5620.880452701085
8600.525000887092,4,2,9791.251222146526,4,0.45606715506697926,9347.453390308678
2403.126469416288,4,3,2803.753115804309,1,0.035529567693808196,3223.6004419466126
3462.172425414687,3,5,3480.5355699386673,2,1.7055659284383946,4930.3830382865235
10453.498312228076,3,5,10381.171761973897,2,1.3732549964253755,14210.330308230483
4442.104048402848,3,5,4442.69442639215,1,3.5815901148421188,5461.963041478676
3106.9680091380524,3,4,3078.585766718578,1,0.4916602818092177,3174.1749403063914
2621.4002427161163,3,4,2577.5178351068384,1,1.1987931565714771,2147.4719497309875
2746.035403858901,4,4,3248.948455675478,3,2.8057298005849782,2869.526965970686
3553.0233593040334,3,5,3477.9172022085077,2,0.7724458794619394,3466.579967614258
2756.2697689717265,3,5,2739.993146069009,2,1.5567081093255721,2532.6373772703664
8893.689082877323,4,2,10140.886339123768,4,2.2700333160151405,10409.104027108478
2657.0350064876475,4,3,3082.0380389586308,3,2.054985792982154,2840.8278073108913
4090.7706918744902,2,7,3319.994478275795,1,8.629261607791538,5372.667259990815
2294.5264638326607,3,5,2286.1117993710322,1,4.0321661434889515,2754.9206975342654
5832.051288833364,4,3,6726.119592526771,4,1.2719115303789197,5208.573107453996
2256.3128394483842,4,3,2600.5863514430685,2,0.1757251841958513,1707.980340258258
5703.468821856116,4,3,6655.204078705913,4,1.7490620916399324,6966.853072637646
2276.7620269986323,3,5,2252.3042841895967,1,2.9519098555143874,2033.1347195358048
8554.647193052433,4,3,10148.429903062872,4,2.3866539960351782,8199.975535228949
3791.9478085312994,3,5,3828.0988024942517,2,0.19485426518806567,5283.77219730811
8844.887491241969,4,4,10604.075871971098,3,1.6440514300014044,9057.678386904634
5969.972087588538,4,2,6892.2407941083065,4,0.2918871671593966,7202.750533063603
4599.421372672466,4,2,5217.260198605039,4,1.2417036272542974,6168.0196163791625
4650.192580059649,4,4,5660.97347219153,2,0.1910664657365886,3924.937152879491
5303.935996114944,3,4,5082.2140454986165,3,0.9032041492145779,3433.164589691495
9767.05443432016,4,4,11687.663297387131,3,1.6343077738607643,12478.23733486927
8502.562806563641,3,6,8795.145088066361,3,4.736763713999235,12036.276699308915
3987.1653015646652,4,3,4605.290521829993,3,0.44928201047572147,4047.0483911771285
2918.0669944026395,3,4,2851.80483078157,1,2.2373816043927954,2537.1570474218747
937.7528474555986,3,4,921.0287334632022,2,2.94930252537454,796.5774906538346
5084.382344681816,4,3,5903.806770702497,4,2.523275387554427,5859.813377009093
5275.367150032084,2,6,4152.0926035576595,1,3.7779924882938665,7248.586699049731
3779.4489177720534,3,5,3783.871750535565,3,4.40345915449309,3398.326885315306
1732.8138715758666,4,2,1939.6645653968014,1,0.1064390141178617,2317.153936642932
3899.582008403477,3,5,3869.758750315294,2,1.5711337059822668,4981.395512598547
2995.62163277689,4,2,3429.100642045129,4,1.054016015138995,2405.0066562903467
1816.2079135289282,3,4,1799.8077228333684,1,1.0046870497151574,2544.563146756662
5244.099070844233,3,5,5145.247890986221,1,2.841136874393788,5377.5579747865595
5471.228256027541,4,3,6340.104433328883,3,0.4497741907958587,7413.1216551775715
3142.8017456368016,3,4,3065.7508899080444,3,2.925882678586269,2495.4461679333413
2830.2411120482116,3,4,2809.254344973746,1,0.17504682315823164,2967.4091669245727
5468.974656151975,3,5,5474.446282520599,2,2.1915257470920517,6635.886332001056
2044.650223619552,3,4,1986.0468624908951,0,2.6918930381799373,1864.9940220576257
2916.7858635555117,3,5,2918.456354652886,2,1.5353058918841946,2349.6929843836842
2896.802280670331,3,6,2996.2024547166584,2,4.777333600349947,2307.8407110063104
8569.178603012642,4,4,10323.320841758386,3,1.1490708947163795,8256.233877714212
3563.580615371923,3,3,3455.757987439913,0,0.31600896562987096,4665.260225338025
9093.975010407345,4,4,10840.139164961936,3,0.26202756766542096,10697.762734638389
6478.525128735842,4,2,7346.943670497819,4,0.4076239409350705,8829.358621654119
4464.621811750674,4,4,5400.8025275772725,3,1.4759807641266918,4228.6022032192695
4681.716259330635,3,4,4578.23999199721,1,0.24816968339667408,5810.438181106097
1199.2819405928303,3,3,1164.5489913011577,0,0.11080467347927761,1036.840128647329
5802.3636207155705,3,5,5845.210056393342,2,1.821290672227449,5510.912354541811
3305.4360512285148,4,2,3824.1989066499455,4,0.6576516508653957,3405.7875039192677
5867.607114556253,3,5,5814.974217449421,2,2.012820522484107,7793.059779078536
2935.9668361814074,4,2,3300.040381255887,4,2.237977349794868,2705.78408488232
3176.8757404787225,3,4,3085.756558729449,1,0.5707160706013434,2627.816937997925
2696.5733696989714,4,3,3200.7174938696976,3,1.8920946007969823,3219.337841563071
6060.083317122518,3,5,6165.344252835913,2,2.023503847937787,7328.136760640501
2438.255038400753,4,4,2906.177081016391,2,0.8429887252817939,1680.678719549629
3868.2427560776955,2,7,3122.3640931542577,1,6.395339758284761,5381.090317457207
1211.646989260833,3,3,1135.3728832095935,0,1.2758421723656523,858.776657153493
4472.700887265275,4,2,5092.049745233232,4,0.23465364386459958,3376.6769046570153
13281.38962235046,4,2,15164.507942559163,4,1.244647303621273,16678.692837134695
5109.526005528705,4,2,5853.259996121532,4,0.3850612373698817,5869.830419823202
3184.3986104088667,3,4,3156.524563514304,1,0.6019718074396201,3286.4948377314918
2162.976069699114,3,3,2051.2456793535994,0,1.9099779799619134,2279.059883827487
7763.2757242375055,3,5,7689.02012593813,1,2.1183470384717595,10401.452021122404
5835.663064005244,4,3,6759.207432305904,3,0.7157786167055648,4871.557510234992
4094.173435880964,3,6,4163.52478549817,3,6.0749418981271655,4880.270665875226
2149.651297967935,3,3,2058.5363380574595,0,0.3391399573992749,1719.9438161194958
3594.4103076050505,3,5,3524.5228331846215,1,2.6254551874541026,3633.860307205366
4807.317879978065,3,5,4822.146325573117,2,1.0201058046877751,4242.324907676773
1530.8925327803881,3,4,1500.1498609360472,0,3.2440915071087586,1245.4726377100724
4719.427496306736,4,2,5379.59968266951,4,0.8411867727325139,3458.042725902863
2103.34344810799,3,3,2017.5273245493934,0,0.28401746291117536,2306.695360948539
2096.1193589852833,4,1,2364.893500904155,4,0.132044891595708,1989.0792807846797
6187.813829199603,3,5,6252.363637484974,2,1.4429862458048084,5433.739171087644
3087.5970063550985,4,4,3655.8695991698587,3,1.655252193846899,3115.872764843534
2541.542198102284,3,3,2459.305263569652,1,0.13513455537221783,2180.318048950704
1869.5395284488222,3,4,1853.63379565839,1,1.7487013235232982,1589.8114449784607
3745.291478701998,3,5,3691.160309404969,2,1.5127530302743035,4411.125084498248
5476.102715042326,3,4,5260.576096761489,1,0.379559727494693,7692.195976184903
1507.4869839728879,4,1,1689.6674974843565,4,0.35146249795622647,1333.1667007387005
3607.2304060682263,3,5,3625.3695642544585,2,1.7728156574408682,3923.4975485061645
3381.7647005157082,3,3,3170.7420198049026,0,0.5267559623513856,3649.866300924748
4431.469432143082,3,5,4408.05714070498,1,3.7422306055214194,5650.481552025211
4266.458354342921,4,2,4925.043077348102,4,0.25509137545885696,5520.735158644015
7205.615137169223,3,6,7350.080555651777,2,3.0907218259779503,7443.731274708433
1260.584934541631,3,4,1244.7017993918091,2,1.8042227218152744,889.5140052023492
5852.851789064627,3,5,5726.495015228348,3,3.6501652238436315,7379.151299736193
7196.811559576559,3,4,7048.451408213567,4,4.189992229246321,7456.787008916729
2978.8244048626284,3,5,3004.045110283132,1,1.5049516223143906,1974.2236691570438
2803.259563865791,3,3,2687.493832005497,0,0.1318361494230161,3811.2235173613844
2559.291318215586,3,5,2600.674672944545,1,2.9419830918400693,1890.758334058497
2318.3366182570144,4,4,2748.6962549415443,2,1.0528313146487722,2026.132863213286
4708.445007459472,3,7,4822.001158337454,2,7.439883938961163,6333.3388582360385
1498.11495719892,3,3,1443.7824295176579,0,1.1733827889301895,1099.3140921877605
5033.079211131431,3,4,4955.209214775197,4,3.1164625242719417,4073.6733798827063
4532.246837218103,2,5,3475.527115419191,0,3.2780574885691918,5414.478776276282
5610.568886984565,4,4,6631.402620257929,3,1.7100577178397198,5376.987422444297
2331.7823127199636,3,3,2186.281516482484,0,0.6520814565139986,3179.20977492561
5465.970954312046,4,2,6118.742135142271,4,2.1138172537000512,7164.631166527607
3133.5472863834093,3,6,3206.365075729442,2,5.291446297709245,3490.1157478417613
5776.043646524212,4,3,6633.795744784325,3,0.19661883952778428,4808.13199043767
4511.595325201639,4,3,5194.820359315741,3,0.30783635986957164,4994.2801940366135
3873.579577219721,4,3,4483.840867338678,3,0.4647073483102946,3145.3934953790977
6497.967067290021,4,2,7530.512876953631,4,0.2626389476754026,9355.451992699336
4691.132717866743,3,5,4723.692135138495,2,1.3299775384178956,4896.627748857431
2065.6486821714657,3,5,2092.9243101386414,3,5.272334370886903,1644.3484637903523
973.4819337659707,4,3,1127.3786942614533,2,0.28732373336057176,783.7761167374698
1451.6503164076023,3,4,1408.237457144158,1,1.0676045306015576,1504.1619717211886
1642.2539763457619,3,4,1614.4108406775065,1,1.4837793888627504,1362.6787092485479
4038.252184914073,3,4,3887.023798542858,1,0.04050284075781432,5546.1081037596305
2679.332690631378,2,7,2174.8383716461335,1,7.796165470170485,3136.923948900754
9140.816007177424,4,3,10494.522136439477,4,1.7056888683281666,11783.717745262933
9234.652923803926,3,4,8990.82577697691,4,3.847016223866508,10658.451963958938
5540.481622192236,3,5,5534.490258573184,3,3.583556166036938,6312.86649049605
5734.85317496587,4,3,6697.856613172624,4,3.2651239843552515,4020.507950034617
4889.080687759186,4,2,5591.295310398355,4,0.596988896119344,4211.382254612187
3877.8542958551516,3,5,3811.6971655665197,2,1.4313583947323198,5079.183381833432
4317.758667782415,3,5,4288.255407678071,2,1.5358255137220715,3938.9560688188644
2988.0577891444045,2,6,2362.525761488912,0,6.267136713808861,4032.230002705746
2665.0705315959094,3,3,2594.9569500172406,0,0.6593375078469151,3166.9212044648893
5618.580545946291,3,5,5683.876758328305,2,1.0280897745699398,6512.428285701598
4302.560135023767,3,6,4444.124140429657,1,4.779578003875219,5608.153151410091
5642.257921846335,3,4,5527.738762370091,1,1.0170028520021959,6761.690260495099
4562.688194275241,4,1,5138.443372674503,4,0.13236917382346317,3914.5178872625834
4196.149980403431,4,2,4795.914785450308,4,0.9288278503659428,4203.195033665772
1477.975375215415,3,3,1423.285386113169,0,1.5837168492284268,1897.7602036254716
2758.327584775772,3,4,2678.853470094605,1,1.3932566064039726,2814.065264297655
3328.3283230427387,3,4,3235.401982655051,3,2.498463639284371,2500.9326931799296
1555.2053040883995,3,4,1534.6918654748074,0,3.8059433479491704,1071.1818050451227
2130.860024269209,3,3,2007.9477956021901,0,0.14370230149612964,2874.342588734392
3479.4750844485397,4,2,3914.4852903019914,4,0.5334988035036645,3766.8407121019886
3962.993000444869,4,4,4651.3180623793905,3,1.4381459422106846,3358.1377106599093
4669.948516484451,4,4,5465.487446286283,3,0.9247521947461212,3949.351001886887
1296.892251707562,3,4,1278.3699652520265,0,1.5273172109167439,1034.7216832395093
6726.9387188195215,3,4,6545.365815731009,1,0.2837204332544429,7701.398458969552
2373.5580899381885,3,4,2344.573730549902,0,3.291517280807341,2896.6312010578185
3072.7789984490637,4,2,3504.567262062384,4,1.2246448385747462,2392.9513573215922
4919.503504295828,3,3,4773.987016446431,0,1.654934603622484,5451.573789157193
1989.814010949848,3,4,1965.8215440277395,4,6.310169520263704,1583.2340807187077
2487.4428271459255,4,2,2837.3430433468407,4,0.45707638248366356,1979.8748765610346
6347.444706296874,4,3,7466.202003648704,4,1.5250158128996611,4782.234522546392
2622.0568701489965,2,5,2059.4581077667476,0,5.549271680924836,3026.187655000483
3487.835797123977,3,6,3606.137283560086,2,3.6780811721470417,3407.054673772592
3435.9214346194403,3,4,3331.288651780199,2,0.41450227326958167,4414.417823047239
2516.437173888602,4,3,2959.4892950171215,2,1.2137097771851586,1717.2019371181962
3799.3496361498255,3,4,3701.939309351504,0,1.4929783659084082,4731.799095965013
2594.253357157458,3,3,2473.699845545016,0,0.6576904357418403,3038.7568888786
1703.3531479179778,3,4,1667.8142632368722,1,2.525706513104627,1264.1562059441499
3856.388347236545,4,3,4545.206487657611,3,0.42551254669335076,4084.006473793553
2932.511233692597,3,5,2936.7686805370568,2,1.0079447114948983,2302.7018553556077
5116.887890627053,3,5,5154.576093542718,2,0.8342799309667541,5650.706692129066
5324.763101310425,4,2,6164.245967657223,4,2.80369847048691,3608.676577968876
1879.815624242804,1,8,1102.9230203783452,0,10.675797705063328,1598.1181862483397
681.7327997659154,3,3,658.8298302504306,0,1.4054343564236191,505.5005505256132
9122.895613626682,3,4,8996.816488691922,1,0.5006873124687686,11687.481937490627
719.7155337162671,3,3,680.5606110127848,0,1.3818902315974197,594.4001828624072
5138.377100351978,4,3,6099.403307066306,4,1.4141734007937257,3615.5695166954533
3547.3063636182287,2,5,2787.210492889045,0,4.825272585315503,3575.998790336123
2389.474460143334,2,5,1840.3603998725403,0,3.117137854640525,3284.6834673824696
3260.3035751648667,4,2,3790.130764782471,4,1.524959475974206,2793.460664035443
3045.3691352446353,3,3,2905.9340254999006,1,0.5504109221666359,3756.3173104331954
2414.3014119099525,4,2,2789.4374342198153,4,0.9842570487260355,2119.2134568567635
4518.892885750798,3,4,4346.084142473238,1,0.28804429547060684,4389.421114624734
1347.8938829152191,3,3,1296.6110734601036,0,0.5900595079213001,1468.799747761425
7568.540080607688,4,3,8954.830369011383,4,2.9869841546196114,5211.167986399781
2795.4446839978013,4,3,3281.1767085012098,3,0.22778685010194066,2297.4153290996383
3243.931413171645,3,4,3113.0286222333957,4,4.058867754948322,2668.305785662924
5458.560034564389,3,4,5324.395336364064,4,5.63403803145092,5863.700738269879
1976.3806077330187,3,3,1865.7558078244695,1,0.2113534381099487,2301.5666199635225
2292.1405414189758,3,4,2279.8581301040535,1,0.39346443297339034,2247.493641322397
7361.596376452499,3,4,7070.217180691682,4,3.1578820669728547,9220.768120100496
3887.3394189910227,3,5,3945.5790824736864,3,3.280543497898498,3325.2010300952124
2054.217423525672,3,4,1965.8974139083493,1,1.9438182064530962,1824.1645841300228
4461.776703783178,4,2,5056.135407077447,4,2.343778441443006,5956.357773733299
3805.0653163256807,4,2,4397.063212960784,4,0.5134717090353289,5298.322755485701
6980.646449853644,3,5,7009.58622408401,2,1.4772190617436185,6680.223438967437
2134.9847641644474,3,3,2007.3173996010714,1,0.8674723716209337,1998.106038249113
3563.65068498399,3,6,3689.759760503099,2,4.78769743168419,4249.949297957626
4483.654928686025,4,4,5419.084054730435,3,2.636992578576383,3598.104845394542
6412.402659128542,3,4,6351.259722870054,4,3.5498957050696327,7639.374311561368
2882.69738195526,3,3,2704.6466548045396,0,0.020903800872963615,3382.873758528222
3405.478851240891,3,3,3221.5153236736373,4,4.456641845913082,2764.572939617929
4308.033547112534,3,4,4283.728219784231,0,1.4390902933664236,5614.160704915911
5006.461193467565,3,4,4803.475146964945,3,1.2531495147577334,4530.747027320301
5864.7206836636105,4,2,6727.833878245514,4,0.1611728642687208,6405.9825573174085
7152.9265527896105,3,4,7074.71542646871,2,0.5381203585822667,8948.825479277868
3599.0174196998883,2,8,2967.933265280592,2,7.912995828568723,3072.918197579216
2871.016113851349,3,5,2886.577833436293,3,5.7725416252470945,3570.846753072135
2220.0074384648897,3,5,2182.8831228958115,2,3.8891577646323636,1975.652673208165
2356.7647064137627,3,4,2290.626086362609,2,1.3551340394851827,1545.8109645074514
8942.143449326322,3,6,9194.773973034362,3,5.829640459944795,13063.246195606836
2783.814485282178,3,4,2725.399948988515,1,2.9181712030074105,3531.8639449332836
4014.881294372749,4,2,4608.962224326336,4,0.2372053129280394,5154.897618753566
1462.7227693319178,3,4,1407.3898064867772,0,3.164379570899194,2113.416754634945
2599.1449934012912,3,3,2504.457431868187,0,0.1886400020912937,3283.3472582920544
2343.7187434138036,3,5,2336.837613217775,1,5.932818755775658,2424.376077958256
2452.8752585938423,4,3,2905.6347158772987,2,0.0746155076133348,2812.327348843933
1332.2985449903351,3,2,1243.5364959175888,0,0.27860818640854906,1182.6092475609935
3745.917576931218,3,4,3678.40472298695,2,1.3115636600240401,3817.779830766018
2847.9074328597176,3,3,2685.805476993417,0,0.4474237413922217,3853.8669717849452
11535.071132360094,4,4,13863.154071960229,3,1.7928080555868542,14834.706135245733
4442.520995134182,4,4,5302.396284247751,3,2.8909770583924237,4664.908090861262
10427.822696502979,4,3,12345.63534474719,4,1.201465586779918,15029.294359806816
8328.414399318814,3,5,8218.648375515077,2,1.5433952345831332,11317.789667235773
13518.569818814938,4,2,15433.211718295235,4,0.42375863664554003,18159.670152214792
4271.1760919459375,4,3,4909.8774074758285,4,4.101276239156321,5207.565501187447
5236.596474806518,4,2,6020.142977703762,4,0.7520318263322415,4402.735320292197
6005.002825892972,3,4,5775.736860248536,1,0.2852925449087227,8016.653007039607
4731.389906134931,3,4,4662.903601167078,4,5.182375623839802,6063.2567989542185
3573.1751538530284,3,4,3470.816591164756,1,0.16549862893741776,2619.7216938211322
4528.166302365921,3,5,4510.819074508344,2,1.4739520726854378,4367.03401582989
3662.806363327168,4,2,4136.340725691495,4,0.7452649488254872,4023.739733144389
3957.557945874365,2,5,3085.245526228711,0,3.792162648189312,5326.740654430502
7206.501734129163,3,4,6949.627221531204,4,4.419763419228654,9473.382832725083
1597.4506997054227,3,4,1559.917959086183,1,0.07629308416614494,1334.866301191937
6380.416282543871,4,2,7412.911899252023,4,0.6853680684171918,7850.300539932792
3697.5526614375913,4,2,4289.982876447997,4,0.9515266048078344,3496.6532024671374
4499.206728026545,3,4,4446.304276575454,0,1.257457811869763,4804.150491620013
2087.579184217141,3,4,1998.1797367079132,1,1.6253863311085965,2489.1799257100993
4120.447063282701,3,5,4107.25734409913,1,2.1266191177850824,5217.265048748122
2174.748983341658,4,3,2570.9943130078805,3,1.6811484802659358,1742.5053478826665
8824.426002706628,4,3,10379.421205364482,4,1.456567890237179,8557.73355130116
2591.2586451010143,3,5,2591.4828413834157,2,2.674762304847052,2398.462764554965
5493.517796753275,3,5,5558.533698830653,2,1.5639428044915498,5882.8304505897395
1960.7648509691817,3,4,1923.2753251859965,2,1.086269578674866,1765.8885461444138
4334.464939280623,4,3,5161.82793529011,3,0.3079967218438044,3219.6400995677345
2831.5931538681334,4,4,3371.651167107148,2,1.7534492078221415,2205.1132694614726
2483.6573259777324,4,4,2963.6794899116467,2,0.09024643922144052,1945.995851410309
6675.822207091283,4,2,7702.2042841964585,4,0.11485408074160679,5189.269597794511
2838.0501835306627,3,4,2786.7153120495645,0,3.6236670210790516,2499.3666268404386
2094.1234805084723,2,6,1665.3913826774494,1,7.324160001421375,1716.3892319973277
4829.513482596812,4,3,5640.541681226318,3,0.6189037845909638,5372.139926487283
3288.404609272572,4,2,3783.241786979706,4,2.6816784323414646,3516.9090197277765
5522.249468651021,3,4,5436.73081598098,3,2.8771955694097544,7479.254518492617
4727.079147660956,3,4,4702.910769469257,1,0.112090124698097,6520.4435536468
2828.173139410964,3,4,2728.781407596709,1,1.398939648311135,3319.0071171937097
1337.5384614064403,3,4,1302.408387817183,0,3.513647899565631,1483.8293403919508
2107.2302471195685,3,4,2065.1486120166064,0,1.9609651905325844,2660.727535212028
5523.998193889439,4,3,6574.949299591789,3,1.217513306062364,4935.136568479644
1986.0606196076008,2,5,1542.7874286110648,0,4.336030944906196,1633.2255090846204
6228.303427055381,4,2,7024.100867374013,4,2.90875138211716,6470.864777987179
4728.7491020137395,3,4,4653.562625828944,1,0.9089201470885536,5926.163467984195
5755.8463229178415,3,5,5804.271095699639,2,0.10291087693012464,7391.485065148278
3803.4084783065186,2,5,2913.710185278704,0,3.465462463240651,3783.120340998963
4043.622534311761,3,4,4023.9282432244554,2,0.7575277879200262,4032.8154750406097
2324.007985245775,3,3,2256.769791638893,0,0.10944698488331664,2531.172290649089
1978.7186369207093,4,4,2380.2266353288023,2,1.4757835356986033,1652.0450384207522
2390.779505727338,3,4,2288.3127573481765,1,2.2194998463255247,2736.119508971032
4376.789948853713,3,4,4353.075191389828,2,0.5927287521043134,5008.117890746318
2662.5854486144144,3,4,2644.600391366832,0,1.0666693551643787,2164.800969607536
3969.106558873251,3,4,3848.348279295357,1,0.6474134496138993,3919.1339109905807
1989.117723376987,4,3,2302.4089529136218,1,0.25769194629705433,1613.4903750173805
5455.107933344038,3,5,5358.68287162995,2,3.3480542009416494,6269.053340482275
4936.483551649343,4,4,5906.57602483555,3,0.3222525527008297,4767.493035826716
3201.692270494662,3,3,3003.4575698284475,0,0.42096298856697995,4237.406831721871
3379.9739621602607,2,5,2636.638518916268,0,2.5768909793821417,2693.2918909476243
6411.073574228706,3,6,6658.625145654337,2,5.056735946936428,4936.489033244101
2948.423004434232,3,4,2852.034539663079,0,2.910553772935859,2044.3447476027245
5569.493207847543,3,4,5358.78766663618,1,1.1132990616232923,7954.516232158768
6097.292921290717,3,5,6025.87578608372,2,1.0550969841153468,6544.92821070084
2396.4875797459968,4,3,2811.0661791416587,2,0.17095852355624241,2199.7605662538117
4805.738243805246,2,5,3691.538706928662,0,2.161825404609854,6215.355319974934
5078.545410813164,3,6,5259.17376289375,2,2.709047391836866,6687.120995147528
9497.92265479257,4,3,11307.5896687851,4,2.248296852139315,8192.301401388324
2140.0806434429505,3,4,2083.605179520117,0,2.3230250526722904,1507.026596523814
2705.5236786558203,3,4,2682.1718175399646,1,0.5291064231454907,3395.163045688155
3319.776547549713,3,4,3247.702187550713,1,0.4372772264051489,3121.0014452345094
2656.1827962947523,4,3,3071.0726882242193,3,0.3348272923257116,3302.803874774234
3586.4763779101177,3,4,3443.897498912603,1,1.423347841940986,3447.0538962999153
3352.614783538295,4,2,3783.7246666288474,4,0.4104746760322538,3771.7384375692905
1484.5766883560832,4,3,1746.3339472095277,2,0.10458061320823629,2014.0258544303822
5925.499759580791,3,4,5805.679657831214,1,1.3683644578676675,5940.492405693731
2194.138399603129,3,5,2169.7880062215613,2,2.4810538341902926,1918.1892147643603
5023.992140035153,4,4,5886.472720278788,3,0.8203051214143677,4518.429526360515
3153.175348943165,3,5,3112.3320637986835,2,2.323056036230332,3346.1802024980934
3977.161294080474,4,2,4499.8674758537245,4,3.9155298835582037,3312.791430415674
2814.3383305436873,4,2,3201.289888257753,1,0.030329412083703346,3200.9543482054837
5801.9949612793325,2,8,4749.14155143306,1,9.729023225789158,8045.789361207022
2918.0221126666524,3,6,2949.8648358889714,3,7.2555732916426185,2032.5385879426574
2986.9649890072023,2,5,2281.6122088496686,0,5.171702430808212,2691.630081005395
2807.746370470871,3,4,2719.5297133894246,0,1.7599401198258937,3283.8594823496696
6630.893696561812,3,4,6417.678064877503,4,3.6449336370975183,7259.593371873338
6743.95764233398,3,5,6636.295833614409,3,3.06998532190734,8174.755499450271
1414.399735325057,2,5,1101.6577677686707,0,6.517644545459492,1779.094822941643
1872.530147896622,3,4,1804.1079571249581,1,0.939883838525595,1901.414316065564
5573.3321985685025,4,3,6610.255357852599,3,0.10298773121296481,6936.526459614565
1486.4367534152284,3,3,1427.9467422141415,0,0.8368903341366385,1097.0658962746359
2056.991265965779,4,3,2437.295324607594,3,0.9762453904768666,1863.0507165714648
5534.9705127295265,3,4,5421.82579270049,0,1.7075691281844478,7380.524394671789
3679.9725459881224,2,8,3064.069841151944,1,10.786729069226764,3392.3562593998968
1372.481334717085,4,3,1571.6095604295767,2,0.49727479608566055,1027.1012800295778
675.76788474566,3,3,632.8932775030592,0,2.282863737967993,580.0344400975645
3817.644693479903,3,4,3779.0572536448403,0,2.6942037677750776,4413.180288026995
2462.1525350368474,4,2,2835.3632775657306,4,2.4010029084129827,2217.081798884105
1619.881795778654,3,4,1585.0588034197012,0,5.06207275516095,1266.4367224568205
6019.8448013056795,4,3,7166.31613939816,3,0.024928390679593387,5612.770111397075
4788.891252049258,2,8,3991.10807406637,2,6.381121270669432,6179.021306525608
2139.2274337190297,4,3,2540.0478714880264,1,0.42831619263246545,1624.4007504665751
2939.215422838905,3,3,2809.1480494179723,0,1.1258056760384971,3552.4519537088026
2578.0802520168877,3,3,2448.787759842475,0,0.3664066401547429,2422.7115050955945
3028.9087573205416,3,5,3044.8586726950366,2,1.58592406988089,2396.82404442024
6675.459261306178,3,5,6674.088951725844,2,1.1377233405377674,7683.677295384919
5669.718418551948,4,4,6798.692073305974,2,0.13619832817780445,7721.551328807224
2961.32787902335,4,3,3406.179048517684,3,0.143919856800168,3140.374761851104
4970.992400584914,4,2,5670.489748729382,4,0.981230348879623,5141.341129722453
1665.0946433614608,3,4,1614.4044215325237,1,2.450633779561817,2058.297253146922
1311.1135356108634,3,4,1297.2483441835295,0,3.5316885475686375,1657.6201909223678
4887.580645891089,4,4,5765.613959631829,2,0.8731231338897911,5314.660019364538
4211.589529912608,3,4,4138.435837021757,0,2.6025434369491163,5239.583647097627
2513.6924547175918,4,4,2948.247602394865,2,1.619899071609269,2160.2591455484026
3180.1194836797727,3,5,3129.972906557994,1,2.962886918132211,3518.4357317261934
2399.3089429524266,4,4,2859.277053721589,2,0.8735295230832522,2269.8503353840297
2725.827417611135,3,4,2670.2027609955335,1,1.0085770767897007,2723.557490218742
6057.303003897461,3,5,6086.9133420889,2,1.0292545544904832,5522.395794920998
2715.0613155471,3,4,2699.0955784614257,0,2.7560187564722973,2072.8910877573344
3333.295464387391,3,4,3244.219709811367,2,1.4220439708027464,3649.420585431568
2136.4417313523104,4,3,2510.565541427393,1,0.603892557257303,3027.752232826703
6727.415720870009,4,2,7825.7346768531315,4,0.40228233685771,5224.389462691392
3040.674001981325,3,3,2895.4514371985833,0,0.05179126676142531,3127.413968443281
1830.5657000644158,3,5,1843.19556103495,3,5.423681050750931,1377.7521562123388
3904.0928789817444,2,7,3207.0416797473745,3,9.835419461910137,3521.4308731290807
1937.4008410751744,3,3,1887.2358182048238,0,1.2738312785311316,2479.5662938312266
4796.832340693578,3,4,4601.733234126499,1,0.5687137190665391,5280.917151194913
3096.280820393319,3,5,3149.623046838609,2,2.4413812823788876,3270.893155918946
1264.6652172009167,3,3,1196.8436534971352,0,1.396475193457073,993.178700895125
4467.475138732522,4,3,5202.0539253686,3,1.472252227437376,4201.611888238161
6849.6017338588945,4,2,7875.254706225264,4,1.2434476615796384,8878.331830835623
10172.190223399719,3,5,10074.3229887454,3,2.6647264949141545,13550.026651311808
1997.4130201940955,3,3,1939.3204200601801,1,0.2807262585410025,2360.0452046415994
1418.8864072933313,3,4,1385.9154790794796,1,1.5409508535791818,1802.0802924462203
3379.3281078838363,4,2,3819.216478845419,4,0.6295741641406505,3703.9471363784314
2161.2309503531774,4,3,2569.1195296418587,3,0.10795591875440883,2107.479429607082
4823.639222998682,3,5,4751.811514987125,2,0.6273517271918567,5271.843729919373
2316.5835039389012,4,3,2752.748425183583,2,0.08098555173187828,2853.200998632843
5502.630727004557,2,8,4546.616148766249,2,8.18452578822063,7418.940542185705
2442.3607487694007,3,4,2379.5314084996207,1,1.520089591840907,2045.9726592394932
1672.2987549171596,3,3,1578.656192302432,0,0.018092167948042828,1263.592737871401
4083.0315423854963,3,4,3969.3416189455315,2,0.27392363092841054,5677.413844199047
4601.1399311514515,4,4,5487.404500460477,3,1.7257665587862834,4579.828040673416
1383.2446747011338,3,3,1344.9180408592833,0,0.11765003546185222,1047.0004524708652
3618.908344813971,3,3,3388.8732480639087,0,0.27814431809683154,3852.3242315614593
5929.19009355508,3,4,5872.371570159702,1,0.05811420000068717,7332.563922158053
7339.772619318212,3,5,7206.878469175402,4,6.47953477346561,8965.991450848862
3936.747718583553,3,4,3864.8852204225227,2,0.20083762165997746,3440.935441439195
3170.0243136305185,3,4,3120.2266956538974,0,2.2326583785263545,4194.343800670803
6093.539982204794,2,7,4943.77072786903,1,5.527861291206489,6577.055625585798
1675.8614649569174,2,6,1303.0388052553192,0,8.09282000226863,1960.9774949771825
2368.2361739704843,4,4,2823.6722038911566,2,0.7941580061883965,1769.1559241781306
4429.330444127685,3,5,4444.544122648937,1,3.910196357479445,3451.2603786951213
4678.419528160947,3,6,4679.392425696757,2,3.6480779015905545,5756.820129604827
3887.4570457432333,3,5,3953.331167015865,2,2.752972855623454,3608.262723796322
3814.8691427588196,4,1,4254.184116756934,4,0.2679476598722343,4336.0575080052495
1782.0719344353333,3,3,1694.7035944360932,0,1.6007206417711455,1408.0869699594175
4016.447865710748,3,5,4041.2306949243834,2,1.1352431630332123,5278.504169122234
1909.0963325819423,3,4,1839.8706045728015,0,1.5181681722970426,1449.1893084028868
1711.514470174209,4,1,1875.5824571871794,4,1.1628076714376738,1496.51155138508
2344.7918943715076,4,1,2647.399694635756,4,1.8551080893801515,2958.535283002992
2470.5532038541064,3,4,2432.705148124475,1,1.1725493407816365,1870.0623260184768
2588.979857250308,3,6,2628.0650579307908,1,5.985472520020304,2363.1964514161014
3353.0842943387843,4,1,3714.1845956314187,4,0.3402951033132141,3184.4745601393533
3757.3568277689296,4,2,4336.29460638523,4,0.05445777770287034,3057.695877479711
7474.997069129721,4,2,8481.901547271276,4,0.9937693529891561,8678.225513397938
4131.9766714825855,3,4,4082.1203003098203,0,2.8692334638432224,5142.744994026001
3113.4874194134422,2,7,2516.209534003654,2,7.725668454480246,3750.2031962472424
5218.211722416904,4,2,5966.038153322101,4,0.5600790836060444,4393.881243700019
7379.656540514331,4,2,8322.407946699706,4,1.1389366817624704,9768.03244715455
4902.587723337382,4,4,5761.756545949403,2,1.3798530411729462,5831.177745997734
5645.04107068829,3,4,5459.121704197821,1,0.5797464566927698,6712.801791027122
2294.639969775047,2,6,1829.2658049705003,0,4.854282503782161,1949.2836158954597
1767.944044185554,3,3,1664.2679763456117,0,2.0692595974332613,2167.032294993242
5215.012538513862,4,2,5984.124517143829,4,1.9795721748058575,5452.03400069855
6138.450263558951,4,3,7255.785692219806,4,2.3487604488272864,7003.313989594588
3129.3415384055456,3,5,3103.0903357104303,1,2.6687611874006394,3416.294012874711
9740.75494878373,2,8,8071.1101521427645,4,12.060221577462018,10822.671360517226
3956.3702182185402,3,4,3794.46595421633,1,0.7177556247960479,5122.063647580466
2113.522469907773,4,2,2376.9921686089674,3,0.19836918204019327,2229.8480146226093
7028.9815011033925,3,5,7073.44050364223,2,0.7308695569543415,9430.58738320245
3350.904211806628,3,5,3332.529037088601,4,9.531567724259132,2485.9853466825452
4628.40259707608,4,3,5355.5284373070235,3,0.1762089038369866,3921.7972965348904
3799.512931496278,4,3,4360.519986532651,3,0.5821328106036731,3268.5768179416264
2349.4720572993347,2,6,1886.8066771335352,0,4.629028440671511,2024.6462471689763
965.1391055482302,3,3,922.0188681522043,1,0.27119334041423154,855.8996528786058
5522.124435958827,4,4,6533.8392623643995,3,0.5488376277643497,4529.55453093929
5600.063457302835,4,2,6437.799694791634,4,0.5870513354881634,5225.450094639636
7441.109188895557,3,5,7363.012768133685,2,0.22445123676213463,9002.524170882856
3754.7643435063596,3,3,3543.5892750495195,0,0.4167220303261613,5375.498212522081
3497.14342059664,3,4,3479.2980842836937,0,0.9460592152306057,3534.0802601342166
2927.237761994055,2,5,2245.6518308389655,0,3.8381871111168637,3739.8213175783103
3562.6843864058765,3,4,3448.123215698495,1,1.454695057840681,4677.9057582934365
10531.949812395103,4,2,11980.791083627048,4,0.21608708882810185,8757.817806430816
7540.757357489552,4,3,8939.993460595368,3,0.6189965699101662,8995.123566246832
5566.365077920931,4,2,6278.995896685236,4,1.6799883177916142,5228.9613808482645
3439.01110757946,3,5,3364.868179786307,3,5.418434966790304,3792.748690181832
2195.4819122541253,3,4,2107.551417307767,0,3.1784920651107305,3171.073278628141
5544.621964159363,3,3,5334.428694687567,0,0.7564032217870211,6964.946765633285
2213.988027821719,4,3,2635.5421405092225,3,1.357014606361076,1888.8621955549017
1728.12721471563,3,3,1679.4588748924004,1,0.5392868644920701,1757.7420446125254
1568.2720048780645,3,5,1591.7163067705126,2,4.204829830554448,1229.2616725405323
7668.515523167256,4,4,9151.315908636736,3,2.084161087102098,8511.637075524397
10240.890440972631,4,3,11731.155543756531,4,2.094576615324223,9550.760956109298
2715.971250969545,4,3,3150.5741015663357,3,1.2345019708519278,1999.37689540763
3071.3897828800955,3,3,2893.466183068196,0,0.9195640148569859,3659.2023890637793
1698.5597955958383,3,3,1614.2562564255932,0,1.842386694721357,2021.6005063177454
2572.7094208972253,3,4,2493.076718279419,1,2.468242674217932,1963.038442707981
3446.9353250569993,4,3,3954.4506682076867,3,0.16784744847811173,3814.2433125447874
7132.77227351972,3,4,7099.142509039663,1,1.4371203316295853,9542.699268380742
2984.5262772460487,3,4,2893.307399514385,0,2.979250933400522,3131.530676822721
6351.734699550498,4,3,7365.853903528643,3,0.026902165690169115,6453.551909125008
7551.058525282606,4,2,8581.183272442393,4,0.277317624563588,8159.949231627339
3462.5618909872073,3,6,3516.7419803103435,2,5.607184726494028,3706.703042208175
5496.943358036089,3,5,5409.924379269165,2,2.303823714667201,7100.44033994634
5215.683176543413,3,5,5268.315404150889,2,1.36381067933479,5325.9026491226605
4323.971631001972,4,2,4859.201096676016,4,1.883726197572785,3025.43299300623
1398.3290307814095,3,3,1349.3298734889847,0,0.9450461504537394,1666.1835879836112
1141.4700938289234,3,3,1104.7011128499653,0,2.196468623079378,1363.744795701982
3939.1178022009576,4,4,4686.906698917366,3,2.4018801797392793,3384.3847632168377
3252.4919693746724,4,4,3881.943368826549,2,0.7525571359097984,4253.339803505951
6786.643978128336,4,3,8071.578541393901,4,2.6627607795354713,8327.234628551683
2502.748038098625,3,3,2373.5142060728995,0,2.2358636468735926,2898.3817916696444
5474.097261371559,3,6,5577.14133665883,2,4.618154365204702,5659.688385674266
4165.1001925511755,4,2,4811.257295550059,4,0.9739383463927912,4758.092341975499
2428.2175714387326,2,6,1958.8632081296764,0,7.53102392657313,2731.5111282746943
2174.1953909190756,4,3,2560.632497937763,1,0.130506200446285,2489.4853017269647
4079.84551458751,3,3,3972.479149906486,0,1.2299697453648386,4413.1411689726
3118.6220974214298,2,6,2456.944654316467,1,5.651996152687212,3955.216751293526
12458.580754575663,4,3,14449.819147929247,4,1.1376086739815443,11968.119788255004
2355.839494450803,3,3,2293.1148283409093,0,0.1968388072268773,2853.4881131256525
3401.772607904376,3,4,3290.990510137342,0,1.294223187665577,4360.502808375494
8484.801449344492,4,2,9841.046974621095,4,0.0851388714675233,9871.675131917078
7207.872770191172,3,6,7359.453512032218,4,9.34448807155303,6867.0041094203725
1368.9386171183837,3,5,1373.9914893585092,1,5.249995494641894,1125.4151376527334
4147.763778012583,3,6,4199.7616785436885,2,3.767195736108206,3657.969837908507
3918.6604286760144,3,4,3852.08530144693,2,0.022657608665919846,5607.000202328939
4362.139104558664,4,4,5242.0980904788685,2,1.0313197677559423,4380.265892213748
2155.7789200271604,3,4,2142.7187075357933,0,1.7308897622745083,2959.821365335951
7812.2573990942965,3,4,7725.089723245906,1,0.6975091249789337,8985.952985532458
7687.881180220841,3,3,7388.570868712033,4,2.8487314765245846,8911.059470654272
2981.2058521287336,3,4,2913.529435366553,1,0.3415830695239898,2725.397770225184
3986.4090633550127,3,4,3825.4723907348985,4,5.3608382223678195,2757.52334756817
8782.526672161752,4,3,10268.870320494509,3,0.15372246794990307,8341.018397703358
3720.086223809696,4,3,4423.956696732657,2,0.9550429810411691,3673.2396632792943
2719.1318878351844,4,4,3289.804065426973,2,1.029305345320425,2331.378634940211
7396.33561102143,3,6,7397.909172008484,3,4.637234583758903,6568.953435015462
3289.475193034671,3,3,3182.1129370810204,0,0.21423947485908446,4424.4777572920075
3024.3702863533986,3,5,2991.5089724134887,2,1.1605394781219207,2648.5748095676086
4057.0418542337698,4,2,4560.308503348896,4,0.6143803522033423,3865.153482759607
1723.6906290355412,3,3,1678.818024629716,0,1.1063959754423474,1697.999061692392
6837.299494657408,4,3,7981.867081173171,4,2.0178532919297383,8392.39208305059
1076.6802357579245,3,4,1064.5220870180585,3,4.227483070963792,992.8093575447022
2420.868193618944,4,3,2835.4838180290703,3,0.8418388571923248,1971.01739848937
2821.848450832409,2,7,2278.0754520951978,0,9.68397643262614,2914.68155144636
2558.8726548052487,4,3,2968.677742278854,3,0.7186547651977039,1684.7672092362955
1842.9322904205042,3,4,1775.741600594162,1,2.2929875137392703,2083.7048376612197
565.9741393912109,3,4,563.1311818800466,0,3.4215142473647187,462.9310197379001
1843.7965693714016,3,3,1746.4045186840822,1,0.8520385036360508,1452.9601043036907
1758.980594297757,3,4,1725.0871159092007,0,3.6835869188994996,1854.1474789603797
6869.9064257798045,3,5,6820.737138833299,3,3.0576278131120427,7492.80306417189
4998.330129602114,4,4,5913.1271871543295,2,1.0374239553832,6246.183353150952
3632.669295480882,4,4,4340.053074063529,2,0.926425121714901,5180.713216364454
7811.100709977559,4,2,8946.104409065549,4,0.017346063073,7326.97219130683
2095.3243213187143,4,4,2525.9350511118755,2,0.4617312168487832,1856.8810998457639
4355.863029779568,3,5,4390.902542930532,1,1.1782069227659462,5156.802116427953
4553.993491081664,3,5,4628.297542706012,3,2.838469129689689,3670.854849690318
4761.59579897393,3,4,4735.035899782015,1,0.7464581756997873,5271.708604120456
2410.90262586815,4,2,2704.7594815970915,4,2.585900949477361,2116.049342760495
2447.181313736778,4,1,2738.077547241336,4,1.5487175306711702,1930.0300037339678
12344.67104870667,4,3,14140.50925709043,4,0.19346473009309306,13489.218712703834
4050.346611213491,2,5,3082.6686255675504,0,3.2816785002958295,5006.471066120905
1918.5749925508467,3,3,1856.04332825496,0,1.114053735806732,1640.3985061454339
1342.402419033696,3,3,1291.7950945104214,0,1.2811175327906799,1042.0440441736991
5093.386826910803,3,5,5122.454746939536,3,2.3464367303116407,4123.426717929451
3084.3349350467843,4,3,3531.5696663502276,2,0.27828351139638274,2693.8286882792263
2341.141016391534,3,4,2297.946483466308,1,1.3332448630132643,2206.8095706474232
2752.028683961561,3,6,2858.3820864272243,2,6.7824326096204866,2429.3084506536393
3397.262942325264,3,5,3336.3911136846136,2,1.7061307761542965,3289.115023109138
1230.383768083624,4,3,1424.9438779467,2,1.623434499440966,997.04094301939
5582.889253762607,4,3,6643.1389696511305,3,0.316707662864687,7700.419954686136
2231.5757197099106,3,4,2163.9487627113112,2,1.31787207431199,2216.7638545773507
8157.215687233735,4,2,9470.118007331257,4,1.6187029266771205,5804.622773437947
7603.262060853558,4,3,8776.594639062609,3,0.38906585021024925,10599.97960678016
5933.672906714291,4,2,6841.847435248261,4,0.940267773075559,7143.227111492473
1468.3208196935552,3,5,1482.5256817428633,1,3.5080014865666014,1018.9722903798724
2710.7722958509066,3,6,2786.660895473549,2,7.515407863021659,2743.0097933909656
6338.881393519474,4,2,7320.191033276571,4,1.2787759264497622,7664.525450912028
2865.0368294094483,4,1,3185.6444173955706,4,0.9256898805425527,3465.2171237475786
6778.277255015628,3,4,6700.446211094916,4,6.600898934616671,9440.5885567454
6189.455156305726,4,3,7287.307397020406,3,1.0676436698441818,7925.959146323284
2180.366502870333,3,4,2116.146645932733,0,0.985228137769423,2686.1973560820197
5039.157816677831,4,3,5948.59337309276,3,1.2101227720107766,6721.557139625826
2787.2717537439103,3,3,2668.2723619493595,0,1.1996076351081684,2936.439652104176
2416.3900699018322,3,3,2272.9967684613603,0,1.0341650190624818,1921.3545332780348
2888.1592278059184,3,6,2986.5083768371583,2,4.895571338583208,3417.4615063961865
1775.3290241913685,3,2,1638.2656667215401,0,0.08075932426145331,1547.689434903009
3211.718009426222,2,5,2470.1759960641325,0,3.241241011320127,4399.576265861229
4954.6155773085875,4,3,5671.6937744570105,2,0.2169950350907531,5708.49443861512
4759.228012204796,4,3,5595.449956954282,3,0.17878856833075188,4187.7950217401485
4041.230335470123,4,3,4770.672318743756,4,3.4914143864667797,3032.793582026726
4432.5462421749935,3,5,4428.3276002644825,1,3.162742438974271,5790.348999774642
1398.0388582230296,3,4,1391.1261035837379,1,0.9083191401777425,1019.171338108712
4209.597707066024,3,4,4130.288292781864,2,1.6266038914631118,5454.566651409919
3369.0679307797145,3,4,3231.2458908006843,0,2.2874984997740277,2701.840316028446
2295.4895804815824,4,2,2664.3793565088363,4,2.404143644363387,2256.8401626068858
1923.2051087289112,3,4,1872.9377589550568,2,1.8904907863873184,1279.5841601705556
8083.29744876322,4,3,9305.815588731066,4,2.816047985987913,9361.868816867203
3171.9859728475194,4,1,3523.797597362035,4,0.32518027135754907,3548.6642274070446
3639.696847064209,4,3,4322.703893361252,3,1.2675236900310876,3055.12027195564
2023.1066698790316,2,5,1563.7131177419224,0,5.8860849604118535,1422.1150194965073
3012.6708698259285,2,6,2428.889798295549,0,6.357793324362181,2563.6350977806887
2463.018151398814,3,4,2452.5705147453787,0,2.145942201086514,2633.8999015668687
1466.5163857960465,3,4,1410.429696054057,1,2.955460072025176,1237.2477196954956
1534.0645319311802,3,4,1491.5636046435818,0,3.9478639096182646,1220.1347137285356
3757.061766101611,3,4,3673.637618024306,1,0.11779885772560625,3228.36948727213
3986.080414613399,4,3,4563.018556119022,3,0.6075843844110352,3049.576322616765
4736.549007565719,4,3,5460.503570035969,3,0.2969515180063978,6058.413208728884
4577.039148797342,4,4,5381.460984298418,3,2.5212080413716356,4794.575966957119
9657.096077394113,4,2,10937.533238494936,4,0.7343526473414413,12110.623010723686
5727.155430819146,3,5,5680.16298386838,2,1.6886862710107533,5416.543479802644
6510.669304196728,4,3,7663.292872463649,3,1.4500487834048765,8412.53994692434
3299.8581101116492,3,4,3248.6830883913744,1,1.7053534969618418,2804.787154599325
2023.6553361519352,3,4,1962.8057408312511,0,2.728340872531525,1997.2582342350188
3965.8799470257795,3,4,3874.466010231279,1,0.23046118597696133,3333.6421203266264
2058.4213880746893,3,3,1995.3227534363855,0,0.3356891385101787,1366.4304742944898
8380.310587119937,3,4,8343.890374113615,3,0.7765694130787121,9921.662086912147
939.2507032627566,3,3,913.607925805836,0,0.9707772793761611,664.3459303958116
5169.866268169262,4,4,6143.8147655538,2,0.5244046325920867,6798.567991906026
3395.9575436433474,3,4,3306.231663751054,1,1.6599380176431713,3016.1680131138864
1561.470839335369,3,4,1510.0255391440705,1,1.9565320833023523,1279.8226618643223
5688.709313669253,3,3,5475.40944904131,4,3.134738993933755,5274.030650612001
6966.826401387757,3,4,6825.348214761589,4,3.4165703512234553,9091.898936429918
7126.101259561756,2,7,5798.526453683704,3,7.26042259949497,6499.685954097283
3872.115429713442,4,2,4426.2541156163015,3,0.34545016249313043,4209.388523508227
1807.408009630698,3,5,1829.707431952387,0,4.5313249875479125,2448.5862111766887
1110.0039924439616,4,2,1250.7133534112404,1,0.314787346480312,848.514867431634
5790.221794747763,3,3,5564.557415836252,1,0.01680654395783337,7817.231411274379
5239.6529838427,3,6,5344.303603718345,2,4.318756773836309,6284.562434286454
6296.380985371492,4,3,7297.306948405803,4,1.6888436528260937,7841.371450253402
3291.610420916851,3,4,3270.985408188853,1,3.177385995233912,2588.208141812042
7489.466141905295,3,5,7391.584917312951,3,2.960599304530553,8395.895968029934
1734.7138315787063,3,3,1639.0942340397844,0,0.7991544109611461,1272.5836544970894
2560.0377480245656,3,4,2523.089522695091,2,1.230729439086243,1750.4372955453516
5195.302460770352,3,5,5156.972408633095,2,1.8947249154653985,7049.013608219058
4113.153026245796,3,5,4107.078204078616,1,4.370931243912363,5588.313470055297
6808.615378209125,4,2,7862.221666270579,4,1.5379300929659236,8030.923816148638
4614.0822383530685,3,4,4594.32302550561,1,0.9565541977585414,5676.482781910149
10950.662481877986,4,2,12276.500177590618,4,0.8928424738390373,12067.68266843258
10394.219431962563,3,4,10185.019216672794,4,3.6611980912990574,13357.57945839322
4971.438165946464,4,3,5763.211471551266,4,2.955626067783599,6306.933097399119
2399.0461785313873,4,1,2678.446113289,4,0.041469540474342766,1821.0784507524518
2434.7685946528404,3,3,2333.171925672958,0,0.4776085937062523,1672.5167781267853
5471.813135044834,4,3,6285.894346869838,4,2.301566805235433,4807.631922069496
4516.297392864595,4,3,5341.634217566926,3,1.37386550107636,5710.010344376412
2009.0403105580356,3,4,1988.725803085829,0,1.641541986211676,1915.655901620262
5084.318855238644,4,3,5926.160049462682,3,0.17018911359824188,4587.659150702916
4943.366103139163,3,4,4803.990570402335,1,0.29231859139629596,4940.225781120849
7645.968679798895,4,2,8799.82575464957,4,0.0025824308589899587,8072.464623585657
3736.9461381406336,3,5,3708.593452296914,2,1.3099152950645279,2526.8605420080253
2458.1086659632983,3,3,2323.651771450801,0,2.660071100531994,2916.785364275507
7728.219657943309,4,3,9180.601633152473,4,2.9491289557048463,9584.025114429181
9564.681591832104,3,5,9389.515540416105,2,0.06872562720823569,11996.861981239792
7631.221164107635,4,3,8870.26549822182,4,2.343718378681879,7232.780177603087
3658.3539342275567,4,4,4305.007644807657,2,0.008954346678877753,4062.15628863958
3672.600103675839,3,3,3578.564510481641,0,0.19170732099115123,4594.487960658769
2117.1352863453694,3,3,2025.2173787320405,0,0.964471217026014,1623.7111450154619
2147.8126735327187,3,6,2155.485945607294,2,3.3568627604929295,1529.6137678305925
1135.9203676094633,3,3,1079.6631460794279,0,0.5404857188352858,1032.1400951852452
1812.3587124709297,3,4,1804.6616859516334,0,3.5719468037503175,1787.8801953200484
5175.603919593445,3,5,5264.506231487604,4,7.071051175530292,6130.538067977837
5820.451483120777,4,4,6841.048680003427,2,0.08814604688299711,5944.9767462255495
8127.167788709374,3,4,8060.079971129133,3,1.3291998014268687,9407.207747040098
4989.785838074396,3,4,4790.905075010725,0,2.1416632647795586,6753.338398014358
2141.4544182796544,3,4,2054.6608931659875,1,3.730484089190002,2740.490390802455
2652.867237483684,3,5,2678.2540309466426,3,3.7168513175814546,3043.7926914266995
1753.1018769751324,4,4,2077.5116255761714,2,0.29415964589151045,1250.9795822740818
4089.247129028095,3,5,4065.7776527279157,1,1.1009237389615327,3011.02110401577
3414.8694334275506,3,4,3269.069887831469,3,2.2242115104671205,2686.0457292868855
3227.354795930377,4,3,3735.401687007386,3,1.1218793107172311,2876.9593266153147
1431.533741239679,3,5,1424.8879311655558,2,2.7340801706018865,1254.3510555449343
1516.0032009569886,4,1,1679.7773887096346,4,1.1547218672989488,1091.662614196493
1243.2126390321557,3,4,1223.0693487886494,1,4.362843543958517,1366.1037788435237
6843.418473015772,3,4,6566.280640804694,3,1.533453648336161,9731.725615350288
2316.4631936618252,3,4,2224.043990203186,1,1.6855945156113348,1977.2038813711654
3321.9483171375896,4,3,3924.3719481297494,3,1.150913109377554,2103.554538011038
2883.0309521863715,3,3,2771.6636001553848,1,0.6316273762198987,2836.451705096016
2695.4166135432192,3,4,2664.097180917758,2,1.6093655255131913,2715.487078437847
3008.1651639968927,4,3,3575.5014543084812,3,1.8559086886108354,2242.580137465524
3316.797896587422,3,6,3403.994498779264,2,3.4762419354868808,2333.139403962655
1706.1941748620545,2,6,1359.3762603072726,0,6.702193801959255,1749.9835780657322
3047.022542123886,3,4,2964.974941742969,1,0.7722376851624756,3649.156290923857
7464.948768743035,3,5,7347.825830242279,2,1.902055242480549,8196.882273308298
3748.772000569144,4,3,4358.45682290227,3,0.3369955172402945,2539.5953150944156
6901.673869194004,4,3,8194.594384587963,3,0.31741973824099734,5954.64426301494
4438.348778701826,3,4,4350.720070391076,1,1.267385310584843,6059.187196119491
6177.440884840414,4,3,7260.723922645932,4,1.4513638392033046,8124.783089088774
3661.699095745139,3,4,3635.8125834123402,1,2.542790945643396,2711.0338866110715
8089.876644612362,4,3,9431.096932217675,3,1.374756431728106,11325.004322760013
1153.4371184286713,4,2,1307.0256812148793,1,0.5010990018981589,1491.3749837231644
2264.5352675932695,4,3,2696.457443311216,1,0.6043416318782189,2404.5972862649887
4172.805348272849,4,3,4881.549387049758,4,2.505853377747162,5254.668090197794
6554.3247720735035,3,5,6598.81474552874,1,2.1208478586679353,7172.989124728372
1974.7251329940414,4,3,2336.753674287044,3,0.6298269730621864,2085.7443825347204
1758.839290561246,3,3,1705.973651350187,0,0.03928779238469969,2283.391152474423
2756.6236785911683,3,4,2723.430019395755,1,2.0854009283894026,2083.8602100648814
2569.9338695222827,3,5,2604.218302373522,1,1.5979182331513715,1729.10686225961
6651.431453786128,3,5,6525.717396010337,2,1.3376843366103546,5562.4894614582445
503.1875387004007,4,1,566.6176603939768,4,1.488026264030952,401.1117185419627
4268.118122215164,4,2,4955.686052784394,4,1.2911158157276805,3141.85179931562
4549.293579234985,4,2,5181.9650879827195,4,1.4663545758587468,4554.963489972126
6615.9815055188665,3,5,6623.166169808301,3,2.427171414883585,4554.356647386968
1363.5687199161982,3,4,1307.0316668366406,0,2.137156917816088,991.5303409490708
4043.6793132076514,4,3,4689.834818509402,3,1.7221647738626058,4438.267745786298
4861.376839040616,4,4,5911.025135987438,2,1.0062510834035154,5875.324195130841
3610.3292398123594,4,3,4201.937598622979,3,0.7548078385301781,4049.1675953280774
12569.714470522573,3,4,12449.313851382823,4,4.905983184056131,16983.208836537622
2596.8715402754046,3,3,2498.5252331629404,4,4.83477034327674,1761.8053848260545
1497.1504118270097,3,2,1391.3912457936997,0,0.505545405691465,1636.0546391787364
8432.753556436784,3,7,8725.988960482586,2,4.687229439709587,12053.62080645726
2579.1894471704045,3,4,2494.1679291585533,1,0.5364536059121485,2033.405903898652
3404.704485344185,3,4,3283.8620475776493,2,0.9766125004381427,2929.6039007447216
3095.2372032045123,3,5,3088.1089356652924,2,0.4180604016201911,3035.1087429093986
13481.489963215456,3,7,14165.127985879233,3,7.096282817279338,18182.107406769595
4185.14237254244,3,5,4238.842586900746,2,4.337490527836561,4619.95288772958
946.4529562710026,3,3,902.592442891287,0,0.7792672912841262,989.3118313846244
3219.6326751552797,4,3,3750.7293041922667,2,0.3880138599255089,4399.303143547022
2520.9856471349767,4,3,2900.32881403344,2,0.13010758801726316,1971.117507452466
6605.32762923781,4,2,7663.609045064351,4,0.6392985838787462,7428.103167037418
1825.3964671295748,3,3,1724.2458271978921,0,3.397548185382738,1463.8903074153734
1478.4344067039265,3,4,1447.1597037087251,1,1.4845955884990143,1173.1669488554694
5562.473821401585,3,4,5501.371844255992,0,2.0344690656332385,7113.236642785281
6820.475141919711,3,5,6696.330619626623,3,2.763529080490535,7512.438135464407
2263.5413458236744,4,3,2676.823821170971,3,0.3820742470102384,1786.624782255597
3774.449801629864,3,5,3726.4915620572783,2,4.6564608781954995,3120.676895235987
3583.5331893171983,4,3,4237.916705373966,3,0.3202629360162423,4041.4842854785043
10239.551116178152,3,5,10297.265964249389,3,1.4373197537001923,13047.25017944782
2280.4476148299336,3,4,2236.8416966647446,0,4.632067450500456,2036.0619709734353
5060.103137624453,4,2,5752.5211727154,4,1.231222943681257,5952.900161483136
1979.5366152905874,3,3,1905.0313639345923,0,1.1173789554191984,2594.0583031696324
7890.868282432028,3,5,7842.222504199289,2,0.42197509757231166,9118.864620488364
2018.3822700677233,3,3,1949.4305024919022,1,0.27460283732073343,1441.6836668460885
4615.2802248105945,3,5,4593.536446137439,1,3.9197527019842804,4795.487026531252
2797.1321238271553,3,4,2761.3327780319146,3,3.0986723724498186,2082.83690939396
6315.193517113714,3,4,6227.597992991997,1,0.5957041648436059,6086.491418786729
4374.366070779273,3,5,4411.343169343746,3,2.683035882638518,4368.2773888962
4214.568247038086,4,2,4905.140808946565,4,2.3602787150100943,3556.5149815855243
2777.3570268747244,3,4,2712.062929293953,0,2.99119566715433,2713.2249964598177
3178.3314107127735,4,3,3738.3770768799363,2,0.12097619479694038,4109.931359888133
4782.575470917986,3,4,4642.060249251565,1,0.042483768873565156,6450.217775221572
2903.782427085323,3,4,2784.8278448737083,1,0.14490577128617127,2169.2690633808925
2434.3534349348934,4,3,2872.9561983274643,3,0.297557282560907,1783.7327511754456
8047.508819276281,3,4,7946.234330698046,2,0.09763409751776204,11208.084649512375
6835.722210072573,2,7,5466.943107947261,3,7.508034148667142,9481.103072221242
3627.824578872269,4,2,4161.421217427317,4,1.230144703642441,4095.9987431704244
7295.133781596451,3,5,7162.591948919436,3,2.6572643699284573,5246.57733501154
7890.963457392867,3,6,8138.425463061952,2,2.9980573983809973,8379.479198926392
7597.886550949372,3,5,7506.039572833231,1,3.0028632974441263,9555.88177399042
2433.9399306931114,3,3,2346.3514720374496,0,1.3878042817393357,2193.915274400433
1296.9342640640807,3,4,1266.8279109284963,0,2.9918773844396767,1148.3282658306211
9134.786654420433,3,5,9077.351689825577,1,3.9085443130850126,12658.215396441106
5794.298881325501,2,6,4550.343000457656,0,6.549398225589858,6348.578028522787
2531.436324358704,4,3,2977.362848110098,3,1.154888094195855,2415.0953093626636
2429.63794614209,4,3,2782.994374017409,1,0.23157248748383052,2492.4981763095566
5331.763843798277,3,4,5310.459903280839,1,0.25856282415300763,5570.770221414822
3536.520288994076,4,2,4090.0212596301103,4,0.5295400322109107,2900.045911888722
1636.0218508175335,4,3,1942.900416971558,2,0.5813516561082159,1681.9161073720961
1855.3368201879669,2,6,1452.1302880371607,0,8.617937385968316,1693.8842770202173
1553.6857879526744,3,4,1498.6302928849007,1,2.173875561902027,1252.1414293455664
6932.084228971781,4,2,7808.014142696644,4,0.2483855869518826,6439.545684403022
3409.4454315776475,4,2,3926.9648690368977,3,0.1465323714805567,4686.391050102077
4884.50453782515,4,3,5778.853025290331,4,2.4935628045610083,3570.685930648813
6836.745258534895,4,2,7794.393594922035,4,1.0864846500377927,8944.192832230325
3347.445396789932,2,6,2612.0664826913426,0,5.158365581379965,4559.4533148717055
2460.9685076333853,3,3,2364.989797329847,0,1.1891846640514592,3314.7018439235676
6833.99181726249,4,2,7722.35448281984,4,0.25384391135996776,9579.71124312891
2397.986207151394,4,3,2774.637935407908,3,2.332377779420662,2048.476513970813
2773.8791948876706,4,3,3285.7375429615877,3,0.32156633319656225,1846.1729799346058
5890.698310002553,3,5,5804.914480778325,2,0.21338540162002104,6057.02632891876
5841.412698572825,4,3,6736.124231744885,3,1.005188675803137,7773.535875391385
1310.6038693634518,3,3,1275.1036562316508,1,0.2197931343791057,1687.9614441276972
3215.6613797897508,3,5,3178.3940832303642,4,6.432209035734051,3172.220720691693
2558.268948582798,4,4,3098.272100676636,2,0.21554260783058052,2568.322782690549
10869.641257472984,3,5,10651.328211821661,3,3.7015071821347774,13122.82950983481
5822.053640787791,3,5,5744.0638198438655,1,3.345478015898379,5319.932023151716
3431.2345902873953,3,5,3385.278317103357,2,1.004560658225144,4098.329368156172
3736.6722043049235,3,4,3594.550688802588,1,0.3630846231187562,3059.674972838025
11101.69419388112,3,4,10759.371205407771,4,5.321587388269366,13768.497110973143
6852.425879959018,4,3,7854.669739148042,4,1.850243791941604,8235.939414610044
4504.070074300197,3,6,4620.314039543622,3,6.587122506726992,4457.800145144824
4589.328849378261,4,4,5561.105866802476,2,0.5916264789349611,6294.644823243102
7098.690836618317,4,2,8094.4485315809625,4,0.7407668357185518,5562.860267383649
4466.045528089363,3,5,4465.710499193719,2,2.466084183364208,4895.163585341835
1514.6258335048094,4,3,1780.0457850461582,1,0.11945342269621098,991.6939231809688
1827.1649287369735,4,3,2126.301225947427,2,0.6187467077499286,1401.018270079574
2140.093613650423,2,5,1649.0626903411307,0,7.0383389855842795,2798.047981959582
1977.1947064979972,3,3,1920.7167387150362,0,1.3910846915988486,2284.8729557048564
6314.683878878448,4,3,7472.0305363778425,4,1.5532985507930932,5208.923877104448
1262.6677383621368,3,5,1242.4465842209772,3,3.962360312123546,1238.7973644526858
9133.659648801531,4,3,10863.411949573647,4,2.340214481489499,11303.370490000505
2816.896302523223,4,2,3253.816054530196,4,1.877021542539451,2062.8331543338563
6983.64781452539,3,3,6632.452571694893,0,0.47272843662256553,8819.796717910183
4944.918078132659,3,4,4736.022901660868,1,1.0367534235855371,4639.32105846415
3874.1351395565184,4,3,4499.157938678489,1,0.09446064129635078,4996.314466148173
4109.5814166266255,4,3,4841.969216251174,2,0.1396220193539443,5062.876242471913
2291.6865425496085,3,5,2252.2565159999162,3,3.404029245792502,2540.3297924675753
1330.5458137256674,3,3,1268.9863700284864,0,1.1023306870313265,1418.0876858009906
4704.722929230756,3,3,4430.028015471078,0,0.7254447800352334,5232.340893686546
4766.950323688734,3,4,4747.016539728418,4,5.41856868794205,5425.986056472189
4004.1309598080747,3,5,3937.061800823114,2,0.254183477477175,4110.931199177873
4053.5072685164914,3,4,3882.7013279092553,1,0.08797087458727415,5314.353008847022
1815.798155578607,3,3,1712.0619495397598,0,0.03871879935949961,2148.9660966549877
1848.5304161058514,3,4,1769.9068942376532,0,2.4217884639355196,2087.000362404296
4818.179353622743,3,5,4795.711106854942,1,1.4153162883468358,5021.704429730764
3436.0044455154934,4,2,3973.6125561436247,4,0.7809361762142385,4746.821915449159
3086.1384906553303,3,5,3129.2255268424565,1,2.333483675880707,2567.826568687404
3867.9595594819584,3,4,3828.624715066453,4,5.659864089962476,4275.176320770713
2095.5405307432893,3,4,2009.5792694663214,0,1.6665011044985412,2209.1210861009786
8430.979028445312,3,5,8387.208142605534,3,1.5274331635176934,8984.054615465679
5005.204321379884,4,3,5921.799122976225,3,0.5633902220812229,5978.529615585004
1784.492340936797,3,3,1725.8428636323004,0,0.5449979881134234,1604.6135763686164
4288.252411295268,4,4,5051.574230041029,3,1.5455467985993274,4627.068909300085
3158.3923013704257,4,2,3598.3153475829545,4,2.6397249689109765,2709.0850857400146
5000.027393869717,3,5,4934.979356713687,2,2.0537880255029144,5538.362609679114
3802.582982010611,4,3,4353.984627320725,3,0.4030945358517492,5156.669092520278
3552.158346026485,3,4,3412.3634090664304,1,2.6346050495383677,3074.7481684548466
2893.157772443977,4,3,3416.962416385575,3,0.8998224751373896,3125.320046041836
1102.0337974953509,3,3,1069.63553944279,0,1.845691125029546,733.2720533918548
657.9041961425705,3,3,640.705776750784,0,1.7143310672855794,432.26948035959185
1142.358996345733,2,5,893.1778924647012,0,5.062062750603021,1286.5046232882733
3252.704864369053,3,4,3214.5672039075444,0,3.195493754264106,3361.2230839593376
3616.811176588381,3,5,3581.707182991337,2,2.6245289149606954,3315.852125916758
11672.438378831524,4,3,13730.413935581502,4,0.9159282506186428,11134.650295033178
2505.7234794500077,3,4,2420.4438637464555,1,1.7593544000870702,3319.166688641747
9897.567199196288,3,4,9779.455333201788,4,3.1558726574819347,8025.868495336282
3247.323001924468,3,6,3286.744826644346,2,4.049239069621654,2832.5067552641035
5442.549177966403,4,3,6346.08975915337,3,0.3444964807394841,4476.378764197152
1056.0814651935211,3,4,1021.3308258828102,0,2.663247579171793,1088.8033834701112
2189.595730721887,3,4,2172.7020754560954,1,1.2154071294129751,2001.566774748278
4367.519776772001,4,1,4971.525379267612,4,0.32733465356666636,2622.9968542553606
2098.5735310056525,4,3,2464.066886124027,2,0.42818439600302055,1932.27856921887
10691.458031978475,4,4,12982.866190779936,3,0.22921855000602384,13297.352163232314
11167.542123198105,3,5,11267.893448846447,3,2.963454213299488,15922.18431043136
1837.58393400906,3,3,1738.8894406586262,0,2.0270233237237356,1511.8995230840658
2165.850278190612,2,7,1740.807307246494,2,7.878541117953228,2602.2286812972334
2651.897341813157,4,3,3138.9787767636094,3,1.0386288701553053,2434.3188833834165
3892.8843640744312,4,3,4536.357107422698,3,0.46017913792426657,3180.3294417488582
6402.213953226905,3,4,6221.821525865048,1,0.200023847049888,6157.993596864695
7193.242074146222,4,3,8260.749323996504,3,0.6784194977345022,8725.609472135762
4668.171657548817,4,3,5395.840995174535,4,1.0603544338858233,3716.409433423854
4550.827499642833,2,7,3629.224175264214,3,8.959301958653075,6004.681706644465
8868.860062589256,4,4,10663.155786274987,3,1.5508811636854083,11614.365189729804
1691.8851211710335,2,5,1291.2925122364554,0,4.273946533226274,1844.9763451830725
1430.2965775569937,3,4,1401.8562682789466,0,2.658243757503139,1769.8702867692552
5411.693548474229,4,2,6200.7535785308655,4,1.0902539200245838,5718.325275301076
2954.6081271923335,4,4,3474.0958066818303,2,1.673253155743594,3151.2075708768307
2344.061309896401,3,4,2319.805457364998,2,0.7832723400343425,2275.702942542717
6118.730600591385,3,5,6211.176807079628,1,1.9858302483660561,6535.016671394712
2579.428228171322,4,2,2939.5055023868963,4,2.745108269030727,2207.306342482572
3249.992912318971,3,4,3221.8083642818706,3,2.9308138675176867,4596.004865017511
4595.871936310978,3,6,4698.187883537788,2,5.749981725268154,3707.600069628394
4497.344507410593,3,4,4404.739137918039,2,1.050959848325553,3786.995940796506
3148.7767263737624,3,4,3087.4278825778365,0,1.959034406883033,3175.7981620698215
3869.8380929850982,3,6,3964.9084450536634,2,3.7850131241091436,3452.3030975204215
5369.983996076344,3,4,5154.652246458724,0,1.3562807505465473,6881.785533153248
2596.1746270279586,3,4,2498.3704653212067,0,1.7518426221100243,1951.9036994771677
3455.8000016797487,3,5,3392.7396493798024,3,4.35010991339719,3279.3143336185476
4482.178458675225,4,3,5231.943183657181,2,0.1692254076467302,5053.3400869237685
7860.258300378886,3,4,7562.5465829910245,3,2.0444953411755384,10619.120609727672
5643.70893297845,3,5,5524.075750961907,4,7.828662798927594,5645.55899528696
6154.109897838761,3,4,5988.51593259611,0,0.485958034818662,8887.307897697676
3633.4726089532087,3,4,3569.5189134178336,2,0.9916133414733729,3793.3807557818136
3295.711693985103,4,3,3788.234513346376,2,0.12805616042327103,3199.013021872149
7310.6397002392805,2,7,5886.428068397758,1,7.768741421953167,8893.835838926712
3427.4763066021887,4,3,4066.3785076811196,3,0.2480573863535408,4122.542883871043
3726.5322882837977,3,4,3568.3381863071636,1,1.6917286575230883,4464.400200086945
3421.0052794659155,3,5,3345.053666251244,1,2.9154915910240167,4458.308208000563
1929.276822222049,4,3,2233.8018686505575,3,0.18929894304625186,2083.9551417289454
2469.600205974527,4,2,2858.6811429324753,1,0.4566847519805428,3294.9272275096037
4347.389166595708,3,4,4299.9903994039005,2,0.24403395456314597,3987.0982257364362
2229.631488096357,4,2,2504.16852490591,3,0.15284474764016728,1753.324127100979
6919.572128985413,4,4,8166.331618183809,3,0.08612991912917621,5822.667477976512
2976.250235378645,4,4,3495.9938999718497,2,0.2649294373150907,2550.791963052542
2565.9472247032495,3,5,2579.270655682162,2,2.625031601512296,2595.1660467188326
2303.303476394483,3,5,2280.650632716946,1,4.877755899050594,1749.677708400151
3743.1828957279013,4,1,4154.944699075378,4,0.06336210848063108,4645.205406853119
2912.6069611352277,3,3,2784.8377786025653,0,0.05320124269554099,4168.9410784225465
7854.543091388727,3,5,7705.186549198587,2,2.713204331340604,10865.292299593764
1596.960813899556,3,3,1530.741090150633,0,0.10360572129627639,1208.4636289958664
1459.3649632875627,4,1,1599.2775209593958,4,0.6327795143673695,1021.1371490170076
2691.1454367072683,3,3,2610.763678485211,0,0.49809399547503597,2164.2814552265468
3409.088838002126,3,5,3380.5312397793505,2,1.5978030893721693,2896.122060193215
9150.969370891591,4,3,10588.767163196655,4,1.3417563324107162,11886.840528780745
1693.3882645636345,4,2,1899.8295745578407,4,1.5391240331775682,1260.6423075496145
6051.311961468685,4,3,7139.842934517001,3,0.09701758977196655,7255.35427047515
2080.641389842149,3,4,2009.688339751499,1,0.5835000147919395,1905.3477118952153
4441.73596248676,3,5,4359.809448506065,2,1.3624684801467064,3790.771574217709
3115.069661389115,4,3,3654.6961371478023,3,0.6754889578085498,2428.418872626255
3808.508138238342,4,3,4400.5927541657275,3,0.7563728050525131,4782.239782006677
3631.8625076225385,3,4,3479.679909447962,2,0.19528822719393718,3118.199033172664
6991.569599369676,4,3,8232.287014675621,4,1.851840843848184,8898.141367364446
5600.5245427428945,4,3,6520.653322567548,3,0.2593905742244879,4416.256878547327
3157.2912043172887,4,2,3645.218441560524,4,1.1020762435816414,4186.847349451939
2546.3484946843623,4,3,2987.7405106426368,2,0.9304102524596747,2503.997389730639
6342.89575916715,3,6,6521.104957486088,2,2.0079065979118766,6170.550143875327
1961.6957092705848,4,3,2264.468398732606,2,0.9605422673441851,1805.2741586136108
7060.399504622881,4,2,7946.692124639826,4,0.4172506603491629,6215.777965465336
3291.015418332608,2,5,2563.351715206719,0,6.180618680371478,4179.241378935122
923.5976435083464,4,3,1089.7996597141118,2,0.8988978323369857,775.3384189313583
3400.791655283608,3,6,3482.157860534894,3,8.38249838125464,4239.1321810297395
7863.312594817179,3,5,7758.493241005862,2,3.1931634063754566,10144.868435040113
4177.586100044598,4,2,4762.1271988671115,4,2.514514658852388,4449.0072028364675
3559.940275937879,2,7,2935.6905354886726,2,6.745187429843793,3718.2764274000774
2904.2471186942203,4,1,3271.3930305460353,4,0.07234977299258442,2515.7370689655977
7571.85218637035,4,3,8714.091413182883,3,1.0344966609451272,10367.60906017847
3522.2822905919616,3,5,3473.3293386403393,2,2.5124695311530134,5030.664897799434
3132.5364374363567,3,4,3115.0256518289143,1,0.47021991735907287,3617.5031023691063
4183.110733980489,3,5,4241.725548087864,2,1.8876824952581233,3346.6023695897675
1476.423774927384,2,6,1173.1304086566613,0,6.131631528796906,1293.6835940061028
5705.778799961046,3,4,5612.109965572571,1,0.9304036375037497,7746.911598749844
6373.307548400051,4,3,7580.0433375335915,4,2.910006318227208,5442.3020852839345
2097.4241818762266,3,4,2088.757255322627,0,1.7399774356661946,2664.9833999202883
2252.3639064353097,4,4,2641.7123215182232,2,0.48286587238694817,2154.17588115302
3980.396507600861,4,4,4688.372000577926,2,0.3316377020520263,5218.432044522382
1917.7538569770334,3,4,1889.9386652176552,0,2.3988687892340748,1806.19228633121
4306.888463971422,3,4,4231.864960028012,1,0.3249675398508179,4262.556473217066
882.1869824234788,4,2,1000.8780460263667,3,0.12083078072948147,652.2667893278643
2637.8483099908394,3,4,2545.850025487057,1,1.7380581938488882,1947.7483426148824
4670.976613816428,3,5,4714.58127182982,1,3.020159830194389,4699.700536809076
5802.6795490599425,3,4,5713.03780787383,3,2.2938048683817365,7806.655468732955
3932.574886877324,3,4,3794.700920078263,1,0.16730590889295668,4940.457363373375
2003.9742412662777,4,3,2319.564939880527,1,0.047668963135709876,2453.167419785561
2568.5994407502035,3,3,2440.0404409662196,0,0.30211164542608354,2222.6707595148055
7599.816287682714,4,3,9047.814566905847,3,0.1930994115020529,10515.335784779845
3084.149029415302,3,5,3052.8227541869264,2,0.453895538205045,2391.0076763686075
2315.2002126525335,2,6,1865.9459409529018,0,8.127452985327979,2557.712075403078
3569.216003903977,3,5,3512.668101647705,2,2.9421370503370303,3078.90188805556
3842.4693019979645,2,7,3059.100914254996,1,7.660413960362386,3533.327492483746
2207.5857855165914,3,4,2172.630842588371,0,2.476515297144819,1820.3161302736924
4786.694985745421,4,2,5575.0931641277475,4,1.6239637127714588,4525.93670429619
1879.2011795768378,3,4,1857.3580585301959,2,1.4936646477362925,1663.708212801123
4515.3739924729825,3,6,4589.6995507633665,2,7.17020455396448,5923.870879619851
6543.8068646420425,4,3,7566.872266957685,4,1.8927736085366869,4635.762096313171
3634.1183391675754,4,4,4336.004552727638,2,0.6371804035230054,3852.3140879537514
4022.5249594173138,3,4,3956.34276713628,1,0.8991735982576275,3836.3259107705267
9167.623360192587,4,3,10829.922009056318,4,0.9916968395513933,9949.327108165933
8916.452656340025,4,2,10134.508599875102,4,0.21450364029231608,7836.869681627866
3965.678748370838,3,5,3913.145586868668,1,3.259486534041428,4794.413573922416
3133.636230968612,3,4,3072.79818307335,1,1.0021606116293613,4325.8790298977465
2680.760981367247,3,3,2605.340471631961,0,0.11604053062190109,2505.818648206952
732.6701029948944,4,3,870.8846878579557,3,2.3091141418430654,652.4127164257208
1986.9826269650462,3,4,1914.9899751477872,1,1.2851285560562806,1551.0282934100812
3991.4386496619486,4,3,4754.289105076032,3,1.3353635140452549,5443.825967577707
2371.9336708727615,3,4,2290.523405745346,0,1.684319865192375,1909.8738359862136
4426.060127038275,3,4,4381.6063630531735,3,1.155642203572197,3382.2303982348926
3495.8529539742285,3,4,3418.5403382111044,1,0.7278215083234604,4714.468110403192
2231.003329928378,3,5,2191.668733126142,2,2.479074383995918,1717.7690078541982
3016.5712566080697,4,3,3563.0432270026154,3,0.5853827425739574,3168.260112976066
4058.4516199611544,4,1,4532.264447127917,4,0.9283299866604555,3527.1201792190586
2489.490521788369,4,1,2736.4562347065,4,0.509304406396544,2722.475347457042
4669.46001229375,4,2,5240.076367067627,4,0.7832383547756493,6723.573350515252
2357.9117442710944,4,3,2789.490159511151,2,0.47785029426972275,1909.8812843139724
3396.3214990388256,3,4,3294.5030404261443,2,0.879937522346742,3062.5391494076007
2924.544727863606,3,5,2861.0654467303643,2,1.8480019545117352,2746.171747254416
6917.684028682137,3,5,6878.803024059969,2,0.7399692060454763,7239.793520605601
7466.7292982451845,4,3,8666.450178462557,3,0.06210487076465313,10843.427507879509
9956.049723304313,3,5,9783.96582226507,2,3.2884647718515327,11833.953364614068
2840.397682554665,3,4,2803.687521704285,2,1.7747710080991579,2183.6506368392975
5067.316002161827,2,9,4203.467005295423,3,12.093475941355486,4017.836985783058
1854.5722146622861,4,3,2178.319396458871,2,0.7301172820886138,1091.0303048759492
2469.557006231712,2,5,1932.4120191748707,0,4.213761862705879,2091.016789963681
2580.3976935719775,3,4,2549.8910953061923,1,2.032515694412197,3529.8299018511557
1729.1641142859983,3,3,1641.1437433235246,0,0.6524613849715518,2396.8523874437615
2376.2654876242136,2,5,1827.27874068823,0,4.824472674658554,2871.7994191973603
3449.64603898464,3,5,3421.8584324436383,1,2.25906883451045,2335.0776059287045
2188.07261311705,3,3,2078.28480754568,0,2.117689495075326,2937.7116829181173
2147.1424166657735,3,3,2012.033308021254,0,1.282415362348643,1606.8364300624335
6760.977151022001,3,4,6517.29187750725,1,1.6350896640277113,8763.025711474345
5105.2920818430275,4,3,6028.957921069202,3,0.10624314788300872,3901.4358414432127
3835.01982601073,4,3,4457.25634183275,3,0.5136059562390066,3392.945414733779
2856.9092854152336,4,3,3342.23569940731,3,1.8273048747642917,2308.427759997728
4318.382198025095,3,4,4165.565329389323,1,0.5237308980487658,4454.1355869909685
3521.8969044638156,4,4,4246.476792488797,3,1.1974634614079467,4452.5920590564665
5850.535084861721,3,6,6011.41588911951,2,5.1102733252590244,6622.038291585859
3076.727153742557,4,4,3710.4921932949906,3,2.147948769690529,3212.7436314445968
2159.22408976269,3,3,2042.9948554556859,1,0.08767046168118162,2592.4043250485825
2194.023788689165,4,4,2636.7200740946646,2,0.0008447575048522569,1742.8690119076666
11111.207587954887,3,6,11336.969374150807,2,1.0280756230837682,12217.210124308542
1514.4197698813439,3,3,1458.8931584310126,0,0.09770538717950376,1712.6635907653056
8331.954697725814,3,5,8466.996005706873,2,1.3692819239656977,10641.524187701076
8639.439498201371,4,2,9792.55584974356,4,0.13706307815976404,10603.976497728994
1964.814080145268,3,3,1885.4626919574337,0,0.40926932127754895,1589.0412305149478
6189.339815976344,3,5,6269.283876251926,2,1.4580700595323808,6030.906534270754
2702.866725081909,3,3,2561.1774401361936,4,4.492976466201636,1934.386509678083
2715.252832398944,3,3,2629.2147015991654,0,1.9508387836641592,3169.9106982024405
1916.984354085427,3,3,1851.5364409132076,1,1.8862105626117112,2112.9951808872593
6222.1947209448335,4,3,7156.281073084025,3,2.0555607134171323,4179.208492248987
1092.7427584608095,3,2,1012.7762523552891,0,0.10874906119477011,802.0800972085362
14583.065842122298,4,2,16500.838680116198,4,0.9648581039466327,18371.645736134204
7011.720308418369,3,5,7105.407617580086,3,2.844378656173242,7078.846702345852
4486.915966475511,3,4,4464.187385552341,1,1.031343768115513,6104.579776893723
4155.233594352221,3,4,4005.4247964778083,1,1.4282867080249535,4104.052834625224
7591.086186487446,4,2,8575.164986715099,4,0.9456424063167579,10738.04167396579
6237.654061059235,4,2,7059.969037519086,4,0.29832197728478094,8609.331582742456
11333.591398849192,4,4,13737.02342177829,3,0.031210291762229284,14122.448314992582
2218.413442897959,3,3,2085.114232220477,1,0.3536815705671934,2104.0972297492253
3163.6871808740816,2,7,2539.3269435475822,3,10.159920799019842,3778.6953161733823
6738.706317570534,4,3,7934.925320221287,3,1.260707076419362,7875.137635598628
1768.2128765896848,3,3,1670.8684943205171,0,1.3121300450900613,1965.9344524458463
2699.0198231517415,3,4,2607.5700637107616,1,1.6203935056639844,2197.313259235322
8951.185251898998,4,4,10538.875693458973,3,1.4736567011130803,12734.707990541323
1214.0120284520808,3,4,1169.4444467841968,1,4.90670064005356,1036.8851199496337
2035.5767219331797,4,2,2337.588088368348,4,0.8517577910928613,1351.8942138039315
1611.7182930068504,3,5,1607.0789871969816,1,5.0299085844461855,1335.3037923564182
1632.6339453641078,3,4,1611.6384660503477,0,1.1730366002927362,1397.7767426092867
1784.1592515086916,3,4,1742.80038799685,0,3.356128998561802,1542.3852461233414
3376.6203774063515,4,3,3912.262361164494,3,0.44807579850651924,2272.7860972583812
1972.039092694626,4,1,2193.2946787443507,4,0.5777842833664947,1691.873282930107
5827.817176709476,4,4,6981.450928822582,2,0.4749952025420606,6602.23090864353
1188.835461308635,3,2,1117.5561578515985,0,1.1338220108533996,1112.2244855398112
6134.346980244361,3,5,6127.140688621619,3,3.2680977308278765,7451.078504768323
3004.8602567913704,3,4,2908.6905387571614,2,2.368240370062135,3503.6054840369993
4354.653161065352,4,3,5071.079604405249,3,0.09739078750455434,5240.844541758391
7795.153700977334,4,2,8980.062977651009,4,0.87102311601297,11367.867259998588
7624.195237183183,3,4,7550.358554961122,1,0.43987464949293276,10380.862004706696
7557.937871944,3,5,7491.3224198634525,2,0.8775250524889789,6600.487798118047
8147.181724520409,4,2,9288.313560028424,4,0.38920166472218365,9429.294505825372
1380.6104797899911,3,4,1332.8745768805052,0,2.971562691272052,1181.2259942028977
16046.043663582124,4,3,18567.860161744775,4,0.3882463888347162,21758.688288354
2654.8883874272296,3,3,2518.265952838548,0,0.20623585698665498,1983.5606797055045
12195.549134196459,4,3,14356.515356803502,4,3.8222297311962747,16176.934025905131
2561.175771490057,4,4,3011.568889694554,2,0.6359750940223398,2294.1188516747443
1715.8910440612958,3,4,1667.1542839853373,0,2.886806102613286,1491.220917494481
4562.151361412988,3,5,4559.7865569813475,1,3.9021156109801014,3623.553501276176
2582.787369064631,4,1,2922.6665337581458,4,1.052950616224339,2636.0848138487286
3092.6147624090513,4,3,3662.9455211665727,4,4.303869359477672,2701.259843720589
4916.224602319989,3,6,4955.83435873631,2,4.886630973151623,3596.5736598391527
3063.934161273754,3,4,3044.3169319868225,1,1.260781926524071,3823.675036845221
4065.9415205124706,3,5,4119.005914286448,2,2.8778944287408423,5187.160046499021
5716.5742035291505,4,3,6634.924559029265,3,2.0441438532996563,6422.489063590287
3213.0612410077933,3,4,3113.323564172067,0,3.11974133554007,3034.607393395726
3264.635277393379,4,2,3680.9494572349895,4,0.05142467590002699,2814.9299921785937
10390.853459478534,4,2,11966.722306971098,4,1.2595520675149288,14658.842045931975
8374.208938913422,3,4,8311.254678140143,4,3.539601310528289,9227.0884399903
9879.846533241123,4,4,11595.84359573046,3,2.3938061600913656,9993.796661714123
3057.7169962008647,3,4,2939.557269752754,2,1.28520904979024,3762.2011539853606
2733.283141827161,3,4,2686.2360669472114,1,2.0407727195531455,2887.084742134935
4963.504684746354,3,4,4929.180313608381,4,5.573476096320167,4690.508820591841
792.5335189172574,4,2,915.805085832174,2,0.004914902934630535,710.6574311794358
1886.376922602463,2,6,1491.770733267958,0,6.01273496428759,1806.1782042498896
4517.616406039043,2,6,3645.824415810813,1,4.725958411165554,5851.770143007035
2569.8891240741723,3,5,2538.8423502537935,1,5.676581343257241,3580.692360046568
3107.2647094673093,4,4,3711.2682473990353,2,0.31978032959211256,2652.5274710504273
5265.4137622860435,3,5,5162.61841752825,2,3.354704094731166,7175.2650923070605
6308.704907870801,4,3,7369.69482702707,4,3.254122279728583,4064.9849910967964
7263.443718268681,3,5,7133.110128715635,3,2.5504867267320352,10181.610936912084
3649.118430039133,3,4,3581.111117091341,1,1.831188075301497,3277.673395960362
2535.644882459394,3,4,2502.80126814886,0,2.65447155787602,3277.2659653713813
2938.8732430810387,2,6,2362.5592599010743,1,7.622672136235822,2846.951138581241
5423.223042365778,3,4,5353.65996498723,1,0.8228605835438352,7634.404895375167
1327.535561806347,4,3,1524.3464336543886,1,0.938251456142818,1569.8145585031918
5278.002672826466,4,2,6065.433363373441,4,0.8812110564319243,5600.763699597351
6680.011301567199,4,3,7791.505092002206,3,1.0315585572645085,8144.043943524925
1806.7276424476763,3,4,1735.7387083657875,3,3.2831920315973373,2413.098586750354
2539.2420531077337,1,8,1487.9878704022715,0,12.323617220688703,2719.6864925555424
3610.1486367412003,4,3,4288.741577164069,3,0.12291342830869798,2676.92004779579
7924.338318280347,3,5,8035.269144884307,4,5.662850298069779,9981.593794077618
1108.344810690822,3,3,1038.4309497700253,0,1.5980579335681036,853.761552101162
8372.794505991284,3,5,8265.28400208293,3,3.314959194039177,9963.602110868715
6409.493161635112,3,7,6754.629204681679,2,4.706581035030693,6210.146502312691
4347.730246288412,3,5,4313.954017344094,3,4.853365465226341,4894.716254593043
4777.072953616528,4,2,5467.03404348488,4,0.5898294998328036,3768.955393910012
1276.9498368363468,2,6,1011.764135711206,1,7.415180212697122,913.2963109504283
5077.73943002711,3,5,4982.024308237829,2,3.3819271160318483,6392.01734014183
7997.949253229608,4,3,9490.4711386219,3,0.28050972964976145,9782.914169935375
3203.20264552114,3,4,3187.643733801119,1,0.5843064417146862,2658.2088572460557
2966.5801055688894,4,3,3512.3705208228143,2,0.06546114739240717,1872.4992937347893
2799.0883856113514,3,3,2700.460458438646,1,0.7411237271579535,3123.7838537520665
8268.78372575498,3,4,7950.94416946048,3,1.4901742678771897,8708.410747653597
5065.14512645129,3,3,4929.209144889271,0,0.03988500882950221,7069.545113115819
3365.095479096529,4,1,3712.2243593126827,4,0.60625146455077,3499.907843162778
4784.9835038217025,4,3,5571.402089128236,3,0.5233678150102149,5345.059720799749
6222.783569916776,4,4,7348.138037899747,3,1.3663482002063738,7179.42917199474
5577.747629494187,3,6,5770.120594788292,2,3.298884515433214,7700.123501701691
5190.355051194177,1,8,3109.6206194303727,0,9.305911266597063,6999.313301668237
1170.7996070022207,4,3,1391.5215652345905,3,1.1235107351726887,943.7507465486593
3092.1341040917177,3,3,2980.1707420046264,0,1.5594587519800363,3874.681696900757
2271.451433866402,3,4,2208.690462009648,1,1.191478346521148,1942.4564355198513
3342.182801487128,3,5,3307.402860750898,2,2.3900379182079163,3945.035882072856
4107.1639933018105,4,3,4888.163254380799,3,0.3984059990418373,5245.2585134766005
5121.368561713689,4,3,5873.537512770881,3,0.632616939812526,4852.090717890503
4338.3746427287,3,4,4316.5553919058475,1,1.7797461702992678,4396.146858117622
2225.2884075160437,3,4,2184.169282015288,1,1.1479808517185022,1641.723484948986
5262.811581550156,3,5,5346.555484236201,3,3.165045770529047,6560.940440009221
4343.232381232813,3,5,4389.169535113121,3,3.3099597390811697,4211.244384522455
3718.1776405990986,3,4,3598.503559256163,1,0.19124182312462468,4791.516932473058
1705.7991460824835,3,4,1676.9867003641034,1,2.80016317000558,1832.8725998253763
10699.474708264248,4,4,12547.73242088032,3,0.6577964693091433,12193.752730882476
2937.8887484181746,4,3,3389.179802092338,3,0.39732108063864446,3202.0539424328113
2608.5612730759344,3,5,2573.069542564766,1,1.9994015955700437,1983.465367671845
9118.463266197548,4,4,11005.669981358453,3,0.6465941832110828,12511.46289139599
3321.970215222205,4,2,3858.544275360498,4,2.0558550694349744,3528.751083813904
10413.315244083646,4,3,11967.66859713391,3,0.3850925346473923,12401.622999995561
1026.2444825166397,3,3,961.065649613467,0,0.9625268856119983,839.4679294982835
2237.216668159961,3,4,2181.2773535746555,1,1.6669848465933526,1893.193266922165
1955.5344556543491,3,3,1853.3799338346366,0,0.08782728626940253,2423.6526341621793
7821.15644641585,3,4,7494.691871005778,4,6.406567170354754,9104.707499854698
5548.08165503506,4,2,6270.876992095633,4,0.7460981358901236,7297.417508697535
4454.37034458267,4,4,5307.621633410264,2,1.3322467081480205,5782.390085315479
6092.264152993284,3,3,5760.297004793269,0,0.5175686884188689,8278.398222883809
9681.678194819951,4,3,11277.365750645178,3,0.017059901431424017,11462.039075973005
1894.5329770254727,4,3,2183.8172296700272,1,0.3247387099236023,1882.8879838648743
1762.8839564422908,4,2,2034.861935809467,3,0.6748507818041896,1273.547661071472
3610.6860707054457,3,4,3524.1771946204453,1,0.6543100402928183,3037.137514230216
13271.98874849479,4,2,15132.146835291127,4,0.925270301789549,13586.811879339233
1692.9949050743976,4,3,1946.4939593201746,2,0.1117253379546382,1320.3866646002327
4070.497487463142,4,4,4882.570780051235,2,0.30889788661164963,3581.105779918999
1886.7069692815917,3,4,1828.5896653299646,0,4.0396149299155955,2607.8711814771887
4633.654687716784,4,3,5400.5961611281045,3,0.37128612801051836,5289.431611139653
10041.929714487673,2,7,8225.687237589676,3,8.479778671578233,14442.516292256123
3716.489526090159,2,8,3037.3034980341577,4,13.197359564051936,3596.7286446678936
3601.311767058464,3,4,3490.8951000242537,1,0.8133821263551503,4445.519574773804
1714.0280555265829,3,3,1665.985860520355,0,0.42351122620526543,2145.25189708276
8112.16149403728,4,4,9529.83045138163,2,0.39537023481578,10358.30157079545
4942.276709329135,4,2,5559.818903847978,4,0.3525267580562957,3761.6389133646394
8509.609046370027,4,4,10237.526552011821,3,2.356058738861108,9792.470525722072
4692.2751725362505,3,4,4532.659737032446,1,0.13357415496401182,4499.325261843082
5052.521948052982,4,3,5800.030509291474,3,0.033479279083007525,4379.5993856857585
4709.126991205932,3,5,4768.639501574739,3,1.6123564139847772,3269.803879187477
12528.791434984778,4,3,14373.554706839184,4,2.146738729095414,16192.332279506158
2328.577052693604,4,1,2595.7476834036793,4,0.20041041941592833,1974.163213665802
2891.0897352645534,3,4,2843.1218848009994,4,3.9732248346698693,2299.8102089624226
8147.31757544714,4,2,9409.589808349372,4,0.15466268328117622,6354.387955955038
1765.6228419107067,3,4,1732.763344878252,0,2.2598246894332696,1901.5034708471355
10755.002634473967,3,5,10868.556776459334,3,1.1943525964011155,11437.956612399352
3010.7571422567303,3,4,2950.4761518490877,1,0.701275996353719,2485.872593580485
2088.8763646604643,4,3,2446.6695179167386,2,0.9116072334298175,2823.581071427423
2542.7103929833274,4,2,2893.639262588984,4,0.6552439249392271,1890.3753296889029
6119.03717204067,3,4,5919.162939944705,1,0.646897573777103,7826.5039975165455
2546.612846093993,2,7,2032.8876898579592,2,6.293566120036737,3030.728565819704
5367.082547032272,3,6,5547.237809109899,2,3.6248706322453983,6813.575359991749
2325.635803048011,3,4,2228.505715867364,1,1.1727096981004776,2111.7840789437178
3912.6443733904143,4,3,4605.023908577646,3,0.08875202893036732,4803.22274127495
2402.327771578136,3,2,2203.309749060035,0,0.04178567786852853,2533.918406645462
3757.290596398181,4,4,4484.268622064048,3,1.8297435902425674,3422.131528349105
3233.751628442521,3,4,3159.965435849781,0,2.4172888625660045,4133.1058593642665
1791.8356946654137,3,3,1722.690047840498,0,1.1816261548628573,1141.5265505711407
4930.7134790235,4,2,5567.438290230638,4,0.9814543618463818,3577.379691819647
5197.487382770942,4,4,6286.827470268567,3,1.2364524552043117,6054.5365911806175
1286.9369632850273,2,5,1005.6182230479883,0,6.811650853312216,857.9114216845534
2703.8400795396424,3,5,2665.5413790636794,1,4.161881773308793,2507.162977138421
2955.786190459655,3,5,2903.9292050832432,3,4.973809886683756,3673.0829050611496
1405.580192522506,3,4,1368.2960116156137,1,0.5788534652768202,1061.8673483761486
1874.5460027882816,3,5,1862.9710929975652,2,4.085992863376594,1733.7364483433735
4314.186786278591,4,2,4851.142821700187,4,1.3483334628043377,5189.297227692907
5130.203018901202,3,6,5154.753093845791,2,3.3427697506834697,6263.660209877862
2748.9274260134703,4,3,3221.661718756537,2,0.3977923520560726,2238.6496329103547
4209.312141808421,4,3,4983.7260166081805,3,1.880715283530182,5522.9916319308195
6811.748912398509,3,6,6871.1172966045615,2,2.3001895025872505,8681.890639444271
4687.45568314971,2,8,3793.569268739361,2,7.409439085107539,3479.6416210028815
6862.504705680386,4,4,8033.536122546623,3,0.7176185376150631,8685.18465272538
10626.109334892422,3,5,10760.346504602669,3,0.9916625348371159,14215.376988062964
2885.7294171008475,4,3,3304.8581298567487,3,0.48643465606962155,2432.708206842453
9121.285965919464,4,3,10844.21071223795,3,0.2837079992011371,11304.55917180702
3270.768968720447,3,4,3140.760847878985,2,1.185694221332512,2879.9504213450127
3975.9203837977225,4,3,4592.4715462273225,3,1.3520907144550665,3954.709918722601
1917.46072539443,4,3,2200.0588576835526,2,1.349254149580309,1644.9731808419926
6256.870407411957,4,2,7090.5841654349515,4,0.5593974854668786,5153.807578344043
8291.573459260399,3,4,7985.663451923523,3,1.8222068153981992,10874.260477287655
5071.066866672973,3,5,5085.476021039076,1,2.496787525220972,4033.755403622498
6139.270041839322,4,2,7134.866705769318,4,0.14650945913238128,5264.219234547849
7927.460940061141,3,6,8077.678178326129,3,5.73991146289666,10141.288410612242
3813.334953356342,3,4,3678.1667371145772,2,0.32243599100812004,3312.8132478865623
3478.759369087605,4,3,4079.798093946526,3,0.844961432169931,2929.0674155210913
2159.714491267224,3,3,2065.8410856963415,1,0.05695720141751022,1886.7498297958464
4649.033365889414,4,4,5554.7825588025535,2,0.6796858315450448,5470.62811222808
2514.851280148855,2,5,1957.1789943107908,0,4.425127414951069,2115.421198654383
8477.2568577001,4,2,9826.576219897071,4,0.9396152151725835,11073.878742003342
3134.805280007723,3,4,3118.9161998188933,1,0.6903242679780945,3641.769886282626
1678.1545435966832,4,3,1961.3021360287146,3,0.842671198506791,2125.219521815659
3409.57273308488,2,6,2687.4768463390324,0,7.249707622776943,2455.4874017799534
3369.5083101649475,4,2,3865.885986210667,4,1.5497474925904426,2717.8139898266913
4272.891850748826,4,2,4825.98189949452,4,1.6559395856315497,5083.163143454208
5300.644614414005,3,4,5120.060873432106,0,2.650236529914402,7386.952644287766
5969.5238552931205,4,3,7032.354946978207,4,2.790057389507827,7071.076202824996
4950.120397440339,3,4,4786.428285676699,4,4.015347911251555,4238.780444082014
3091.36400421379,3,4,2974.2112798921257,1,0.6586828663327392,3838.0099265081017
3448.6708987473585,4,3,4048.485069948483,3,0.40566423537614377,4374.377402793479
2838.905774717169,4,4,3417.171577507446,2,0.7822861835111425,3301.8531078847295
1674.3772722097767,3,2,1573.711180249751,0,0.13579317577835434,1919.2772435764048
2215.156324567204,4,2,2486.2322637991483,4,0.33722790953816234,1933.7968338871797
3209.768947880707,3,5,3179.551703024006,2,2.64723313815731,3394.402745998829
5446.750551335669,4,4,6592.171758869283,2,0.25859429111738297,6444.972285211301
9013.066065003084,4,3,10735.167493921019,4,1.5626550705156501,12180.78404767702
3658.5485703406625,3,5,3615.032674167675,1,2.293001113717378,3057.5254992023524
3790.765271953454,3,6,3842.198572158327,3,8.312072197993723,2799.1434933052997
1601.678840258061,3,5,1609.0962734937523,1,5.0830545873835264,1660.1280883404406
3165.0842811930647,3,4,3144.998116950063,1,1.6852544099391276,4284.888250268886
4621.880926919274,3,4,4533.188975787935,1,0.7025282277103444,3829.15724799175
2943.8379814140094,4,2,3410.5248329650954,4,1.5922933226098162,2888.1660120383526
1627.9896695488612,3,4,1621.470906385755,4,6.4884223307746405,2073.943425008112
8766.057824246242,4,2,10084.048964042331,4,0.5356121801539235,11102.606293112402
5409.241050138748,4,2,6271.322352265564,4,0.9903627706734156,3605.4048129241273
5332.424399334614,3,5,5340.6559868940385,3,3.767912678649055,5605.426908341702
2465.2329008500456,3,4,2431.0909476112665,1,0.45868331317033856,2691.9597057736555
6439.438306917028,3,5,6486.543733614314,3,2.6913460126361226,6657.547030494177
5485.1283833845255,3,6,5535.729338333878,1,4.010929201451596,5152.866670483153
3614.8440609393083,4,3,4296.887951411163,3,0.4975703106234521,3598.713235593498
3101.161069098321,3,4,3001.981364559072,1,1.245116662657778,3757.67200659778
5622.661113549866,2,7,4577.396852252093,2,6.510695964439739,6162.698942097775
2898.8501156461093,4,3,3394.360272766711,3,0.9565398336396892,3443.199635970418
3076.592973016583,3,4,2996.2339171504254,1,2.159521362019099,4305.524698870783
3448.2944448612275,4,3,4023.379236368232,3,0.9462308559797861,2866.5506267151704
9106.34033913395,3,5,8936.877299722808,2,2.6533644409933226,7259.125037467844
4384.041913091388,3,3,4120.297837317182,0,0.24935886994736706,4530.786438259663
8260.725926083443,4,2,9466.960661696872,4,0.3750584727010466,9485.214593614084
3418.3673833237835,3,4,3280.0601837108775,1,1.9321450461600251,4543.136540419154
4345.532873571017,4,2,4986.591642495463,4,1.1794094695230903,3565.7881901165906
4548.71132890243,3,5,4498.039597782665,3,5.014637105501493,5220.717124218452
6184.387361340275,3,6,6197.818140704374,2,4.873741969683518,4690.21173336047
8303.454135014315,3,4,8047.013509645741,3,2.5609262526606567,6336.2067109793115
5050.107931735377,3,6,5085.354321163889,3,5.968567240196406,4242.016947987124
5114.961380709273,3,5,5060.364730230986,2,0.29511698619443477,5763.564809470778
3797.2823445474246,4,3,4521.553473487732,3,1.0723779366168347,3653.5027028756094
1957.5921531657923,3,4,1917.0330232795784,1,1.8637744307613093,1660.5697509096356
5562.8001250251755,4,3,6564.248479666378,4,2.6265628585308707,6481.164154593207
4431.685334464819,4,2,5124.390598525092,4,1.7200275256267636,4074.023954603775
1802.2913881528002,3,3,1742.1263124511706,1,0.3038072231357351,1483.0947782198061
3506.438643351854,4,3,4119.007364818638,3,0.38832538251739795,3815.4291737134267
1803.3115406512763,3,3,1724.4194151623378,0,1.9232909253733101,1427.3049972549632
4571.229013283593,4,2,5196.640916799641,4,1.0258583778026866,3852.1867466807034
10344.903659762394,4,3,12154.0909930786,4,0.29232551686867814,13266.010056456007
4117.042071354858,3,5,4098.0208696896425,2,2.054302016489346,4332.693335630011
9489.866072195618,3,5,9611.091565659688,2,2.122010387383751,11431.50676393375
5570.743132024272,3,5,5518.392153542954,4,7.817049434522806,4916.877946205567
2613.963467066501,4,3,3048.4755457345727,3,0.8323204308273573,2139.147696281702
4662.796287777585,3,5,4660.818605631994,1,3.24659275515356,6379.992312050944
1213.2347966604354,3,3,1170.5373470918323,0,1.7562672471067506,990.1940505304386
1635.1354724009047,3,4,1592.1717551138238,1,0.35471133733814275,1216.7225860810647
3264.4111708645564,4,4,3955.952198966024,2,1.0628327221956209,3128.39484137166
3157.4476419987463,3,5,3107.358034587593,2,1.4684761684491352,2637.5912138537374
3914.465848981089,3,4,3780.513054801533,0,2.295196283197548,4215.123422489285
5011.383627916842,3,5,5079.392914820647,3,3.301719978835166,6795.90950753305
4182.672853647785,3,6,4308.720240134368,2,6.322572025386779,4612.623005454297
8904.715808422858,3,5,8940.883318117387,2,3.526660476916319,11786.780702201251
7901.729509189854,4,3,9273.207853073762,3,0.7516130674066043,11110.25758054456
2345.2089824019376,3,4,2261.582453600812,2,1.4124779961925664,2351.8163663237574
3261.3865162335833,3,4,3223.9507309617093,1,0.7075680688656618,4008.567213469861
3738.391831778063,3,5,3720.347956374229,2,1.5370307986229128,4410.707296556886
6512.338727282945,4,2,7581.634945552706,4,0.01560313769016561,5925.1594611804585
2209.6703189082614,3,4,2117.598953188092,1,0.7065805916571577,1799.8933227733353
5934.64940038255,3,4,5774.764325559286,4,5.311276911829546,4742.641814338878
6596.00500353152,4,3,7834.365063985939,3,0.7689103941379349,7168.851298366241
2337.796575149441,3,4,2268.700109362206,0,0.8199188641458892,1976.1182224526228
2855.798746828066,4,2,3208.885234411953,4,2.3397735710853524,3392.117137813222
1809.8443861277876,3,4,1794.3440107729725,1,3.50933143886451,1382.9451580846855
1467.2634181833528,3,4,1440.2705592468549,0,3.3791060606874184,859.3015019453926
3263.142496466273,3,5,3282.5385741124505,3,3.775684907020125,3994.030443520012
5170.335140209786,4,4,6286.395846383199,2,0.32743963903897955,6934.343642322203
5401.537336568667,3,4,5238.618802969075,1,0.2460040827561338,7532.1376693499205
2665.0078122397913,3,3,2565.6913952299615,0,0.007925471632177371,2019.6629655727545
2147.8238638624994,3,4,2103.180246076529,2,1.7041160556515171,2930.8046218424483
5574.071624574201,3,4,5448.2710186880495,1,1.7658225272313397,6320.371251990996
5828.03889706403,3,4,5663.426322404353,3,2.3284146485151513,4680.905077001618
2152.1959894364736,4,4,2560.318298265185,2,1.017967452278702,1749.2514194491878
2711.946370935917,3,3,2604.725494518482,0,1.1794953959121581,2287.618286175399
1687.8590733230799,3,3,1599.0166390156505,1,0.30632893674255496,1225.0478785554449
5388.4097038428545,3,4,5279.956244425844,3,2.6216979871176416,7015.953230247311
2029.4815821218579,1,8,1208.7184408653995,0,11.280517753867105,1799.6695366085305
8467.878284261222,4,3,9730.356476003073,3,0.1511990005477371,10843.867049484523
2976.163698980492,2,5,2273.1154811556203,0,3.8964973661884,3926.293104016362
5910.539839523737,3,5,6007.10654247586,3,4.3252990289504165,5942.709734677847
4576.023141776097,3,4,4492.9995044386515,4,4.334243679829781,4530.4497438591525
2792.058995138299,3,4,2758.375813589831,1,1.342465506232916,1928.476207641508
5176.270828243739,3,5,5079.858564088842,3,1.9712545065156695,4223.060421836046
10329.32059211928,4,3,12001.823216636602,3,0.28137667929846016,14737.079408417028
1733.3014611625238,4,3,2017.432251245595,3,3.6818949373605188,1199.8442983149073
6125.648136463415,3,5,6198.783387846887,2,0.5055879963117211,6520.691117299032
5470.966272673305,3,5,5531.928249550678,1,3.7187974566075566,7745.193158823529
5060.356488248667,4,3,5827.033785687954,3,0.6732727665029313,6555.896071083624
2559.9758566875016,2,6,2019.7146926129722,1,5.415365990680291,1751.6879810927628
4015.522849030357,4,2,4515.4883999594695,4,2.584504493844343,4965.1201297941025
4916.164481738137,3,4,4883.284343501242,2,0.5839118959363613,3808.867632675211
2862.02239533998,4,4,3452.561442479247,2,1.4180052497506732,3784.882379775603
1317.6027752262187,3,3,1272.441312056906,0,0.722130367756937,867.2666911669427
3450.6894830903707,4,2,3977.1658482936828,4,0.9527793443005499,3544.7274311639903
2567.246878520748,3,3,2407.661976919193,1,0.1627183128511216,1963.6914932752875
1434.41103627565,3,3,1357.2535763748403,0,2.1109612738420007,1625.9716163160208
5863.035366460737,3,5,5786.891828866343,1,3.275241351742729,7696.938150965594
2827.9493439122525,3,4,2729.965072126811,0,0.4219419007343175,2948.368278430279
2866.79185497477,4,2,3246.5258376905704,4,0.5315764409029288,2536.015715863266
2040.5113497926022,3,3,1985.5457943254178,0,0.9884279922321122,1670.1407458223557
4469.689406002449,3,5,4511.666116740757,1,3.498200239353716,4446.22720333792
4283.576302061454,2,5,3333.7665755083635,0,2.5944341762032472,5816.621467826073
5215.610644934974,3,5,5224.481158517345,3,3.9578504605235567,4798.4895591854265
4216.242001976179,4,3,4869.3949321726905,3,0.24076234108988623,3488.231193007086
3925.4132580195937,3,4,3784.502109993017,2,2.0458826968929302,5044.717090913801
6605.559987995564,3,5,6517.3425839264455,2,0.07085913041924975,8173.788012184251
5702.276640527958,3,5,5702.499464851694,2,0.9118157423391577,4572.866176098128
2098.519255421538,3,4,2080.754048154469,0,2.8119161791801703,2459.230283647218
2450.886568466893,3,5,2469.8507937652475,2,3.3981172769265164,1953.715372256141
1317.4422313643925,3,4,1298.8178190758938,1,3.6565828351026766,944.3810231947092
9543.34060674717,3,5,9651.372015199759,4,8.315678460784474,13080.007662637323
2529.4100904332086,3,4,2424.5418473260447,1,1.5201595478107819,3287.2664076295077
1750.511785472851,3,5,1780.1528552998545,2,2.9574480137165877,1199.4544625209544
2015.9671582976357,4,2,2259.503297788461,3,0.12648106564499995,1480.9294373013647
7453.3776795296235,4,2,8492.40399874843,4,0.8596256394483144,6134.326732081183
4230.424756441642,4,4,4992.061420355678,3,1.162213274409783,5382.478397995761
4136.300744461765,4,2,4661.057781868412,4,0.5972379056258247,5207.647506344248
8052.842952402972,4,2,9044.67665262251,4,0.03474832490949342,6296.826273771384
1215.462627451681,3,3,1149.3841114813283,0,1.8825755210974089,1033.6193185793625
2334.706523602127,3,4,2292.796619191873,0,2.959604712723915,1797.5433041950018
1743.8705775682065,3,3,1633.5252057377493,0,0.12628711287888073,1499.0068461239814
1854.3091054799825,3,3,1794.615803160882,0,1.0548342249116416,2418.8163395084316
2995.445923883767,3,4,2906.422788006403,1,2.3911411090421306,3461.191866543751
1878.234726381643,3,4,1855.7168916963114,0,4.127733446267373,1872.7386222976793
2594.2341965143387,3,4,2485.4698024564173,1,1.6589854397489148,2951.381263612232
2443.2794589844143,3,6,2537.964043321555,2,5.607194833393875,1983.9593510412283
2192.222950920976,3,5,2168.206473456269,2,1.6244876231343548,2373.645938213675
3644.02772221378,4,3,4219.149836461323,2,0.022515682339017337,3698.9709379540122
3630.9697487211865,4,4,4399.233333280271,3,2.93680048938062,4438.949404161478
1916.989449177565,3,4,1860.0825336924834,0,1.0565053191729552,1214.5966517442275
3885.6556315658013,3,4,3766.9123873935882,0,0.7082503190140292,4316.937949070254
2893.258435402163,3,3,2772.8542365946646,0,0.5249841739237208,3164.7502641976207
6302.580923949746,4,4,7442.38253496288,2,1.0609709882916125,7697.623208313206
1789.1604460008064,3,5,1796.5813031707296,2,3.4590230594180302,1641.8371580204296
7277.791066647472,4,2,8168.810531252153,4,0.6998786477385784,8746.93607316781
3198.8123485274145,3,3,3054.208611787558,0,1.9595188700994695,3368.066953832633
4540.650728629614,3,4,4460.052602185216,0,1.610221100254073,4037.469970287383
1655.352868353523,3,4,1639.1281269951899,1,0.3046869249872584,1540.0273446816996
2900.5898576225363,3,4,2856.0542619776525,3,2.5253198542422277,2209.3692167920926
3763.092816762188,3,5,3819.098601701578,2,1.32639802652148,3247.6297821988546
2729.490576219748,4,3,3239.9290830498726,3,1.1557953240403143,2015.159692499334
4407.770212969859,3,4,4221.537438603733,1,1.5049122017373262,5405.716729337785
4002.109638265282,1,8,2363.7160523223297,0,10.923204121111336,4739.291079698583
3418.5410181291136,4,3,3927.682124663656,3,1.4349887111398107,3963.2993757643844
4490.2641457235,3,5,4548.949794662228,2,3.4344300585154146,5429.705471310888
2741.660048020067,3,3,2610.9138365360614,0,0.13512372205573558,3384.83809785866
8273.952371051788,3,5,8114.6608957334865,2,2.7073891363125733,10719.841737967825
8986.442105356906,3,5,8949.47520100954,4,6.314127324760665,11245.298838634371
8115.375259590041,3,5,8110.185858165222,2,2.3116170365740043,7798.717015511684
1950.0218205437243,3,4,1903.8620728772746,1,2.2902800561016035,1467.8848507584669
1916.1571008779558,4,2,2221.9164940013834,3,0.7770769331092107,1360.385920137981
4284.186180982579,4,3,4905.022434635278,3,1.1182948089877587,3353.2335131649625
7896.309869445071,4,4,9236.095108671601,3,1.1830116140682505,10117.664562878248
3213.65764970113,4,4,3766.548693669819,3,1.1851250779944604,2552.744909527763
5751.699514995852,3,6,5817.718525999268,3,4.052181764941579,6776.6677963360835
2146.357944352079,4,1,2410.5330429655532,4,0.48554927856008134,1704.6898800358454
7851.389962402857,3,5,7949.242753704638,3,1.9940132873759855,10074.224795487955
3964.612544701634,3,4,3931.308869146914,2,1.0091423634060728,3789.6644558408275
12135.035265440665,4,3,14369.799713209522,4,2.086644258134333,11225.556717875377
5449.49284086022,4,2,6326.191314839379,4,0.12764684160598,4467.972211157387
5570.997817518021,4,3,6514.062154837284,3,0.9289618516676597,6054.937849920023
6196.756735657608,2,5,4814.475907803966,0,3.5528781370601354,8257.39435693337
7130.1756667760255,4,2,8110.130349784448,4,0.11023294819386274,5978.914816307036
1359.4257526152019,3,4,1326.3433457665496,1,1.7171606221448352,978.2550782835638
5836.367935766948,4,3,6741.279314441925,4,0.6938212198237398,4892.301429031798
2475.535363916439,4,3,2875.8944485519123,3,0.7783698229201814,2796.324893922863
3537.996993242686,3,4,3503.2489803246312,1,0.47922592505342454,4364.367582360583
3835.419034340604,3,5,3755.518641222023,1,3.7065655112277884,5428.441659067502
1047.2913576823828,4,3,1215.7681351097333,3,1.5680424441162606,710.9882705094475
2224.409384762886,3,5,2247.1341525664247,2,2.390077263920453,1885.5799009251384
765.5296760816088,3,3,744.8599424900444,0,1.382475102348616,544.215743572102
3352.1362151041544,4,4,3959.855719740683,2,1.7799718952211268,2708.157465460179
6531.306677516843,3,5,6508.979169049462,2,0.6342991172459829,7463.268903654501
1982.0908698013088,3,4,1913.3482169908702,0,3.508122749575852,1937.8920977384564
3001.469855363058,3,4,2879.2659385013944,3,3.521292605568361,2754.4673937407006
6046.700147116412,4,3,6932.579047672763,3,0.011282071249538325,6807.410567325601
3505.5286197489954,4,2,3994.1782578547486,4,1.3781330733621817,2168.882758804453
3079.498593681514,4,3,3666.7478276993597,3,2.478611270795329,2391.416212185221
12706.2290686863,3,4,12456.864985341692,4,2.1527084960554093,14267.435843784011
1331.3371559066504,3,3,1292.835094169895,0,0.29218322357065446,1045.495859057836
4676.108441414804,3,5,4616.173098713941,2,1.9831576610281696,5722.925849575757
1195.9973947885694,4,2,1391.945881162756,3,0.018346121642008554,1019.1461495500956
3835.6903469884733,3,4,3711.2259699494607,2,0.390648944339765,4715.8665210001855
2571.561844719784,2,5,1976.0259468604856,0,3.5566920258496935,3116.501674563323
1591.1692370346477,4,3,1864.1257208297964,2,1.795606931493255,1168.2783427696313
10625.913840667055,3,5,10439.048659622295,3,1.6188397101528993,14397.152569362832
3103.5976264284172,3,4,3034.9753411179277,1,0.7213147556600861,2149.1805954325546
6651.506552088311,4,3,7634.179427173627,3,1.0530055066769237,5773.648555960451
3280.7710057430145,3,3,3109.197630964445,0,0.7020225476115399,3709.26215321804
1500.6279723122502,3,3,1436.276571782609,0,0.8909380909879696,1287.9028313899876
7266.894952834508,4,4,8524.667430024258,3,1.8754192507564547,9406.516032702943
1618.7511426588771,3,3,1545.4845754630667,0,1.969378890028994,1666.732635656358
3914.9531710752353,3,5,3834.612174549222,2,3.5182576453078243,4919.371790183357
4331.712232078768,3,4,4307.226260801393,1,1.211665348842335,5913.185418345796
7930.061016671076,2,8,6453.137873063362,2,9.148466157423917,9914.34123712608
3162.9819112745486,4,3,3699.125802972937,4,3.4705820231770104,2420.2133455558273
5853.354569724154,2,4,4459.561947438525,0,2.1722605272634397,6664.697802945161
4816.182922336531,4,3,5520.200580491122,3,0.6415758119691588,6638.825353815531
2246.658027270052,3,4,2214.1832887224837,0,3.690792635971215,2217.5519480253297
2398.2223175477443,3,4,2319.2988458577042,4,6.980424734765192,1697.6973691495873
5562.484908683249,4,4,6703.1326809187385,3,2.2953036091601384,6406.562972553214
1412.0203023756785,4,3,1666.5590219576434,3,0.12468304203759704,1120.620638960049
2050.8981665753613,3,4,2037.8920700249748,0,3.626001724337072,1765.3568304258386
1249.4031758733836,3,4,1205.0198482769977,1,4.018745570247432,891.9987353029392
3370.484984136475,3,4,3344.030088129917,4,6.830051071009914,4414.705460182031
4347.004210275045,4,4,5276.070405496373,2,0.7496308063202693,3520.5290338366694
3957.697226021159,4,3,4579.1585213967965,4,3.520759668384571,4634.0517342678495
2600.0630915794836,3,5,2633.661159971691,2,3.0697822018457765,2056.760082126064
2210.876399359549,3,5,2220.1224993905007,3,4.152848074064084,1567.311582502032
2644.628967160342,2,7,2133.077357078314,0,7.880045538356091,2677.540133265826
2360.808203264845,3,5,2361.6863082936025,2,0.8536914192344033,2181.9542533960207
1914.630915468229,3,5,1883.674643138693,2,4.123478861950426,2470.015534002812
8490.465898162118,4,2,9601.075778725235,4,1.778996808687549,12180.630827671648
4609.198135755777,3,5,4529.474776201467,1,1.9481761533220205,4861.539009770668
3137.1551704104804,3,4,3004.3307441921197,0,0.5488091272014732,3160.127233591451
7443.664058721225,4,2,8402.990861916103,4,2.2903363171480655,5736.616826078387
2673.059992403292,4,4,3238.4528234026316,2,0.12868847387102988,2292.3875898331007
5562.59679695002,3,5,5450.628316075256,3,4.2142476081578755,7077.480022085597
2345.4705570498304,3,5,2343.6249213535784,2,3.989788438166603,1954.933660417943
2878.13805384062,3,3,2759.3823915080106,0,0.3262106935631723,3875.585489562162
2113.3642200046697,4,3,2482.552494439434,2,1.5307551200834537,1730.9296257876065
7098.153005243566,3,5,7182.80566653693,3,3.550092210783251,6092.890310937374
2943.6934216132413,3,6,2983.861898679856,2,6.102142628563172,3650.0539196436603
1338.938346776709,3,3,1258.0921390027145,0,1.9373074947214586,1183.9166373895312
2566.167946328853,4,4,3078.8830121755464,2,0.21503254922040954,2360.3449166500523
5532.701214116453,2,9,4679.323966729705,2,9.275726720301039,5505.794745680676
3658.761344824626,3,4,3638.659756216901,0,1.7259870197811993,5221.948546716575
1387.5800287110474,3,2,1307.287389712155,0,0.7746570820171897,1810.950990057117
8357.865736809728,4,2,9435.160945683492,4,1.192746195930816,10148.366012365377
7222.258979125149,3,6,7279.128994032826,3,5.954285936359161,6701.294521778181
1892.8255321604815,2,5,1473.2140823588015,0,4.002984935584794,2326.2383309587703
2160.643159311148,4,2,2461.7719318048535,4,2.0534293616245525,2451.2338748650473
6194.474914767898,4,2,7127.857157020544,4,0.26390483972189516,5312.6772305649565
4967.69180039077,4,3,5833.9424565987365,4,2.123209426058555,5901.607848129658
9314.489033573058,4,3,11077.752664543214,4,0.6001924528698611,12365.394697488422
3355.9809933227684,3,3,3235.009418265615,0,0.1459038656162628,2905.600199558869
6876.71431173623,4,2,7784.367664493577,4,0.4296405557738489,9072.117710419623
4116.477710995709,4,1,4570.748104054476,4,0.2580210593409673,5030.754367334254
8264.7753366074,4,3,9459.521629805238,3,1.3911700215542235,11494.69738365531
4162.275415401519,4,3,4771.77844136183,3,1.7668707409864783,5662.404436858662
1537.2656041261569,3,3,1448.3079976216093,0,1.4247429696642793,1366.1569468688697
1334.7084589567837,3,4,1299.404628013193,0,2.722714273104502,1122.2493510735098
1698.4066759730067,3,5,1706.8244925904733,2,1.7273732037365859,1879.7018067066938
3310.0036062376425,3,4,3194.014330104004,2,0.6608216284606898,2629.808569167896
2771.508357100242,3,3,2601.3676536973553,0,0.4202641237166963,3118.0921766813067
3093.4558860207385,3,5,3061.990215690794,2,2.8303092721565757,3898.931753069886
3835.461207359915,3,4,3693.013366161032,0,1.7362221428748739,4609.619261193445
6287.453167947265,3,5,6338.75113371675,1,2.2105257551603277,7987.764185649953
1330.8965927715808,2,4,994.0656479144476,0,3.8523015481706593,1207.7698185330516
2937.6674544671555,3,3,2837.7118169744494,1,0.22092025291551828,3050.2379059165355
7474.215770713238,4,2,8685.89439253,4,1.8623431220971145,8724.49575933401
4320.455857811308,3,4,4197.776711608286,1,1.142531068310127,4091.3453637312537
3940.0334382836486,3,5,3908.5137214738324,2,0.7666009985073021,3488.349310529536
5657.123782778599,3,4,5534.983973995892,1,0.9052032412618778,4271.986741750119
1261.53245660349,3,3,1192.5057914782976,0,1.0510039705157521,987.7498773714492
3761.326820579792,4,2,4267.79273915237,4,1.101477436437113,3159.917595365826
1912.800736368249,2,6,1489.5575358574727,1,5.4758789214858234,1386.10798979306
4912.899184269357,4,2,5560.375571880388,4,2.007788797118021,6000.229654640762
2112.8515783339726,3,3,2039.6982450815397,1,0.018768220331965093,1316.284859799575
1654.749045095342,3,2,1547.187455532938,0,0.0421989422638943,2079.1123451936437
2302.948224630126,3,3,2169.926722756684,0,1.4183009304595988,2066.646267860999
6681.685108691991,4,3,7958.805821948681,4,1.861852098040153,8214.3664655297
6343.567788251779,3,5,6290.347987858861,2,2.881497164867738,8117.01621172359
5860.5663644620245,3,5,5816.090917124079,2,1.6475431591767948,7879.632980659986
4004.6409541238454,2,8,3282.1061380603105,3,10.478778958916937,4055.7963195048405
4025.5862395484965,3,5,3973.0818589462356,1,2.3286388946226633,5470.390503095721
5087.377154572805,3,5,5081.680802755423,2,0.7491995965353516,4680.719248485511
1983.5875641290716,3,3,1869.070472231363,0,1.602417103384756,2705.734829847419
5482.1348591604465,4,4,6486.968189727494,2,0.5690183602101866,5865.422360773622
4718.212989863229,4,2,5339.940545038644,4,0.3881702749530958,4321.051264439169
4364.609542987512,3,5,4411.794532171853,2,2.4372724057532102,5035.907769112373
3592.86120795821,3,5,3593.8864890053815,3,4.028690348754326,2567.2623813716796
702.9961299685276,3,4,677.4027711057738,0,3.0986768567013887,515.2480854409712
3924.5246088126423,2,7,3172.682006909954,1,6.146711941294879,4181.04569614834
1515.6798514789814,3,4,1494.3438588551692,1,3.162583654459543,1758.1811081127476
3508.474791815729,4,2,4074.1349854947443,4,3.6911947534361023,4312.046782547473
4992.927310873496,3,4,4833.302207224446,4,5.444062331031718,6128.806225364754
5941.666765999534,2,7,4851.295964085284,2,7.628143323985677,7389.178302892551
9884.56696053951,4,3,11399.02042069299,4,0.3319110653468871,7920.977313816453
6879.559468234613,3,3,6684.556151105528,4,3.6607624461374195,7389.634867408278
2968.497232654611,4,2,3402.5340119619204,4,2.3296222105612845,2380.889765725337
12234.415536911902,4,2,13726.378141865516,4,0.36810985503037125,17203.095302983933
3279.380818069692,4,2,3703.193079886683,3,0.06356366679418,3988.7720951748115
2309.385616839838,3,4,2235.5708969943516,0,2.923104537621195,2605.0612780288825
2567.3075611038516,3,4,2522.1955586017093,4,5.80296710997363,3243.986850720112
7994.553967739437,4,2,9005.64294312606,4,0.6731995983713858,5637.908913649622
2461.0963239504003,3,4,2372.2384156489643,1,2.2228208967990803,2763.2057480511685
3331.0180119880256,3,4,3240.6556326950213,1,0.8009535991288903,4220.154599594439
2963.784450594225,4,2,3352.145876950868,4,1.4607460956360712,2373.5847748469687
1771.7544809816015,4,3,2081.442869866752,3,2.115490185552992,1216.307922502046
8289.854065680169,4,3,9729.674775189642,3,0.12641639810380909,8893.505480484828
4604.004655960959,2,7,3785.6879345839347,1,5.609733555781172,6158.884396465938
4124.802349695854,3,4,4094.8112569818454,2,0.758665006585404,4922.459584779646
2806.9960195846,3,3,2651.961118573479,0,0.7320393627864425,3065.6957191070037
1499.5380681276515,3,5,1511.9855873375448,1,4.9231422408170955,1449.428644491069
2399.3057790316416,3,3,2251.135256372177,0,0.3977975185732857,2884.9995634929915
7889.485115019515,3,4,7756.6639926111175,1,0.31375517932697145,9649.785767789015
4324.641095320859,4,2,5026.167942101175,4,0.17587913733718796,4381.123682212601
2623.4573760637118,2,5,2038.8418282556017,0,4.57001500554682,2607.0738561148364
4534.704935017009,4,3,5254.71616699721,4,1.6543050006679496,4951.569152736183
4617.180388654356,3,3,4346.704325019687,1,0.0737600560118469,4785.910619685557
5937.699445674435,4,2,6895.430249416054,4,3.2061046412620517,6558.007520243682
4833.063243344882,4,3,5574.582792854764,4,3.059364219377174,5791.377171072881
6796.079995732588,4,3,7944.788863188072,3,0.2118087183672883,8359.360918811106
11570.693043519454,4,3,13367.721418952438,4,2.7190269070444186,12358.82698850932
3449.6136608074394,4,4,4100.887466691405,2,0.5947234500601514,4818.896501215372
11172.329885719397,3,4,10981.796710415741,4,3.032220108465036,12290.715371072289
7153.965036913119,3,5,7141.7558615238195,2,1.6925814609134708,8998.560268678144
2877.940645443047,3,4,2756.545070837662,1,1.226328256329981,2119.3062407946936
4789.685302417784,4,3,5621.918008517766,3,0.15553762094597548,4062.291158899702
4595.876097889081,3,4,4571.266742761685,1,0.9802663296098229,4468.103300065439
4782.963242366842,3,4,4736.219053371768,2,0.20289553815703615,6561.268072350635
3176.476593495171,4,3,3673.031194093943,3,1.7043832927506433,2874.3483779487105
1949.3156583734385,4,4,2330.319370822735,2,0.2964965562595234,2003.0780485368655
2607.317357924564,3,5,2631.693611130966,2,3.40211439922127,2291.2307870050927
1833.787186394343,3,3,1783.6920494007632,0,0.6151240933542741,2172.061875892141
1347.3701677205759,2,5,1056.8281601681588,0,3.926860301944588,968.1259198471921
4589.5756935941945,4,3,5268.024935413806,3,0.5524754104563107,4511.398436047503
2674.5417824368346,3,4,2607.0368788994056,1,2.0626294589857066,2215.341076674066
10674.492963507902,4,3,12363.798113530098,4,3.249866233267678,14641.112939974073
6510.125667782184,4,3,7453.490525381484,3,0.4334486627919181,8613.31997383114
2355.016603496269,3,5,2354.4994922128267,2,3.499211240442639,2126.394976265817
4331.74272607125,3,5,4388.025977133735,4,6.6193142428661345,3648.346057470446
4547.306229309949,4,3,5370.4051276938835,4,2.690145745988067,4303.79121212873
3839.268697928911,3,5,3798.462346640069,2,2.8438528066359012,3296.8883011962143
2566.781204711236,3,4,2488.5665056973107,1,1.0240663481399623,2075.2941259473228
6893.993454961282,4,2,7772.477736980388,4,1.379294764902726,6154.164185737784
7546.579726987987,3,4,7417.233856492766,4,5.0719441498638735,9792.810647823244
2081.4606708537585,4,4,2461.402829770127,2,0.3574872866493448,2591.449749633678
2488.1309628924814,3,4,2393.8317207938844,0,2.413553914966561,2565.8417670957
4221.8258802543605,4,4,4944.825475006125,2,0.6249965026551136,4805.286217690541
2860.7581407942516,3,3,2745.3165092698528,1,0.26316030189018363,2329.39084145573
4816.418129929189,3,5,4723.769286689118,4,7.746207584574324,4808.270372379625
7876.802982468712,4,4,9499.999384025821,3,1.0146781390323474,9482.634603989169
1865.421034300164,3,3,1767.2207536046749,0,0.4933525843309861,1557.4529657013268
3002.312647663331,4,3,3524.5218775758326,3,1.567229319485057,2208.5968354078195
1906.5928784288828,3,4,1827.608172546733,1,0.8963155942056341,1502.80862309514
3904.7684692280654,4,3,4582.793677575159,3,1.7982131498554963,4703.55453688904
2234.715778326968,3,5,2225.9808864447414,2,2.8482250214511184,2044.8486660117812
2187.7844287092744,3,5,2202.1448898820427,1,3.345461617404135,1830.3214239540116
4113.013448238926,3,4,4092.7408826993437,2,0.2937507238615575,4798.00355931834
3298.4835234659295,3,4,3170.2217478677,0,2.812120005173528,4168.177236403257
7729.19192886877,4,2,8922.776951511718,4,0.42152646936496474,8034.679289841593
1276.298689939191,3,3,1206.4191300703187,0,1.3571442217101424,936.5204253877952
3397.848835966703,4,3,3954.7445164012,3,0.06298091733650377,3514.717648079655
3380.304176403498,3,4,3325.530800611719,1,0.14000154434361325,2225.9167971561756
4551.432447832486,4,2,5254.471296533367,4,1.3603949274496214,3920.189120545278
2853.780730580293,3,5,2867.692768192193,2,3.4777051133477657,2209.087431400554
851.4737409074834,3,3,809.8372003730959,0,2.575696583998519,1142.248995367976
2503.7468393382246,3,4,2402.5843782903225,0,0.25942202313329865,1959.0878104378826
1559.5438166777187,3,3,1485.4310862764537,0,0.9654345189370573,910.1274815160408
5496.020015285231,3,5,5589.87370890437,2,2.114522946747506,6027.2437090162275
7499.9692004218,3,5,7486.189822905125,1,3.0870585429720885,9523.805519658377
1639.9849256896428,3,2,1517.3896342325847,0,0.3094778034132647,1596.3873474280024
3638.1167006033193,3,5,3563.3528876541964,2,1.0412379936001381,3865.2505893816574
2663.94621213258,3,5,2703.104296445801,1,2.8837254229536793,3167.6475820679984
7547.03888198974,4,4,9149.541602443896,3,0.9114842005169524,5994.541506217211
2289.557928776853,3,5,2240.965216445031,3,4.126914665268253,1796.0347089274596
5218.386229065835,4,3,6101.491553700659,4,3.7005117108810075,4081.334743826535
4676.3514900219525,3,5,4597.846854535759,3,2.8996419600181937,3937.986223867805
7865.5981809138675,3,4,7753.901940821227,0,0.2729676639200068,10631.674038418942
1589.0049055030504,2,5,1254.3402648620547,0,3.8019137393804177,1824.1144000998368
2205.096655977522,3,3,2086.9112983077857,0,1.6167422369186797,1706.5714488313424
5617.095459184998,4,4,6694.4571097934995,2,0.025955641276046503,6742.2054235646565
2549.8471237845256,3,4,2470.3756606154875,3,2.1550126861807577,2412.167280566123
3329.0749155747317,4,2,3841.5258607985074,4,0.40314353409268333,3488.5437628236205
6711.360671634246,3,4,6493.030386799569,4,3.3988931048880673,8413.13335156824
3004.700054554533,4,2,3427.3682935373336,4,2.0137247011415615,3418.243825798374
1618.2254148694892,3,3,1524.1661841568034,0,0.1376129054910774,1884.3154633083957
1684.5865632006771,3,4,1654.5133756276032,1,1.5976910780119682,1289.150799455761
4482.086053754494,4,3,5335.592712044187,3,0.38814697177761115,4913.6508371551645
3647.8810191588927,4,3,4243.151879389392,3,0.5938058017083023,4160.314062511787
2413.5369375538767,3,4,2379.539942271406,1,2.3186991208088807,1716.5133463312068
6639.450071190727,4,4,7780.695992880453,2,0.16013952251502195,8397.077097917734
3198.476288780798,3,3,3061.826762728481,1,0.6926337821299969,2247.778728125065
2700.9497073061425,3,4,2665.247999282397,1,2.674780268903858,1841.2659167110876
2189.0971135639934,3,4,2117.9308832024417,1,2.0013004117693987,1719.8649719209627
8195.499328661286,3,5,8216.510665396825,1,4.029067684380619,10867.271924460907
5324.104786000635,3,4,5175.90958807196,4,3.856869226322183,5120.463518499644
1939.79815472756,3,3,1881.6385516620983,1,0.8261065395447001,1830.9366885361244
3317.6079820033583,4,4,4025.7093570736192,2,0.8619286890067283,2814.493522618648
2614.9434267435854,3,3,2473.508932421536,0,0.3358407412222551,2748.001023607518
3451.1365573231474,3,5,3414.522373780402,3,2.649436863548477,2563.181215760414
3406.6407178096,3,5,3353.5973057676324,2,1.3460913335952236,3980.894785608115
6344.079253076403,3,5,6415.944513029676,2,1.3706376870404253,7829.019637508834
4201.436702346586,3,6,4265.523608919404,2,6.008427242706536,3245.1571368371433
1162.2552180263644,3,3,1106.1549383838158,1,1.6558769675122376,940.885492838434
4398.344513552197,4,4,5203.887403184306,3,0.8377778610256501,4416.862637421357
1399.826007502612,3,3,1363.1288170590599,0,0.4497892340503893,967.4523079715303
4308.421231825681,4,3,4995.495482418916,3,0.5315389967988012,3548.7268663892933
5958.93318133153,4,3,6967.896643032999,3,0.7146760851462216,5997.642561293534
2455.5330723031075,3,3,2302.703728298855,0,0.18882199789573184,1973.6354791723563
3661.0801122080625,3,4,3589.1689813989847,1,1.1188519337913896,4317.668871326139
4943.132944558289,4,3,5680.12888885808,3,2.2911051561078355,6289.893679885817
2106.099180627328,3,4,2063.05594181013,1,1.2286599872565644,1606.3546374336718
1953.4246953602567,4,3,2320.6325952248862,2,0.18845697142472634,2491.8171342033747
4613.06127584169,3,3,4483.635860445715,4,3.7929810208844774,4651.0139620428545
4429.447268331224,4,2,5159.917792463433,4,1.3424989807725156,4623.298492507616
4584.105818576224,3,4,4482.776247110215,1,1.8234287015920312,5695.204247417469
5592.244885522197,2,8,4677.022267470926,3,11.533380834770863,7710.5667034399075
3655.8728493255953,4,3,4314.2475852127,3,0.20025578762592694,2801.2875827667526
4354.8631030582355,4,3,5132.425802923254,3,1.9941071058207214,5587.325850170394
12335.90547534373,4,4,14806.616057071647,3,1.3968216330038594,16229.125770080775
2622.410380179166,3,4,2608.426178485024,0,1.2470720754053475,2596.4916233143495
3121.960953108186,4,3,3594.9922201797885,3,1.9932692856709324,3156.1751937416425
3490.2973565814245,3,5,3466.661699966517,2,4.503464241635229,4443.423079150467
3361.7079084990514,3,5,3406.560899025691,2,1.8636792139021463,3951.3868331618714
10047.584833777159,4,4,12151.009784041831,3,0.9586676349404907,12037.703227158701
5520.186441422496,4,3,6400.256513934716,3,0.5218598213622145,4107.487597958915
2297.757740592378,3,5,2259.6708409552066,1,5.063638757735846,2344.466738938003
2022.811408690374,3,4,2010.7917052929702,1,1.2556915520323608,1449.8705239275075
1789.3380929717162,3,3,1734.0384984372095,0,0.15940260881252277,1747.994739589987
5851.76848477684,4,2,6687.47950268588,4,0.29073009139827266,7303.0378943695805
4216.153014581817,4,4,4988.2282939324805,3,2.190334230717902,3410.173097866597
2635.990063139918,3,4,2557.7097396997924,2,2.166318142826703,2033.9346915680308
1771.9888778397449,3,3,1678.7938090082555,0,0.9418070230416833,1412.1356418595788
1804.9667265296027,2,6,1430.5714714513747,0,5.973836056708539,2525.0401143042545
1998.7417827164943,3,2,1884.2813866817237,0,0.04600504437397331,1723.682886016304
6038.391971097168,4,3,7190.41960374953,3,0.9026006829039348,5425.181655890743
4347.492251456595,3,4,4270.007604092489,3,2.143056400528742,5851.693675302236
5378.371828835128,4,2,6038.420437436387,4,1.682691246801734,7065.437241828801
2032.6011710033963,4,3,2398.5416153862025,1,0.08133977943636628,1925.3847471243876
6664.409020534305,3,6,6818.216371180164,2,4.393197938659437,8796.503000251683
2454.745405387948,3,5,2472.316825521719,2,0.9673774927201821,2788.9658684877304
1873.8809682110962,3,3,1815.865787713545,0,1.2104540426780186,2543.9934078881734
2316.8243211624686,3,4,2291.6612107040482,0,3.275742801578657,2750.1207522322675
8654.596000193227,3,5,8541.29114349571,2,0.03396867776202287,10626.7027461028
3272.5455637085456,3,3,3156.324120674318,0,0.02075870444278375,4194.347885122586
4198.824998824502,4,4,5056.959320747304,2,0.029850334574716333,5062.857782897934
2101.219498195428,3,4,2087.8581455387935,4,8.563749211378909,1554.751496133889
5772.153715646104,4,2,6591.678414658459,4,2.675128347752837,5309.092911545331
2271.9496782154806,3,4,2212.4917127103436,0,2.869091003039377,2925.93639272557
1394.6700616106111,3,3,1345.2069900602546,0,0.4101131344392831,1014.5201643693073
2857.572766766588,3,4,2836.913453335183,0,1.254650319283506,2861.888623656222
3838.391299874875,3,5,3785.736065969923,2,0.9369665026695533,4593.973191889002
5457.655303116569,2,7,4446.879934402844,2,5.78991391152599,6682.859299340895
3612.309545582189,3,6,3630.851523895269,2,4.761717876290709,4712.611010942618
7487.6557413719165,2,8,6226.610696948081,2,7.430438623041952,7750.175594357689
3351.778711160024,3,5,3395.908592957199,2,4.134948659008249,4617.229320116436
2051.4248966332734,3,4,1978.4640944372177,0,2.416501058850712,2050.6817643662603
2250.0951689498606,3,5,2203.650131724095,2,2.446984058038586,1753.2305878459765
2196.2068973929663,3,5,2168.3873380099976,2,2.76670834944107,2804.4626041826473
2501.0549379787108,3,3,2368.913365828239,0,0.6365063957500465,3366.9221611138064
2918.804491839214,4,4,3522.1249151208117,3,1.119159248524438,2462.649248623972
2873.854498843394,4,3,3416.1620128271516,3,1.1690324982302462,2769.8942938068362
9829.203275001522,3,5,9982.93786131468,2,1.1368496688234457,13077.533148761297
628.7937048283299,3,3,596.9119762800015,1,1.7711896152076003,563.2654000439551
3848.506247744692,2,5,3009.0506157726186,0,4.32367306021599,4665.343199613004
2471.9724079668695,2,6,1971.9415503670584,1,6.449091087903304,1976.006008720695
5224.424101140494,4,2,5917.993120122093,4,0.2110898607878598,5097.362827218115
1078.5616637201663,3,4,1036.57989266248,0,3.85529948153577,872.1708693339863
5108.646066019359,4,4,6015.209847124056,2,1.6918972579819203,6261.685292330445
4861.797465763647,2,5,3800.4763088731656,0,2.063821152499132,6163.853821268379
9433.913049498353,3,5,9282.496936012058,3,2.860414147090324,12615.625328605855
2355.724489783424,3,3,2238.676172583325,0,0.495274883059278,3156.8852593797587
4416.223304110917,4,3,5121.703507939656,3,0.5864232294177003,4704.263098143856
4186.552227123449,4,2,4863.800067603672,4,0.5092603096358729,5819.442127289502
4403.313616904778,3,4,4379.115639316985,1,2.158515052350942,5208.864456730692
1369.0540344277806,4,3,1592.9801367607788,1,0.7081552225850036,1651.232542951265
5607.841750154313,3,4,5518.355125835197,4,3.7434051008772253,7035.718470115439
7904.274032846254,4,4,9348.41465758433,3,0.521832355113547,10579.435748548982
1537.208464016391,3,3,1464.281164694021,0,1.3173317612660875,1453.9428996342408
1066.8780034243987,3,3,1032.6750145047117,1,1.243269784544572,979.3131912290952
4100.176775846054,3,4,3950.915123929849,1,1.3878056512769301,5352.862654225972
3987.163277762063,4,2,4636.506128023654,3,0.1408958970440757,5148.532876754637
5619.39355599384,3,5,5530.146626426458,4,7.322116424362221,4645.63929227041
8371.798718219583,4,2,9561.760342838827,4,1.9258625675562435,11661.7290688087
4484.18241083864,3,4,4372.648878833721,1,0.48848159477596653,4392.883819860647
1554.4528986062114,4,3,1791.9955261813404,3,2.1658923770557394,1106.1876830460621
3655.5159829808304,4,3,4300.995664166907,3,0.4806689943482845,2527.6744943709455
2102.338032439445,4,3,2435.6374967226184,2,0.3957160643256543,2054.865384125975
1197.1290997273527,3,5,1183.685703599451,2,2.9532138203465856,875.9939239214092
1891.3856677009637,3,3,1773.538793437201,1,0.8155945852696724,1652.63218154033
3273.6577564020713,3,4,3160.2271130107392,0,2.5226836321511685,3909.372575602487
2924.9561769733214,3,4,2885.72017755278,1,2.0552284322275516,2124.5118266153413
2604.735371670502,4,3,3081.75668794999,4,2.925417613161716,2202.2281219232864
10980.502362128103,4,2,12486.784852850269,4,0.40757598042886184,14515.748686086137
2898.466408259248,3,5,2866.8732593533655,3,5.340721130796087,2542.887461352417
2818.8423496515716,3,5,2832.7479651931017,1,3.8264378832805006,3079.1740614639943
1821.4519544155237,4,2,2120.9050493412806,3,0.05292785457630298,1419.3023586707716
2159.593067184166,3,3,2055.8201045298297,0,0.8606364751372834,2614.3424567137304
1057.3007664862369,3,3,999.6791193914556,0,0.4457078670237819,820.4609762058659
6503.9722026297595,4,3,7547.51563164794,3,1.0003509501087224,5593.820344408006
5697.606875899459,3,5,5705.49384483469,2,1.0484755379179367,7637.628038668256
2699.8046057568827,4,3,3148.783901022598,3,0.27482907988604977,3006.9554803201345
8025.077490883905,4,2,9308.72397576945,4,2.4326442075841697,7640.461550420229
2074.3336487591873,3,3,1997.7072042458988,0,0.0070066023197991175,1834.3069361472558
1707.3782310410822,4,3,1996.6805042518113,2,0.28851380126765386,2211.232954216434
1633.9573200650102,3,3,1533.3624226179754,0,0.918376731959151,1218.3906795488056
3774.7606731338165,3,4,3716.6804096574087,1,0.46627131733175614,3504.175592375374
4992.971330071317,4,4,6057.327919903917,3,0.19318380923840775,4567.548237939694
2525.476730421652,3,3,2449.794109208205,0,0.16961759267637214,3048.568205962376
3290.189341697451,3,6,3300.0241249989294,2,3.559762041879799,2740.3475732776537
4506.9198736390645,2,5,3554.0165444154345,0,2.9168947439062065,5948.40533411205
3689.521985997655,3,5,3689.074569377215,1,3.6720898726893525,3243.9366779931775
3244.622977210362,3,3,3107.5082589870744,1,0.29302010443728904,3580.0993298954872
7955.199789443879,3,6,8261.604143421473,2,4.769037820273997,11272.785474252152
1391.9485302619046,3,3,1317.4801309760528,0,0.6008143639446992,1248.4006527586355
8162.394030507536,3,6,8160.293616919469,4,7.921667690067264,8832.798731019611
3673.482234475003,2,8,3081.1303229795153,1,10.657293428211723,3159.9594049036245
4272.570629999009,4,3,5054.220727986503,3,2.3373369634826897,6105.723505609391
2818.884534099234,3,4,2781.1134163819997,1,0.7142359732383257,3272.9803396079205
1860.5945469903406,3,5,1880.4689997971325,1,5.273383784273347,1710.0745274890346
1041.229284055446,3,3,1001.3580136622926,0,1.6150438692812374,1309.595496485522
2179.773989877891,3,3,2043.619492255824,0,0.3032492786942164,1553.912727867096
1436.5758169810413,4,3,1698.2483043532402,2,0.3254749048753937,1023.666538237521
2061.7816671909814,4,4,2446.0962960596116,2,0.49677216694339105,1821.1467221525638
5200.68767878754,3,5,5216.996301396182,1,4.382792286161929,6860.849564103135
4363.687766640023,3,4,4206.4090065498085,1,1.0525105813574445,3206.0268460802868
3417.1529985134775,3,4,3308.599273720189,1,2.4578348825386778,2865.646928073808
1345.0935141451328,2,5,1055.6930330785162,0,5.815464795110402,1231.4886789312934
2266.014849360981,3,3,2159.282674716503,0,1.803602454450679,1921.3455893461642
2534.187482500842,3,5,2497.9413931747467,2,2.1774324736459527,2019.2709445115954
1053.980611641356,4,2,1195.077657862454,3,0.2659201511988901,1226.8473552589414
4354.708755072242,3,5,4371.9324425697805,2,2.340860194119197,3617.2595907924842
2753.8604714116645,3,4,2727.665182784555,2,1.4760593660215025,2654.0010333758455
11395.871494414472,3,5,11260.730758073852,1,2.5206103884508324,16608.985170921915
5480.999319993476,3,4,5357.875146831746,2,0.5690914774008939,6926.575167107949
9530.053860304555,4,3,11091.877404436626,4,0.9762386944735519,10252.962979161133
2667.023602058154,3,4,2617.00511554556,1,1.2597408388786082,3290.738868106812
5502.615128199198,3,5,5514.185906282068,2,1.3157769309653564,4852.541453656202
2380.637693236563,3,6,2427.204872908929,2,3.2682098533998536,2374.3441443352353
5849.049802523993,4,2,6765.333807236844,4,0.45266011390710426,8323.871518284112
2088.9507161111524,3,3,2035.3902820118508,1,0.17943848984027214,1715.0849213514432
2819.8595404168373,4,2,3251.7461056696284,3,0.08563440563427462,2475.3467462937792
4446.8783435562955,4,3,5295.493263154932,3,1.3668591968089971,5671.109132681808
3961.709916895306,3,5,3952.8281252125976,3,4.577177009007786,3471.035438650209
1598.6777214652584,3,3,1526.4897183396922,0,1.800923771846691,1187.4550799442318
2190.8219127403718,3,4,2131.2516115678613,0,1.2978261629705061,2404.4769879425307
1794.2185866260359,3,4,1776.674575985202,1,0.7183701134946671,1256.4145778535606
4515.253419549635,4,2,5169.99487119784,4,1.1062495255697602,6069.0732984342785
3595.3114393097544,3,4,3446.3322980868697,4,3.543078101565816,3701.7740201999823
10713.715160139443,4,2,12235.946925269049,4,1.7338625396452463,11457.22475211997
7017.473553047845,3,4,6781.6221864365325,1,0.20145855171885885,7497.905111950305
3895.5512333554,3,6,4007.95879471347,2,4.787602948493861,2930.8117509938174
3013.3212811179214,3,5,2948.2506535897946,2,2.612447509126753,2229.790894791187
1893.758320130992,3,4,1854.6632286457584,2,1.5402387756101414,1522.2636336936216
4068.1309747728315,3,4,3912.452550590857,1,1.0123878241184312,4958.187987885626
3243.3241065517927,4,2,3765.492425933429,4,0.7913459894979785,2395.535023005816
3876.7248719510767,3,4,3849.307387427916,1,0.5607664386640706,4969.920835837441
7222.5934421420125,3,5,7215.854496348929,2,0.5129269232410583,6137.681401920645
15890.817321134384,3,5,15862.859177477543,4,5.2498367762492055,21885.15167444344
1683.4233794370741,3,3,1636.1467503131405,0,0.15088267240376307,1754.2004746784842
5891.633421332948,2,7,4778.337984461951,1,5.448603677898156,6362.659668117157
1524.47726761382,3,4,1504.0381285795413,1,1.8509210925162447,1599.0120634175782
4018.4823284709137,4,3,4682.41782639102,3,2.0080195095271542,5795.910841867468
1089.604086043915,3,3,1058.082163540599,0,2.6434257031253487,854.1489337203706
4315.73057925814,4,3,5011.36767128191,4,4.271207985887722,3758.888573401619
7611.649617874771,3,5,7522.311181879458,4,5.9335772279287475,8351.639160420727
3062.4560330267864,4,3,3535.7008553149244,2,0.6714833210661709,2764.2273248527763
7125.9676984383,4,3,8381.099670614536,4,3.2657110185433154,9620.708396694583
3246.215383555218,3,4,3211.250573130302,1,0.10581097321838419,4024.4187900755314
3450.171716134635,3,4,3435.7190301674855,1,3.072896911409006,3710.7087522640836
3631.6079606670546,4,3,4229.327665616397,3,0.7054933292773813,2991.3976332127345
3052.12399094651,3,3,2892.1705212447746,0,0.9839139991990075,4141.652827471357
2121.181538941563,4,3,2521.400067218673,3,0.864362275007152,1984.042741393219
5691.049552437554,3,4,5451.947805823059,1,0.4185164791563101,5824.250606716884
5992.126799916463,4,3,6959.458983294875,3,1.1694897142721077,7780.920379778894
3914.9397487847687,3,4,3798.3518745766387,4,6.312211762358455,3247.644151287107
2057.6949194701433,2,8,1690.2103331461888,2,11.366905168439647,2588.3446800592433
3432.266944822596,3,5,3435.390640762577,2,2.455689306411432,4091.4958298324455
5987.524934072306,3,4,5755.849195826481,1,0.7232533284442366,3876.243511739449
2698.9879968144674,4,3,3163.061612889453,2,0.014815882132054385,2204.3762478489307
3581.415290752965,3,5,3587.2859197157545,3,4.536382122825626,4493.09327076
3158.376725475689,3,3,2995.822214509514,0,0.36058086008237916,4142.1351667756235
6405.633658286037,3,5,6456.509327198764,3,4.398731331600875,7494.105319653428
1685.5971030895766,3,6,1693.0992974881508,2,4.382648764056878,1563.8121937172875
3367.33714260976,4,3,3909.1072062355092,3,1.1642862543109367,2560.204454151771
3794.810709107273,3,4,3645.2087881323628,1,0.054878182607315376,4055.3897737437296
3958.720960561858,4,3,4675.5137710326535,3,0.6364368674464117,2919.031588857625
4892.965890630035,4,2,5633.960137580244,4,1.814602430576572,4353.446745558965
1481.3875544564578,3,4,1442.983321651809,1,4.0804862050555935,1255.536524604446
2796.7376959719213,4,3,3217.1523494305898,3,2.6087120226321336,2633.9913679615534
6458.384132965823,3,5,6488.958449579232,1,3.152813977231382,8843.460489581277
4546.113154946535,4,1,5043.324460759596,4,0.0464411312272372,3976.8026095029463
760.6880914917734,3,2,721.3178251433305,0,1.0208091858222252,555.9843872958493
3898.7810449713234,3,4,3839.7159576047793,0,2.1986346989392427,5380.017785993675
13021.221269663427,4,4,15655.457549342715,3,1.1358868689803747,16498.805857051182
6921.005319062144,3,5,7003.139467586011,3,4.18436641544774,9546.717052504351
2062.552732107219,4,2,2312.0567398458634,3,0.06953375648835428,1753.5745984207952
5695.106510474526,3,5,5620.95164078642,3,3.807047764530859,6789.426581375902
870.791676633129,3,4,833.7334387779504,0,3.924777550381102,780.6682091669858
2745.5752831949235,2,5,2151.96801296973,0,5.567243783978237,2104.5924512052256
5920.831391449033,4,3,6976.006985630773,3,0.699655408497622,6145.919272174024
5460.541723796721,3,6,5496.850847493599,2,2.1753937600167093,4683.334926493201
1225.0089585596452,3,3,1173.5004184907275,0,1.6269154271649837,910.75139867273
4714.1930687901595,3,3,4416.459473865868,0,0.5839620679038036,6628.05656044671
2893.1267831808937,3,4,2784.747924053007,1,2.9135796483495975,2329.919199501561
3497.3498460246137,3,5,3540.412952290746,3,3.009750041480751,2481.092728137681
7025.479464923754,4,2,8162.994659737174,4,0.15670185009311205,8883.657211879576
3564.6251135859293,3,3,3346.0324631043973,1,0.5948272088568783,3219.470149231216
7449.761162199412,4,2,8488.61361221639,4,0.8601592811196836,7823.613239949079
1720.7544807524487,3,2,1586.671679671918,0,0.0737764458544669,1547.5192228415317
4275.061239704327,4,3,4942.742191527265,3,0.624627782202715,6157.289792786161
9129.05461594003,4,4,10794.726047751768,3,1.0040418537734181,11768.784605709858
4193.654699739579,4,3,4878.251265984446,2,0.001476532509589711,5842.653293263619
2284.4428674521782,3,5,2239.735617256795,2,3.2517061442305732,1885.1064020348924
9812.584374787357,4,2,11227.915999967174,4,0.24024691432672757,11932.82815612016
2224.11925283955,4,3,2551.893903713532,3,1.8091051599141343,2067.7026294761795
5959.511562181059,3,5,5977.443334780663,3,3.1061471279950843,4424.4812847799585
3098.814115993398,3,5,3065.906545242819,1,3.6825761445599277,2559.982223869867
1529.8902786588146,3,4,1471.5902008269084,3,4.131025276117023,1084.8328026012186
3011.22764234006,3,5,3008.9196416598115,1,2.4826222413715917,2449.1520585590997
2773.391637259419,3,4,2693.346615762481,1,0.8971642014664014,2011.5021159184755
4853.177428520997,2,5,3769.883191680001,0,3.1716625056101537,6029.447360155215
5359.422521668,4,2,6041.269517344889,4,0.041243270595827414,3409.883332844832
3763.896870663852,4,2,4356.739839807927,4,2.0030782259805537,4659.950195957386
4017.7906669200593,3,6,4040.8925454112978,2,4.2581013242891945,5169.115347235999
2062.0525314273505,3,5,2070.815178893759,2,3.7843580608933753,2609.5757919765724
2178.82319416885,3,3,2121.7304731760714,0,0.056358553563037886,2886.4515762125693
5950.466139198767,3,5,6020.223716538789,2,1.2862535825045338,5501.368628641205
9734.02764107526,4,2,10992.565623437024,4,0.48367589604150024,9143.286087991195
4168.119689661969,3,5,4136.085381983627,2,1.4927715818658762,5599.238422440194
2019.5804028622972,3,3,1903.6354761948903,0,0.750986740776457,1885.693610166532
1574.6168792988437,3,3,1488.0419658368185,0,0.07642252514250855,1954.1261358321444
9345.908965823484,4,3,11111.840519457295,4,1.9474915268704618,8380.188740765438
1363.6331792993935,2,5,1067.7455886394105,0,5.498690098976018,1770.5434548446715
2305.60609733647,3,4,2277.08899402784,1,0.9220845931600742,2543.7528494512294
3073.1308948250958,3,4,3026.7637661124886,1,2.6255493862137014,2699.8961040987847
4886.388512362384,3,4,4749.769752986907,0,0.09628081323959882,5573.714973471556
3065.7322310553213,3,4,3046.737673868139,1,1.5377201841640833,4271.6155858318325
2003.9339958666815,3,4,1935.9823705418346,1,1.1252522206897013,2705.452164324964
6060.073822400468,2,8,5015.993604524679,3,9.16611828192059,7728.797848552105
4197.146232860948,3,5,4252.525787451202,1,2.571534838017348,5160.423045275396
3595.6556540455954,2,8,2956.957339005719,3,10.890264311148279,3039.3551336290548
2946.85021412136,4,3,3422.844535337776,1,0.2853949373069306,3558.9003910230813
3125.7689719778305,4,3,3623.3911077800935,3,0.9264298876961365,3599.4704002279855
4817.603661567372,4,2,5454.3976433350135,4,1.0417452600453554,4377.398764963691
5378.321936956782,4,2,6054.870587043847,4,1.3641103976558924,4537.806151081083
1923.823934479633,2,5,1478.8664947996263,0,4.848841690408586,2386.774050022606
9120.190145758259,3,5,8957.406368537764,2,2.0995525475983237,10768.461056007895
4740.623497344879,4,4,5597.6808588263375,3,0.2263039711005846,3528.108764768015
2068.4912605144164,3,3,2008.974327862551,0,0.5671612957101785,1559.543598978015
11045.469487973813,3,6,11280.71815799656,2,3.568230021178077,13771.17925703277
3675.619141465817,2,4,2823.8764658386244,0,2.001010093031908,3911.198155906846
3518.8340524084033,3,4,3446.536814743977,1,0.056642260574565576,3765.1678646041837
3816.7644383856014,3,5,3801.9041862547497,2,2.149741738607847,3526.770032093822
7253.971659983684,3,4,7130.016585465449,1,0.44655609056916584,9288.241808890181
1568.6252511260166,3,5,1561.4700361138378,1,5.491410000436411,1275.3956642236112
5165.701423107349,4,3,6129.852581880932,4,3.357484967321861,5116.277918941123
3913.343355539003,3,5,3891.8426167300922,3,3.1465396029097352,2919.6571673630283
1521.9830308910743,3,3,1474.8109543131893,0,0.746847959473608,1044.633872995742
2549.407361652226,3,3,2441.9386705700435,1,0.6638575050914056,3599.7398495191246
2700.2480816389234,3,5,2693.706190906868,1,3.2245092828922077,2127.8603757343735
1628.4080671673942,3,3,1558.4064305464096,0,0.7337445659241928,1345.231185741047
1790.8594540532174,2,9,1481.9667729176697,2,12.01230115957527,1565.5781915492603
4872.768402451293,3,5,4791.359217836051,1,1.102910427023933,3696.2898047342223
2600.720531852091,4,3,3034.290290293492,3,1.69629583543535,1800.282140198366
9084.764529634773,4,2,10208.81051196652,4,0.9570190164018695,11897.839189830904
4274.6345613203175,3,4,4182.915696476712,1,0.9630740502317308,5773.0695702198
4914.184945170294,4,3,5711.645279992567,3,0.10664782192243939,4539.047346383469
1754.7468788494846,3,5,1717.2120348684894,2,1.774069059659011,2157.323601714384
3293.8702709009654,3,5,3234.929589699509,3,2.7866619967604502,2552.4281579841413
3428.978557043197,3,5,3413.098454403349,1,3.004139608926821,2805.0447766500856
2205.2114386124726,3,3,2132.970098846729,0,0.7370148743353182,2592.0596834722865
1426.8975341758082,3,4,1404.3735475360672,0,2.3003608346506654,938.1171239804443
4085.92030898929,4,3,4830.49221613629,3,0.11050711111832356,3219.874626746332
1658.3608544306062,2,7,1326.609985915205,1,10.960681926710725,2135.7717058348494
5361.729325785756,3,6,5391.986465674772,2,4.4410521176319735,5264.789501147766
4351.227975103369,3,5,4419.958708035886,2,1.688319931352685,4779.480370984728
5294.421284026479,3,4,5179.908812639071,1,0.7537731398787489,6165.559400638565
9887.590355361413,3,5,9736.663666451024,1,1.0199245825759053,13998.218226580562
1928.4526043162523,3,4,1869.0971100620527,1,1.526890038486563,1539.120346739453
6381.754213074476,2,6,5094.734082366784,0,4.888936042379504,8334.71608657249
5146.931065735736,4,4,6053.548540995465,3,1.9140723103352832,6671.45769662098
5339.154324993531,4,4,6303.1952474117,3,1.3828596213409283,5579.788032063347
2754.7727565146665,4,3,3179.953114991197,2,0.7884354642824261,3515.8899887937428
2396.8542108318898,3,5,2384.7902299143097,2,0.8326285608970301,2034.4622529895166
2361.0932070786444,3,3,2233.8361559112222,1,0.7793619242987431,3252.387517779544
3619.7462916510112,3,3,3409.562172065125,0,0.7592243292357573,3561.2563489367567
5473.393009547525,3,4,5248.628492893895,0,0.8418215138211814,7574.300871199334
2450.1279527743613,3,4,2382.3555733485746,1,3.742240853908416,2052.5415792748418
3512.1562190693844,3,4,3473.9471818706425,1,0.9002505577415089,4641.312719932574
5380.749822075487,3,4,5237.733510312904,0,0.23458457177179498,7266.241534222933
5257.683161693607,3,5,5214.7350284450395,1,4.723513134858299,7470.876075855585
3725.896503554543,3,4,3613.6632903038244,3,2.0739206817277367,4088.601003389552
2341.501033973724,4,2,2690.5653981060204,4,1.6031298092217108,1835.517984245543
2774.3271655295434,3,5,2722.2796256031847,2,3.113901507617188,2468.591869908043
3159.4659275197437,4,3,3694.4037048819528,2,0.2603672764342287,2521.051252653666
2135.0941710088455,4,3,2535.4819246157194,2,0.3533902811055766,1657.7770366364994
1659.815520907811,3,3,1566.2358108054702,4,5.117095041357885,1448.0778960867474
3336.230991957179,4,3,3826.7868399245426,2,0.28270571019242463,3080.0982448950404
3098.3025543648523,2,5,2386.0015844622644,0,5.428995815458055,4106.276109193805
12257.600277229005,4,3,14452.971292291018,4,0.59220748215123,15885.607249580982
1782.0850113727543,3,3,1734.8074135761856,0,1.5671740095516071,1372.882221228762
4146.253150224487,4,3,4921.533164955731,3,0.0005383588286348583,3951.84079348197
5974.376040531356,3,5,6066.040748646852,1,2.598885731242816,6587.406768126076
6879.477083799562,3,4,6599.84200628663,3,2.4957287671999504,7610.076344071587
4698.257435401315,2,6,3695.6351398783618,1,5.34441199889305,6319.548982391755
1489.5224177750674,2,5,1134.9654571594174,0,6.156756742767948,1046.526881394507
3636.395247948654,3,4,3526.8704547868188,1,0.5194088403175547,3167.6813078082278
7829.128147922805,4,3,9276.483603744135,4,2.456226904381161,6690.820803493037
817.5214164180833,3,4,789.6637116381713,0,3.861950019006487,680.2034549528681
3038.276520099389,4,3,3505.9534095008544,2,0.04298299346100511,3955.8291043413974
7923.76573570825,4,2,9133.013411995134,4,0.10083015691165939,7947.264042072875
7950.3099646388955,3,5,7997.909968344576,2,0.2824213283817135,6319.980227389116
2537.486930673071,3,3,2428.159330961681,0,0.16730047940512452,3173.535917181138
3311.615286215858,3,4,3284.3688140178156,0,1.1185803619432286,4637.439457352067
1030.2893638125602,3,3,980.5906015034734,0,0.06323751993574883,1147.196414438478
4814.077943171436,4,4,5840.987150403212,3,1.0801486826216689,7004.599613271917
969.7837670061693,3,2,911.557315149378,0,0.9076837087717613,763.7849443076132
6370.814443108145,4,4,7483.438986838464,2,0.17273087487421293,5881.46784365983
6651.110244585851,3,5,6675.303383246317,1,1.6784025608503275,8980.579718305891
3490.4373959031577,4,3,4150.284408816979,3,2.070271393713218,3773.8293795900845
6060.507714934167,4,4,7223.751378066718,2,0.30572256476491866,5227.467320188654
10825.207375573886,3,6,11063.68443192363,1,3.5090957612237763,13926.82238637082
3530.6470731952586,3,3,3403.446088338826,0,0.20057717342754677,3272.7448747959106
3608.3700518298588,3,4,3578.9020459548183,1,1.9053936666455775,4242.085212957897
1694.0247972092068,3,3,1622.5008523938543,0,0.2509242563691713,2019.536989190448
6472.387461691647,4,4,7620.510602114636,3,0.6045727160362296,8726.665918641715
4365.569215247303,3,4,4182.7508134594655,1,1.7573415057504276,6003.845522516433
3723.0145944956566,3,5,3733.1031798258236,2,0.6245133959501593,5043.080647588343
2819.3586306630004,3,4,2785.036948542471,0,3.7122548064983882,2561.0756176431723
1996.1147522004526,2,6,1596.3029255270135,1,5.525821745542555,1752.278696095876
3721.1423466118345,3,5,3768.4215434861444,2,1.5565906871607096,4845.770069337094
6096.593322085723,3,5,6182.532893881369,2,0.1878168846117067,7028.798698584619
3715.4455506311965,3,5,3715.4621626790645,3,4.883896178204492,3289.560807729928
3250.177727227261,3,4,3212.463984039665,0,0.8983802686640959,3200.0329712240778
1772.014250064785,4,3,2057.1430764229735,3,1.2738807803878183,1456.4727815066494
1864.5281356987264,3,3,1770.6135037859196,0,0.6117118861937672,1813.5936151995568
5285.712930468531,4,3,6149.092036344165,3,0.4765630322408688,6105.8026970688725
2361.7146755178032,3,5,2361.1198467034183,1,2.3449331560911664,1922.9897708178307
3849.0815232442014,4,2,4331.739326976166,4,1.3752832517965914,3134.4202545324097
4732.074235257139,3,5,4783.922565966836,2,0.9313960401089436,5802.276332105446
4995.3222942697885,4,3,5778.075936263113,4,2.958762454187964,5513.594178238619
2226.993325769582,4,1,2463.7510974195966,4,0.6486066012381735,1899.4234615809175
5936.520471997448,2,6,4621.670736818733,0,6.836095315398583,8111.268023861368
3289.5342278344665,3,4,3183.00479679445,1,1.9936686552312863,2869.0831273576246
7378.151535690216,4,2,8437.709181762215,4,1.4589604784912418,6702.361268630682
4014.329713825137,4,1,4533.86294672102,4,0.8880634631510429,4187.064067763661
5601.971736323908,3,5,5660.866561762049,2,0.5950775850395869,5254.5616939780975
3968.888308472928,3,4,3807.8867907463386,1,0.5224865593465559,5180.619203658272
4704.5290075992525,3,5,4674.218282907397,3,3.0204059901478946,3617.8620734883802
2633.503733083178,3,5,2667.536492990362,2,2.965379047831731,2504.2350696954786
1593.3634939413482,3,4,1560.1751637223665,1,2.0178381685615157,1062.9877777133013
2013.1766306553695,3,3,1918.7396417898854,1,0.34363432004277866,2730.122242165817
4978.946031032927,3,6,5067.667912198721,2,2.268108267979204,4621.551634489639
1555.983081704954,3,4,1532.9849577476768,0,1.8669185833227644,1369.4666305773608
1579.0683210325662,3,3,1530.3124492559793,1,0.3015986440079841,2189.7553606596693
5297.232994970255,4,3,6217.0049948829555,4,2.8330065347260414,4423.405005581695
5073.108470870513,4,2,5701.610217887451,4,2.2523859796739614,7325.058284787438
4872.11069526886,4,2,5611.850301564406,4,0.877435862999561,3922.619835208924
6764.966378235223,3,6,7026.52264211045,2,2.6666795505860064,8727.484757643919
3289.9536312723044,3,4,3230.1451419801,1,1.396514554782763,4036.5808979644935
2028.3367112128888,3,4,1961.6929932712655,0,1.8493437256647602,1702.0589008862069
9446.07373775549,4,4,11166.896897346978,3,0.5057998094070101,10568.411718843588
1869.3536965772032,3,4,1818.7880838461892,0,2.3389365802193067,1812.2109864489416
2218.8867011784096,3,3,2152.0979648599478,1,1.0464127808960566,2383.8358310361173
5999.977218369838,4,3,7078.402264170445,3,0.989409677341953,5491.292721167593
3623.380934184266,4,2,4212.815932527372,4,1.289544742381923,2700.741496929867
8598.041196969816,4,3,10115.953687572919,3,0.1083807952709338,11613.823657861794
2557.1206616773998,3,5,2531.7309867816416,2,1.6301524184237712,2615.7854923436244
3535.0559356912113,4,3,4059.37949700081,3,0.05648133713069342,3277.785554956147
5517.084408654681,3,5,5480.97979796853,1,4.334172048745848,5984.01979672501
1997.647994703888,3,3,1932.7655872887422,0,2.6037153620414704,2055.082846575062
2110.660540874683,4,2,2379.937248016271,4,1.913565799899394,1793.8719161395982
5307.946055157674,3,4,5092.828433360003,4,5.597024759352088,5096.126354116785
5308.525987292476,4,2,6037.729173526142,4,0.1697892896511274,4231.675522681539
2237.1271182315836,3,4,2204.107214877256,0,3.8181188513967004,3225.541494845915
1885.329680174932,4,2,2150.4313217553154,3,0.3217303834047162,1652.4787382826507
1695.72275778465,3,3,1614.5904715008076,1,0.6311978586775964,1503.5433079576671
4913.203511915136,3,5,4987.1738329420505,1,3.2341899074661242,4320.1592538682735
3462.051658038084,3,5,3406.230337112441,1,4.915416901985261,4620.84204705697
3666.1423627651534,3,5,3602.9354401637984,3,3.3897784929502723,3394.669507402598
9596.17364992879,4,2,10975.373153338192,4,1.1207966082738976,12217.297173827048
7480.1939452821525,3,5,7532.335179606268,1,3.2330193104303215,10322.107043976128
7285.271027438079,4,4,8656.85031638918,3,1.2704517053997977,9269.231716730666
3045.71333756255,4,3,3559.349898386405,3,0.7529961183218276,2794.401740374705
7222.9320770056,4,3,8291.779651759465,4,1.1600829556698071,6561.697008896226
3450.7067947424084,3,4,3310.2377869658667,1,0.26340883986250063,4433.751676109988
3410.867962754892,4,3,3906.460771286368,4,2.2990304939393273,2867.653825353609
1912.533223007222,3,3,1834.4550460738988,1,0.02479962553551497,1992.0989078417635
2202.4976289350743,4,2,2542.8674591848894,3,0.7611578637114153,2242.367006719579
3747.3067369168357,4,3,4307.137966860329,3,0.18950805839628085,5040.353855487814
3134.380359867319,3,3,3004.5762996361723,0,0.2895310320628856,2875.723307453766
5390.587776583364,4,4,6369.0925994888175,2,0.8613768644798414,5715.9075374748
2795.384393943997,4,3,3319.154000054254,3,0.8012195234239754,2196.1072235702645
2522.9821702534373,3,5,2530.0125694714825,1,3.5336190922911728,1959.930130514611
3501.756460664468,4,2,3922.7868189868213,4,0.5788675850391711,2747.1796820736463
3448.6790606705363,3,3,3351.220854232401,0,0.026681115817562537,3246.5225323807954
4717.091387159313,3,4,4654.877370651924,1,0.9645275962419088,6198.006352087148
4002.5864244600066,4,2,4541.780144800119,4,2.502754838227513,5689.637985258847
2314.069139469724,3,4,2284.898146454594,1,2.0447556578528308,2919.2433117669775
3124.7337180019617,3,5,3055.222206190688,2,2.1230287921364166,3622.6770937041024
5866.262831092687,3,5,5875.614869025131,2,3.0347633624655233,6757.949366906116
7416.525669649446,3,5,7318.759139939351,2,3.2567609264890534,9968.653310026486
8700.949797571462,2,8,7138.208692961395,2,8.475711676965332,11716.623270673432
1203.7197928628702,3,3,1149.5342876160134,0,0.031579834221629556,987.8010781306801
3892.3772782795318,4,4,4672.376623688668,2,1.8514354904726853,3702.6179145789024
8803.26191655092,4,4,10600.835363915572,2,0.35080052166889863,11919.133455042489
1468.477578657869,4,3,1742.1238076084114,3,2.25510311330677,1218.926179599705
6259.01578127069,4,3,7244.514530186344,4,3.908683637938477,7802.168015576489
3611.3111977001663,4,3,4235.126803740852,2,0.4179301195215837,4425.026135861302
4313.383792056988,3,5,4245.269590180351,1,2.9554272257382084,4532.966467770415
2278.1290319695413,3,6,2293.6245788658866,2,3.582653567571271,1635.4235701741065
3838.52682617312,3,5,3805.474138722321,1,2.546181042680004,4861.933237730633
2287.4510230367173,3,4,2276.841311857464,1,0.2424045245645574,1849.322489222846
2501.205501622536,3,3,2350.7224644252633,0,1.1761754752435178,2153.2301553623306
3002.2518418166983,3,3,2892.8405102714155,0,1.0105923058151487,3029.377205459918
8521.42336254315,3,5,8587.082829765628,1,1.2937441076272862,10471.49970342746
2160.459802390266,3,3,2087.272671265367,0,0.8549863174986766,1827.723186179527
6999.446942048675,4,2,7955.994866039879,4,0.6172193270917891,5816.753608637643
4280.224077547994,3,5,4221.815605140739,3,4.765110671486179,3559.0725736548234
3805.088606263971,3,4,3772.80238052653,0,2.5224743257167317,3557.7728567189088
917.5525855420155,3,3,877.5578412887451,1,0.2529435948211973,681.9650027474148
9007.087755606954,4,3,10626.797495340466,3,0.3632575836695381,9646.761740190495
2326.4203845210404,3,3,2201.593413142186,0,2.5571989114586318,1976.6246000270046
3511.064598734926,3,4,3383.48100506315,4,5.726130956744885,3858.9021269712484
4258.992065326812,2,8,3484.148658436708,2,10.040820559647788,5211.632208999646
6117.387421776423,4,4,7408.001590032535,3,0.25583848197806763,8065.447472711759
2733.989933420221,4,3,3163.2624929431977,3,0.581539446491118,2282.760393991051
1333.8157268912323,4,2,1529.4462876970429,3,0.15440204338256097,1002.668940471551
1968.795503402116,3,3,1865.0516294489807,0,0.9854260216527669,1823.4357370842054
1981.5696429785723,3,4,1926.3876916197144,2,0.9329054532256588,1604.0501340710855
7990.846794597025,3,5,7972.19779346417,3,2.1032405240666594,10364.3299667443
2536.96496984569,4,3,3003.7837128994715,2,0.05647503928471537,1755.585381052917
3459.192776660656,4,4,4140.036621790161,2,1.5143569465123674,3804.1068637855324
6420.4995576144975,4,3,7472.934442384346,4,1.8495008943352251,8429.359922399637
3337.315046558272,4,3,3962.3521124582253,3,1.5115278868053013,3713.637490325459
2945.7615641528782,4,3,3394.759565155918,4,2.686926968943708,2318.264073074152
3192.7314136594982,4,3,3783.915852088253,3,0.1112535363553858,2367.5784775661755
2297.074643935421,4,2,2639.1167161598114,4,1.5827118586416478,1951.593087990004
3327.6195021733893,4,3,3833.8112111824926,3,0.3159206397212724,2500.777944940698
2450.009196005467,3,5,2450.0570628772157,3,2.7939043486667927,1848.8734255265801
3188.308006767651,4,3,3698.2841223316655,3,0.05582770572526426,4467.580741717633
2163.982898039339,3,4,2125.8366907654286,1,1.8315599138522396,2983.8586621454738
2612.7916498537074,3,3,2483.3371452656306,0,0.6659227363934304,3193.7205092860786
3047.6675597645794,3,3,2885.4430005588874,4,4.371699356381143,3847.5034782863877
7213.243796642417,4,2,8288.7302039217,4,0.20152373739357765,7972.1695822606525
6411.665997870087,3,3,6155.634057638924,0,0.11867587227633727,8394.364208252107
16500.79031582603,2,8,13396.702686368639,2,6.898049972203255,24066.835176280158
4123.028978613655,4,2,4772.494320716364,4,0.018990729548357312,3666.1573542103492
3009.146273402531,4,4,3589.777322202395,2,0.8811646401329007,2245.7507363264303
1679.416708802119,3,5,1702.1112827142224,1,3.3079568929194823,1318.2073172879639
3419.92605591661,3,4,3365.7192450190896,0,0.8494247799873228,4618.883786254389
2862.714537896948,3,3,2692.487183673709,1,0.2779731640151446,2995.2496766332074
5892.090935621872,3,4,5659.957129824623,3,1.1238427266487985,6065.060638447629
1514.8331352254359,4,3,1765.4063910760026,1,0.6864202620734512,2109.374154682644
1310.094580931325,3,4,1287.2797348085408,2,1.0757056142930843,898.0198272247516
3109.7530434801156,3,4,3009.6657206292502,1,2.756866082985094,2846.843610747559
7843.057822077221,2,8,6541.556831552803,3,12.235160298310454,10046.006509440233
2745.243495713051,4,3,3144.5310307272607,3,0.3720559626203037,2355.267017674351
2623.080129307031,3,4,2606.5043304905294,1,2.392282605707939,2211.851801602873
1964.9816692662523,3,3,1883.330297366572,0,0.5635895948007361,2515.6966058948906
4490.77943471844,2,5,3445.5691528703587,0,2.762318174379653,3667.6954867990758
676.1293930941235,3,3,655.7647347499362,0,2.811969597834404,604.2860105868497
2269.118168132317,3,3,2152.1941687918825,0,2.5560140306232566,2474.5700238326526
3466.8493936542895,3,3,3305.7808604079733,0,0.5737618360095297,4588.414795780473
4479.513542550202,4,3,5147.62217629572,3,0.04275215818234762,3919.0147256651776
1968.050679347213,3,3,1860.3783192840833,1,0.07285653144011549,1288.638386403788
2470.980145734178,4,3,2924.080368763771,2,0.005335774560876707,2404.6266547096084
1640.083628038043,2,7,1299.9353189398223,0,10.988359780988077,1979.2004071235297
3100.130468406694,4,3,3636.19037343222,4,3.868655794299286,3124.5005604768794
3161.1884238461635,4,2,3604.543399868953,4,1.5217942385740157,2346.591450659252
3928.941821569844,3,5,3912.5567261559413,2,2.034948150108514,4857.156458082135
3779.214440766106,4,2,4330.095881127535,4,1.6191686704755914,4606.418140407815
6222.1758888492395,3,6,6431.989733390844,2,3.5148640729742513,8216.007197089806
5038.413406378158,3,6,5170.0617974502675,3,6.947682611169061,4652.301696224149
5505.456596201792,4,3,6493.531137327924,4,2.678850488235507,6963.8984546548645
4705.078884202068,2,6,3695.4309026859364,1,3.602245420878757,6343.39435436413
3459.119164228634,2,6,2707.7587594541797,0,4.109298698827728,2653.278199230548
1287.220949928621,3,4,1267.4435789875129,0,3.4708135115556797,867.53958817777
1163.282424653412,3,6,1202.3745672000227,2,5.960577534913493,803.9363889713904
6433.123533141738,4,2,7412.180174968035,4,0.4581410296193731,6386.780219147626
2482.3769714536247,3,4,2402.7405451821496,1,1.3660438363884,2550.6870463519554
3313.78758832586,4,3,3852.7060993002074,3,0.32257107983925337,3818.166208726334
709.0192877905693,4,3,820.584692119475,2,0.24276753524481534,510.85159776229636
3606.5309818661103,4,3,4286.004085165358,2,0.1441986618727127,3748.996295272281
9367.75549333786,3,4,9128.342203980657,4,4.746624001823103,12390.27602255253
2839.1898092781034,3,4,2735.5113017943654,0,1.9435311108859383,2920.3387519123958
3180.065995618785,3,5,3213.4855431499545,4,6.503347133636071,2260.046635922193
6598.30163844579,4,3,7615.042751488278,3,0.3662248757336072,7618.405351303178
5969.647509683546,4,3,6852.510046439215,3,1.5996047000341356,7466.0016350709375
1693.081393815953,4,3,1949.0098068621392,2,0.6731206046517002,1182.9715947479272
2232.815381712165,3,4,2221.7217807029288,1,1.269229264242267,2255.1562706254144
4311.336678378417,3,4,4241.19759225384,1,0.43896439310967866,6097.577070570466
4056.4413898583903,3,4,3887.5538454275093,0,1.2428521486993052,4974.871286831407
3885.4591680897274,4,3,4570.019131193449,3,0.8031974441247648,3561.060298213821
6567.925151082134,2,6,5185.681710111929,0,4.544459273951364,7721.65661323909
709.7137747540501,3,4,688.1541407541055,1,3.2345503328489933,526.5712628550502
4810.016701709701,4,2,5499.928002950086,4,1.7174609644083798,5906.3213412429
5981.133629339189,3,4,5930.683432127237,1,0.9079892333259891,7247.783617436869
1545.412742713979,3,3,1486.0327534656224,0,0.4181383758065779,1544.9493142396984
2610.4014109541654,3,3,2528.569602299454,0,0.6651454774211714,3160.3290226806835
5036.249080555122,4,1,5648.611316838787,4,0.6660185313784354,6985.132249478021
3235.63564342483,3,3,3152.8026522026016,0,0.43195905645686156,4074.8878132589007
6328.211198193227,3,5,6276.228278242195,1,3.486032181872885,8838.014484529502
5016.569844370813,4,1,5655.404097847428,4,0.04938599291769172,6406.988332607177
3712.429138290654,3,6,3714.977447104647,2,3.475750216076509,2751.5311561515214
3382.433634437741,4,2,3903.388084539586,4,2.224619976861212,3040.208007650812
4041.8859422452542,3,3,3826.2305113915295,0,0.49497561795517475,5347.3745170696775
3090.3048824376247,3,3,2948.851713196815,0,0.4491578911948128,3811.8433648283512
5487.268539101416,3,4,5295.860569191742,0,0.6390392657507273,7046.646100224973
2947.0306834674957,3,4,2930.194064650239,2,1.3041083142491097,2377.780555058353
3180.6677513491118,3,3,3059.883030061829,0,0.8476995501945899,3663.9060000147783
1330.06919806949,3,2,1231.3652235019576,0,0.1271098718430458,1387.4308061993713
6759.00807975021,4,4,7917.861342391419,3,2.3193122797876047,6112.84878020383
3782.0150129572976,4,3,4487.266284634383,3,0.0014993401745372365,5336.185999857614
3083.6262103818735,3,5,3042.789960661469,2,3.190401972175318,2426.0347306135063
688.0015173925177,3,5,693.1836776748798,1,5.2914262222499,529.0347922157556
1384.5489816415234,3,3,1316.2313142853436,1,1.6203606039364291,928.8652116609707
5462.892077002557,3,5,5374.399561046961,2,1.444478564928568,7100.5923881316485
2915.8734028502518,4,3,3351.2848953706075,3,0.5576451224682608,2701.9637959583733
5046.868188640108,4,2,5748.753312350462,4,0.7177052715475646,4723.969166316126
3014.6038340285536,3,4,2916.8118685056334,1,1.2346197295601753,3083.3288519145667
1515.578914247103,3,4,1464.6568511503235,1,0.7474199948517808,1059.3622512453064
5970.371772487619,3,6,6151.658571929436,2,2.107742706440793,6311.983664801874
7285.082231299348,3,5,7158.251084067666,2,2.3995757518953815,9305.018842045378
2408.3884012497365,3,3,2261.580153777911,0,0.7004302901952998,2458.417149783632
5432.043700957734,4,4,6414.074444947587,3,1.2964921503568638,6234.242087572156
9990.237390476295,4,2,11282.26559475,4,0.3411922381309797,8601.751848174097
5561.323996595863,3,4,5527.688046699442,3,1.216902354464003,7215.901551147268
3664.3773374223033,4,2,4241.375192401648,4,1.5319350855832614,4357.631585418509
7862.664088725987,3,5,7786.688972735481,2,1.7013748591255595,10190.355674370241
8963.556460610875,3,5,8898.984574553573,1,1.899083538941093,12665.44188182818
3043.055971481806,4,3,3518.0583998637694,4,5.074751172228782,4230.458898266471
3296.1628052305887,3,3,3210.8929720528745,0,0.32701714329212855,2766.2836152655796
4150.66243609611,4,3,4803.030717994812,4,1.9619365989415296,3004.750007287284
1781.1875445704727,4,3,2055.444992078952,1,0.8419617461983238,2458.9053300607793
4697.921154633815,3,5,4652.128481923476,2,2.63580592249575,4617.194825194239
6214.884546370424,3,5,6313.268877591268,2,2.4783763728472423,7460.562479935165
5542.929192467188,4,1,6118.546348506262,4,0.12018145314888523,6914.210396954322
4630.760881085782,3,4,4478.001583687065,1,0.35048783299328606,5525.064476352706
2082.9678121358347,3,3,2002.04331607221,0,0.07819667128381977,1835.110409099909
6855.877273704468,4,4,8173.478293810497,3,0.1846019250400172,9741.740166182659
1671.7345574384162,3,4,1601.056821579951,1,1.8782498124521778,1424.9029371935228
3637.4586988253436,4,2,4082.788335689568,4,0.22712613999227252,3146.381207479743
6330.972449356107,4,4,7506.133466162958,3,1.7059983449055476,6955.721564518693
8090.789414878573,4,3,9480.853666064673,3,0.19366247471026918,11810.483132992238
2757.733270359822,4,3,3227.3073471121356,1,0.34517719430233024,2518.7969456217297
5061.160429738684,4,3,5859.131879024341,3,0.449191330492643,6737.444729228052
8701.697473155065,3,6,8713.366179779585,2,1.6951649567111535,12545.118833844163
3395.731663565728,3,4,3356.672518871072,1,1.5831745938663722,3388.3812545151177
3177.9767583714793,3,5,3202.9626661132543,1,3.913800824033808,3481.639822137294
3101.305010348548,3,4,3042.856888139834,1,0.33607189919744856,4260.985687033009
4576.1000960717465,4,3,5307.683431255775,3,0.3871734190761427,3774.7302954897923
1578.3399401388415,3,3,1498.32763906488,0,1.1098727383197469,1402.7148529521062
8178.140601713245,3,5,8196.549743688862,2,2.364701357505935,11664.191028574573
1969.1846491394915,3,4,1940.2231372743863,1,2.100090907626615,1749.6716503764108
4722.308287798332,3,5,4698.256680200742,2,2.4011568196076003,4123.67177783024
2836.7455563543076,4,1,3137.938815265991,4,0.5497852571586784,2280.782351698005
4694.636533550738,3,4,4584.239506015865,1,0.5079458707006197,5176.957310596428
8600.125368952964,3,6,8666.820329782011,2,3.5137970036938744,7995.849379026181
4035.5921748190613,4,3,4697.83742315902,3,0.9947001939009572,3188.343248239558
1877.4071026544775,4,3,2158.908140496676,1,0.3316441841948112,1621.8473555673963
1557.542436825456,3,3,1489.6040744192776,0,0.6659885956470847,1879.4852701045286
3036.4144402516145,4,1,3393.7349974942053,4,0.9863661432819955,3144.335515699399
9985.397886138768,3,5,9881.439834224835,2,0.5072360936218666,11864.74725372773
2683.8662450231427,2,7,2203.035584688401,2,7.627633482916807,1572.8726421168408
5206.982954873673,3,4,5149.2421476642085,4,5.907490077959149,3947.3238879436394
5394.2563831224825,3,4,5302.4318159186405,4,4.200775608152875,6710.402345177758
3299.529552931631,3,4,3250.5166038402126,2,0.2899261851775231,3906.4617678773793
4323.258331740571,3,5,4255.331259651321,2,0.25297505212531085,5375.507633066256
6103.713949572639,4,3,7002.044740560451,3,0.9444798205999815,4994.066095128976
2770.3237821741573,4,3,3247.4491992026733,2,0.9843411550239246,2675.667110854431
2335.506837785695,3,4,2301.5003532234764,0,1.199941883816978,2589.500330477725
2485.2908365448156,3,5,2439.1413288166937,1,4.743208795072459,3194.889533981096
5329.955611923641,4,3,6292.308957991793,3,0.7171079186419717,6618.396528359611
1321.2352747565496,4,1,1495.3158792399813,4,1.0004448710111162,1128.1282156830202
2166.7880468370054,4,3,2570.2136945445395,2,0.9168775485047782,1595.3884509040147
2026.1348560990743,3,3,1966.6565091300288,1,0.3010201180797097,1524.9550223053902
3088.942628506719,3,5,3125.533073142418,2,2.632974320166075,4356.789777049566
1985.9881583321041,4,3,2312.7361904641066,2,1.0257194176787898,2371.282768019705
3579.7069159865864,4,4,4235.430929397658,2,0.20533027939752152,3311.34769156146
4033.5130755547175,4,4,4868.260370096563,2,0.9749451524933987,5735.010834798173
2797.5342531165156,3,4,2728.303146162441,1,0.4867276862341117,2619.491593962674
4210.2682282714595,4,4,4998.437307715623,2,0.09229409875137759,4215.796939785102
1195.9623655026135,3,3,1163.8010246865479,1,0.8437600777523585,916.0257667040248
3770.251103859311,2,5,2893.345533025327,0,4.061176341702142,4622.633093314078
5756.063624661606,4,2,6658.027585492526,4,1.219754183664113,8098.670776686891
2853.547450763766,3,5,2854.8792642988074,1,4.382815723268888,3183.0011928681724
3180.690715631471,1,9,1922.1452043515621,1,12.085422327005586,3685.0052494716288
1824.4357925456795,4,3,2100.436507202373,2,0.053864416204822074,1777.9490588297522
2080.510699322402,3,4,2067.31305178938,0,2.6297348860916774,1847.150016814187
4167.662290390612,3,3,3932.156659673237,0,0.22714456707599928,3703.033164230624
2069.4388053177854,3,4,1999.0696133021659,1,1.5120097427921615,1424.219151183135
3081.673213136087,4,3,3599.8695931523607,3,1.5829082692449516,3362.249058696397
3308.2291126327573,3,4,3251.3470030153817,0,0.7111365581810621,4156.2312471094265
983.9659194853059,2,6,772.9925504871634,0,9.211664530127786,1123.6591497200513
4606.213054391995,3,6,4624.836881972288,2,4.104727917211779,6136.438944517281
2185.6258842525854,3,3,2063.9124924701264,0,1.2039114547695606,2318.591828519214
1714.4166991320265,3,4,1656.175877885501,0,2.144019594407304,1559.4270573465185
5141.772613077296,4,3,6106.133748791345,4,3.2864103026914266,4849.896680199017
5904.785536159499,3,5,5977.257074582467,1,3.189111336541979,7818.017233837895
2051.4735321854214,3,4,2026.5031181137583,0,2.6589223806741265,1963.0788780194725
4790.750809908735,4,1,5325.36311100203,4,1.0143284676738131,6151.488978156714
1392.0533368969068,3,3,1316.8492178806205,0,2.3256497039174184,940.7733261042766
2645.1895589168535,3,3,2496.6804493857217,0,1.1336460308475742,3298.6427142741027
4997.74865107823,3,5,4938.518967958908,1,2.1295134222258003,4821.552491111987
7268.394178255588,3,4,7095.596097407984,1,1.025203187153719,10186.211893412721
4955.999850036655,4,2,5628.787698641351,4,0.6418570418933615,3447.916353122266
8020.021195009201,3,5,7844.457751566471,1,0.3203177616766635,11087.384540795196
2090.1515964832724,4,3,2431.384055361841,3,2.0109282709973866,1768.1489415897647
2984.77906992876,3,4,2911.661889523439,0,2.8184810630483073,4048.6272473672007
11947.440216730887,3,4,11768.445174149676,4,4.213520656699429,15820.87379941705
6291.070969841222,4,4,7590.097537974014,2,0.5081122327158073,7627.342402917463
2451.2967969273495,4,3,2847.0247846216716,2,0.42772271073010276,1716.5466434103046
2129.318515449558,2,6,1712.9727637587373,0,8.518057675505112,2382.936844494824
2953.0453659911072,3,4,2891.3872389436774,2,0.7021745287986451,3351.7261350327503
4660.462657380809,4,2,5375.575890922625,4,0.8420868552138668,4677.7479806226975
4130.6545949141055,3,5,4062.593340633604,2,2.546835242047811,2877.586828557108
1573.2366855100997,4,2,1803.5999374069859,1,0.40301248921471444,1418.2877207576732
5212.958561065444,4,2,5886.894945949677,4,0.7871685971596041,4425.072063802576
3095.2676104929756,3,3,2966.6070040487502,0,2.351611210519227,2773.62704767408
5160.2032142579665,4,2,5811.042030815319,4,0.5868127133967636,6580.946271807837
3541.5615679983766,3,4,3425.4974536081236,3,3.6479139858828207,3339.874006966265
3616.6599859738208,3,4,3529.178058757229,1,0.8035287032603173,3347.592247287144
3037.44025212152,3,3,2943.9946071717522,0,0.10375864864982068,4037.8749915982885
6149.485420256199,4,3,7197.122730708594,3,0.6479513469319894,7118.177177025783
3420.861476533289,3,4,3280.393745879089,1,0.9611327402181715,4008.1702260956704
2448.4627385112235,2,5,1862.0627955573711,0,4.22923809219434,2383.737156969409
3081.4629977225973,3,4,3003.419500186717,0,3.249856161135985,4230.0012048895405
3156.6774472846455,4,3,3678.0080009608905,3,1.1297141118863154,2646.6695317600897
3623.282721389855,4,2,4183.079330413619,4,0.887700569556847,3611.8374705436468
4815.740880542931,4,3,5594.03409657251,2,0.0721138749976963,3143.0720103112503
2323.0867461569565,3,3,2177.559714135382,1,0.519692612503063,1924.410623218822
1447.1716510384058,4,2,1628.0479497348842,1,0.14191158900872589,1216.426536450507
5902.143954585651,3,6,5956.94692360441,2,4.370832607497284,5321.116708778051
2205.604228738751,3,5,2171.039448434197,1,3.609549152694829,2161.8603116701183
803.648887100414,3,2,742.2424478048325,0,0.059721489268012996,606.9061203253316
3845.4898971751454,3,6,3945.938880312914,1,5.930229436230554,5139.201482590982
8664.223229508958,4,2,9767.342970703678,4,0.7030736525700451,8906.446234395311
1819.4206529969852,3,3,1730.5702344202361,0,3.547722886652352,2295.155006692716
2923.938343026762,4,2,3388.1923264709317,4,0.8754252682067011,3336.268250360108
2718.259672495516,3,3,2565.7069142053815,1,0.11649185108403291,2458.089078673449
2354.1418364368533,3,4,2266.513989133326,4,7.367789089656971,1886.055172772887
4279.09823358311,4,3,5025.519172433814,4,3.8920567608088583,3358.627894601395
2973.451298073534,3,4,2926.4034072412796,1,1.5588799409578245,3790.734011954456
4904.787709518839,4,4,5770.805346092161,2,0.36986403095259224,4201.663991869454
4659.848982295506,4,3,5514.479907668041,3,0.14902903172481854,3985.117779599156
4032.3471682601703,4,3,4704.194275696933,3,0.4618204816403618,4791.546791970844
4493.58777448365,2,5,3505.3215155896264,0,6.0632782033467905,6013.668245320576
2717.186311849446,3,3,2588.0874614826794,1,0.7670046773109244,3200.114481545885
1768.2294513463664,3,3,1704.4264073099846,1,0.35856960382854636,1429.623340451993
1514.162404913408,3,3,1467.4550097424726,1,0.4813276175857134,1644.8965357415002
2680.6702800918674,3,4,2594.642185642804,1,0.48003697968986025,2802.842126532596
5201.917353972174,3,5,5147.541256854185,3,4.434811627450109,7172.46050901023
4275.839504288688,4,4,5115.198071361183,2,0.4495953600936468,3444.474326930867
3979.975816689204,4,3,4630.344983822388,3,0.2951326296114974,3181.7302808832424
4250.02246853659,4,3,4975.8479841857625,3,0.502367878085429,4901.702701841576
3143.0231086736785,3,5,3113.836249262456,2,3.104156811928601,4114.877674629971
12316.412478297952,4,3,14427.70506017116,4,1.1598112214788667,17456.32067871759
4360.412697912016,4,3,5058.322373109713,3,0.0943225008218241,5072.555971129485
3444.361519154585,4,3,4077.2964208373787,4,2.594833648571065,2562.9254257420585
6454.829991194273,4,2,7372.25100685436,4,0.3969848270743082,7487.370821617606
1824.3957875913577,4,2,2051.7187186895994,4,0.3788934607061159,1995.7623615761054
4560.996953530757,4,4,5491.48888993879,3,2.4952956959730987,5920.983786789242
1421.9732143745393,3,3,1375.5383949572572,0,0.8955812490655578,1153.158359664146
1594.4989729653687,4,1,1766.319298265463,4,2.0092089829249273,1523.0149443496455
5762.177009966565,3,6,5888.880087135925,2,5.625963982286511,7375.500537318079
6487.371629472935,3,4,6378.9670909432425,3,1.7812268322952896,8834.130087167503
3131.7566409695037,4,3,3717.2633166504716,3,1.1824578015925549,2337.100290258791
1519.615547183789,3,5,1509.249182006559,1,5.44775179494437,1261.2580449305817
8196.522161884273,4,2,9387.86035806034,4,0.47698560086084585,10320.095571455431
8627.125394298266,2,9,7119.74765413228,2,10.175772348657848,9484.601321267499
2999.658237878946,3,3,2848.4764687024062,0,0.08364655830278347,2582.219211705684
2028.8350236377062,3,3,1954.7141989873576,0,0.7298976233940412,1305.3348739188916
4877.997428273315,3,5,4869.701873529103,3,3.471362735302839,4409.336689077892
3858.3622800375315,3,3,3637.993459772754,0,0.45725731777296585,4657.229803102944
1895.3224231326653,3,3,1839.592023778484,0,0.2770867672942024,1507.2918090588507
4046.392428234864,3,5,4094.4448046380835,2,2.66235228413842,3303.8382126557317
5975.7377857572355,3,5,5843.209386259476,1,2.0608231836409434,5622.976601473951
1842.4400369331258,3,4,1787.6910885667278,1,2.2316374633520293,1392.7654279227122
3772.6247743555055,3,5,3809.4749791174577,2,0.5412979453729682,3082.2742276134204
4891.030942358142,3,5,4972.6199143920785,2,2.4889010124268918,5661.2957033878765
1865.3001390894622,4,4,2217.191697631165,2,0.6643750679243953,1629.884068440638
4320.015592344196,3,5,4310.6448801312135,2,1.4777772171553312,3479.5596086131122
2894.2103839975903,3,3,2764.0632647315956,1,0.5819264706429264,2977.7839703244445
1050.6152018200628,2,7,849.6254462280873,1,12.113939402497193,809.9835939445999
6236.178277473702,4,4,7582.408952776748,2,1.0831254534833366,7064.752485688117
8998.47529114485,4,4,10557.704190482431,3,0.3904327682872629,11112.761207254889
3218.573926524267,3,5,3251.887119357936,1,2.1283161667490496,2556.280780599619
9928.06754786303,4,3,11490.531595752549,4,0.4720649961621952,12504.457183622213
1778.0746402960754,3,3,1678.3842462533153,1,1.175115958426967,1216.5154440404526
4322.84878464585,4,3,4998.810756831304,3,0.03253609939253476,5078.688417006906
2732.72557699145,3,4,2691.1159543616145,1,2.1653094981585466,2106.5794324446197
6446.380349386804,4,3,7423.568363442214,3,0.37390564655795905,8847.42360671321
4434.1667862341665,4,4,5195.408412050956,3,1.6292153521088208,4445.340291585905
4112.292734401623,4,2,4609.85664800183,4,0.7886302825172193,3582.975432328501
4397.762104549098,3,4,4356.089988491738,4,5.528728574185348,2952.824450455316
2411.6108011636497,3,5,2409.161497607267,2,1.876780075827733,1807.573329787726
4127.762060264444,3,6,4242.231489106603,2,5.273079454856196,5222.636819205985
4906.173384745082,3,4,4709.189731615122,0,1.0583403168630632,5646.9963476313515
1898.5541918072158,4,4,2242.476849176325,2,1.7872246011417707,1685.830444394569
1832.9770786993417,3,4,1815.1220223760804,1,1.229890989879495,1542.868540256938
9006.012448085286,3,4,8684.776923666403,4,4.785171748385827,11643.186147505325
2451.4317859359285,3,5,2407.157649059222,3,3.789360450603021,2215.8762638465714
3563.602508876924,4,4,4171.276622644873,2,0.5429120878724477,3883.0598388937474
2799.967540637394,3,3,2679.0203957841222,4,3.6174304593161826,2182.6351386229608
885.5532505151173,3,3,837.0989032156156,0,0.053829019882744245,628.8796807193997
4310.130627397896,3,4,4153.983139943427,2,0.3233533932455877,4201.225800547921
4169.714826630869,4,3,4831.334532671463,3,0.8239882760771985,4969.044093610937
4704.38429361538,4,2,5278.486033438925,4,0.13927886787915478,3670.8817655909625
2058.7870175066328,2,6,1632.3442062971237,0,6.171099949255438,2038.92307910721
1742.0151427309168,3,4,1697.6437002994658,0,2.0341501364395684,1516.3118663485916
3965.5001678909343,4,3,4563.401809617866,3,0.8625058497183559,3248.332756780794
9468.135252076492,4,4,11439.626715864633,3,0.28426152816022404,13256.055203909942
2818.9985831965364,4,3,3331.113345464251,3,0.3261831479627583,2717.807289724401
2177.5478230866274,4,2,2526.6992248694096,4,1.3960992015637976,1823.2809350595198
3986.9490162562684,3,5,3903.4997992822055,2,3.89837350309483,4255.75980488661
3931.41838829604,4,3,4593.318729336946,3,3.2346991206255327,3610.4313876097176
4457.935047610105,3,4,4268.043906095201,4,4.809052378670507,5136.562964630544
1666.5219942530018,3,3,1592.7360977923206,0,0.34818283706070197,1888.6841770206968
4037.345856835107,4,2,4586.813761364024,4,0.7372154441228225,3532.8488848882935
4339.059579553694,4,3,5164.476640875665,3,0.9919757277323988,5538.188665092112
3098.2008390371625,2,6,2467.3911979778068,1,5.982656610848994,4115.605216686455
2329.966364434406,3,4,2309.402157825945,2,2.0195996885062057,2264.646787911046
15086.39366692658,4,3,17752.640599652183,4,2.934445233506724,18118.080506315364
4451.069567568187,4,4,5399.793741722956,3,2.6466786351266576,5343.835286057042
7629.551176820495,3,5,7673.635758228874,2,0.5940991261611758,7079.4604638672245
4109.612984451467,3,4,3976.6242782960335,1,0.7110503685318503,3733.3965612258935
4359.352678364906,3,5,4267.528172740657,3,2.7872258288252474,3679.16347166519
3154.448968338137,1,10,1963.8170961656197,2,14.930143058903331,2460.8280552418923
1298.166651203911,3,3,1232.4436603178565,1,0.8836006375336938,1688.0528888692536
2045.1283513563687,4,3,2352.1567484177567,4,4.377828458124719,2110.932903057432
4290.21320776757,3,5,4348.336152081356,3,3.3137089385189085,3439.786792769091
1422.6560881568655,3,2,1320.7176974623326,0,0.15581229859829418,1457.647905516821
2410.4915845512733,4,3,2834.254544527527,3,0.324516866870538,1781.6295905374845
3428.73768833254,3,4,3354.386080496822,1,0.7536846919669541,3672.1210804844873
1294.2166447630655,3,3,1258.6502996183033,0,0.9760891901217489,1011.3861637932356
8728.546182589616,3,5,8814.397993473702,3,1.9790827782817833,10271.382304356128
8616.800898454434,3,4,8268.240604729663,4,5.329668823224282,11988.932807534962
1075.35374331183,3,3,1008.141155328622,0,1.519485642116253,828.4400299702747
3677.1762107152026,3,4,3540.6752747204573,0,1.0813774294269953,3299.9537156649308
3176.9044983377175,3,4,3139.1908978939464,1,0.1922641663029821,2483.2475203095964
3334.7934141020305,3,3,3129.4932957002798,0,1.7186156940674906,3964.0299085978404
2407.169559800743,4,3,2823.0792108017713,3,0.9639963083081403,1498.5196536699134
2753.0580678434367,2,7,2245.0059576939943,1,6.413667456565768,3473.532813900104
1749.1533329663418,4,3,2078.422116731141,2,0.48217400025802826,2261.1039774745336
2985.759768401231,3,3,2801.8430150098357,0,0.896184720966956,3928.930900531938
3673.179862926103,4,2,4142.499440793075,4,0.5321525807676029,4768.28536453746
1237.283693957412,3,3,1164.811943894632,0,1.1926722031078911,1351.7755987054695
5739.365928266342,4,3,6607.650589448397,4,2.405021072004887,7236.86788585217
1391.170043471073,3,3,1311.247283314728,0,1.90625286607533,1669.0882399727443
1452.626824941514,3,3,1374.6860289569022,0,0.3488013858632868,1486.3528288370264
4201.022607224338,4,3,4983.669871264021,3,0.4616217095917384,2699.815884945712
1820.7340996112055,3,3,1763.467295220166,0,1.5186299167297108,2334.2640839712194
4520.784944108329,3,5,4558.0106451548845,1,1.958575477668269,6171.511322741565
7028.782018641503,2,5,5473.7898831549355,0,2.316214306662027,9259.693169377191
966.6662906999862,2,4,746.9185030246015,0,4.285042717333121,1251.9212252472278
1572.865094487985,3,3,1515.0011422312452,0,0.008806310758325445,1554.4048393724793
4609.68862070671,4,3,5331.875014605675,3,1.3707368879087276,3562.5995409130405
3529.176954376308,3,4,3454.2704236668774,1,1.1451366287095042,4162.565388137351
2426.0101165133647,4,3,2838.102046142111,3,0.9673217791708227,1955.244038946092
3278.8742574244166,4,2,3675.4753826379847,4,0.5261027994134992,2827.053444989633
8326.936108702499,4,3,9825.340672293101,3,0.9563364734846878,10866.756037416377
2598.6488871540273,3,4,2504.740131692697,3,1.911919429346307,2598.7919600595023
2387.4016340371836,3,3,2317.8886280377974,0,0.28254866786294836,2535.282497980961
4284.723094632126,3,4,4259.981085361266,3,3.709255684706661,5136.0386307984845
1707.6399641722892,3,3,1661.9812897095283,0,1.3184314334289238,1461.3352963308812
3824.1217135776315,3,4,3785.6608324861086,4,4.7056447610069,2725.9074575951017
6484.878308469447,4,2,7515.8031398313,4,0.24349665360311984,7807.020555252777
2874.529199251203,4,2,3276.8065489659307,4,0.5094050714228374,3296.7981874646393
8515.772508993687,4,2,9910.495403679164,4,0.8896003198851096,8227.838927669534
3995.0437352039853,2,6,3136.9633328223367,0,6.022324637438532,3821.9686100653853
2248.560055320813,3,5,2269.5945693943054,1,4.412318027563909,1510.220096566798
8089.871153735592,4,4,9478.123372499856,3,0.3770413579097228,8122.7382038677815
2836.049253260282,4,2,3298.3191174922435,4,3.305254249046781,2164.561497299385
11050.68370382063,4,4,13191.670840847508,3,0.5443185199499608,15750.683282858286
3165.3477760216133,4,2,3605.004829017978,4,0.27461988773334395,2679.428611217594
2673.1500751062244,4,4,3253.6153379323487,3,3.2774329279730354,3447.307605130741
4608.477907198582,3,4,4561.899554114061,3,2.323912002559946,5318.140306999069
8607.063341808,4,2,9653.40369939308,4,0.3474636722315262,10557.739724867693
2667.8957539248754,3,4,2645.458388382934,1,1.6004789937798716,3161.915102337338
6151.310285192002,4,4,7347.642826880347,3,0.9412041102915057,5275.684606750726
2576.7571912443095,3,5,2545.4700892654455,2,4.999852571908593,3116.117867925243
2978.693356379279,2,7,2391.481549246098,1,8.867548463825871,2129.442096240804
4864.070854860998,3,3,4671.306121288231,0,0.12844892738032235,6688.76623513329
3801.020284904718,3,5,3783.0019253434234,2,0.02962872461063222,3328.5176478018193
7374.170249856648,4,3,8473.428128718599,4,2.6649384744891575,9198.74457459444
3005.08975028191,3,5,3035.802327915513,4,7.16044272529084,2536.7741252284277
6780.515826439976,3,4,6507.507466535943,4,3.3658691396236615,8671.961956212448
6296.512389786568,3,4,6172.595893148153,0,0.9981925966675741,7089.841046316314
3436.1053033983967,4,2,3905.362479529938,4,1.372386982856446,2937.6284437701465
5953.312063858592,4,2,6859.041832860331,4,1.124000116340505,6203.220497251662
8336.069066123066,3,5,8463.579666901174,2,0.8808907091024534,11624.211569069103
1888.2233995980403,4,3,2195.3218380901903,1,0.723861346864461,2307.072192520627
5488.828131470145,3,5,5529.521151141708,2,0.7007328550633083,4569.990789474968
3304.7731948544724,4,3,3843.029257496763,2,0.5112093996807949,3151.5923837215055
1294.3425216846294,3,2,1196.1671625454896,0,0.5199042587533037,1197.1163013000432
4677.259530412112,3,5,4686.630858583203,2,1.1581197896231588,4980.234262539725
2946.6260555396425,4,3,3385.4932655442067,2,0.8109863473192291,3965.3405020947475
2104.5268698815735,3,3,1971.713218461421,0,0.013706641392911183,1871.652508792298
975.2992690937998,3,4,961.7239538115069,1,2.3169603220018913,878.2203553414339
5030.371096539387,3,4,4933.462910817626,3,2.5984289123021442,5575.60067380508
2052.497251809409,3,3,1932.0861771362206,0,0.5074633379288538,1774.420697755127
7036.942705428493,3,6,7227.279903388034,3,5.712360722821652,8721.644654680236
2172.8028223653214,3,4,2126.3188226697876,1,0.950757501115181,2309.6369181500654
5082.461990513189,3,5,5078.371664047092,3,3.393235567505356,3773.7693298485924
2590.3443665941295,3,6,2636.64628085694,2,4.686454301046071,2772.731238240716
2941.4906888139444,3,5,2949.1804862783874,0,4.432951978448801,4143.799996395863
1854.982796615608,4,3,2145.915002037944,3,0.49565386648887233,1282.6045266997642
3292.6333837701122,2,8,2666.872051276067,2,9.794154504990987,4025.4156907843885
6262.86032439611,3,6,6322.27582841165,2,4.868456400909944,7365.475147972357
5602.517435035156,3,4,5562.703027619787,0,1.5633814188815391,6940.661159966757
1634.019850061738,2,6,1272.599468054931,0,6.025475901052942,2032.0702420837674
3572.590518681639,2,5,2765.392518182116,0,3.408278554808656,4874.172406237455
6378.666594217551,4,3,7555.554453280421,4,1.0856924426151582,5287.789459323056
5841.566891136456,4,1,6507.5544653729785,4,0.08247306434576805,5874.002636742324
5132.023067254045,3,5,5073.1812753364575,2,0.7918095261975387,3049.6345150238917
1352.8231040712128,3,6,1350.7793061042678,2,5.94919407983812,979.4345751668437
3336.647032537597,3,4,3263.6265647474793,2,0.04941277878237495,2888.885856016006
1750.4562033803375,3,5,1766.6801300739205,3,5.280876034289467,1234.0254339427938
6065.167263584749,4,2,7043.152095366397,4,0.9706454526872378,4268.105010486255
2770.3599638477144,3,4,2686.5162749758624,1,1.8472992271437474,2284.63115449678
2657.1942001541524,3,3,2515.1679199390196,0,0.7100396519544185,2993.534561302982
1432.2330290925738,3,2,1340.5734315665272,0,0.376744877897142,1704.4951588499257
2113.6760588088996,3,4,2084.8377239571323,1,0.708979593477389,1850.8951978605855
4130.941543680004,3,3,3891.387563296484,4,4.359331248778218,2701.413776608614
4637.233707266107,3,4,4455.725648446426,1,2.8156142956804837,5373.254277487978
4767.566607905199,3,4,4601.9840588994175,1,0.9771025038642523,5340.707255530773
2098.0336489174574,4,2,2397.109581006388,4,2.4412031689925517,1769.1095012078936
2865.915441469081,3,5,2802.5473467765123,3,3.7635252423539436,3604.5488554017725
2556.5085266581,3,4,2449.74159929926,1,2.473619231670601,2482.3726187814855
3357.740025566741,4,4,4058.2239225256567,3,0.875786548359472,2575.066309037822
2135.0365981026953,4,3,2488.8796705109103,2,0.34247960157049395,1520.134862923222
2012.1653598267221,3,3,1954.8341638667503,0,1.0070546087967776,2526.230149609623
3787.3579334801766,3,4,3626.6653879763735,0,1.8678519879163733,4799.618091985089
2867.7277340508854,2,5,2232.007890338331,0,3.494940812112686,3565.8478743916207
2464.2520203718354,3,3,2315.836858670004,1,0.5947409850454434,3265.156040503341
5538.57083875048,3,6,5679.68802547392,3,6.868557471674545,5966.251769956721
2587.916897253454,3,3,2448.4436181255674,0,0.7662442274802143,3596.393938224814
6601.649175220851,4,2,7395.982120485901,4,1.425703024388105,8583.928721825028
6292.888954244973,4,3,7441.242506892817,3,0.353536115158736,8528.92744263637
2847.0982712609275,3,4,2737.807095407536,1,1.649264309362078,2569.579249672724
3616.5261303588472,3,6,3643.499031433255,2,6.696286981851801,4032.7988668932685
17999.615584255935,4,3,21148.057304022717,4,2.555454865743108,23548.01771556711
1137.0896399708133,2,5,881.9191026563255,0,4.625547885210468,921.9281271511685
2300.942573888917,3,5,2316.6442374087032,2,1.8518684635014557,1959.6259394496046
2356.7163356536184,4,1,2663.9569309243543,4,0.003500429782807371,1941.5376294920834
2143.53368368008,3,4,2088.401886542275,1,0.10157897753113103,2098.8591592571547
4181.301936512128,3,5,4172.734378598517,2,0.8439941513546529,2997.912999791444
4974.859244742929,3,4,4894.862857785236,2,0.734989515022336,6372.778624714053
10258.008465555231,3,5,10202.15909204175,3,1.7859820160496092,9130.027857585139
5794.62152046732,4,3,6801.5716018766625,4,2.9771591477077997,5935.948155711472
11322.517226194024,3,4,11008.118897558368,3,1.2748641126652773,14649.438278034362
5498.065001143409,4,4,6602.364880013988,3,1.2779268798710761,5395.6818477080415
5931.13731242237,4,3,6933.68514857908,3,0.19423795052902848,6587.839016506196
1160.6399650607916,3,3,1092.6286266164275,0,1.8207511373330822,981.4787532132164
4649.08003369879,3,5,4686.602378271899,2,1.5412744086729333,6622.9922599345455
2222.9391098619813,3,4,2142.0105490906253,1,1.5724307571055238,1906.190446943835
3333.819826183133,3,4,3277.395438099144,1,0.7504271221322832,3533.0373517275198
4106.118483962744,3,6,4155.460952669548,2,5.6992762585880845,5009.6192812984245
3647.301121153565,3,5,3587.8472593533756,2,1.9500306002479348,3850.6550981749424
3136.515884206908,4,2,3531.077140027767,3,0.050617704088422,2526.926988606217
3917.900962173066,4,2,4503.8104066424585,4,1.1266271670973655,2739.9863125482175
1735.3959522313808,3,3,1649.3964065418556,0,1.5991296265695925,1602.3443866328894
2473.373088915791,3,4,2444.433981832426,0,3.23308427037109,2875.879812043899
2359.315305565,3,5,2331.4266785515856,2,3.1011343680181893,1636.1861496080883
2172.2086514123016,4,3,2512.67537896668,3,0.3248004766091036,1713.747330241116
5423.324785594444,3,4,5202.567028667619,1,0.4563581708996669,6644.81590682938
3025.476559088724,4,2,3394.2500395618517,4,1.0561190850678726,3649.3604204943326
5251.175308285302,3,4,5224.3848298279845,0,0.7396490421029742,5929.070235316499
4667.267813077571,2,7,3717.620759930891,1,6.675061862407813,5695.848964745204
5190.986339962029,3,4,5011.591791132133,3,1.7313084034667834,6055.297594287129
8963.962292332664,4,3,10308.906186308854,4,2.3025948606526607,11630.654496062749
5948.300579527502,3,4,5924.369659704785,4,4.250739521848299,8189.268889742536
2854.602303782951,3,4,2766.1518819000644,1,1.654827033422389,2035.931916607013
2389.159666386582,3,4,2346.208543568221,0,1.559364615179651,1838.7214833452085
2077.387943647199,3,3,1950.6946740924097,1,0.903542556992893,2048.275610532039
8015.69080564207,4,3,9541.185434464402,4,3.092037153757833,8717.242059639373
2912.4425124973295,3,3,2775.1252607135584,0,1.8067390128733196,3742.9917361701055
1862.3303082927032,4,4,2183.800718139013,2,0.7448248843225245,2248.6288255705954
2468.6678703754533,4,4,2905.533656776692,2,1.1815375459488762,2129.5543030400627
2654.7262495422115,3,4,2558.976946009437,1,1.1582969783989094,3001.9511042240383
1770.1471876745034,3,4,1727.8722290972148,1,1.7301476438296381,1040.6653404939295
12462.078944019102,2,8,10384.815623912726,3,9.253693416910503,11829.209091132463
1449.9189725299732,4,3,1700.785812384774,2,0.40126545162328625,2068.6367770444226
2677.7012614695977,3,5,2659.0754224437633,2,1.2443119916622667,2439.249520434192
5484.048705108328,3,5,5490.304745154013,3,2.358633142180912,7762.372389076176
3856.8004829033725,3,6,3871.4408287820906,2,2.9209906290083913,4134.449277723394
854.5437815230968,3,3,809.1914384289568,0,1.704879818028897,1187.4732098325599
2769.129735954961,4,3,3291.2978028125417,2,1.0410163368439376,3241.845380884316
2721.031814394452,2,5,2075.3064511844823,0,4.452539343062128,3636.5200924146206
1272.3876974405437,4,3,1476.8994853386225,3,0.7415655704510031,986.691161810703
3757.360365629452,3,5,3698.2149496465086,2,0.34879360418186317,3228.022465307266
1700.9024928734925,3,3,1633.7069327214306,1,1.1077519928025952,1478.6532440505282
1585.3076236187906,3,3,1486.5772356929326,1,1.747931735190475,1119.8058323352464
2934.1554343119465,4,4,3471.314409375142,3,2.582722290719767,2156.048096461592
10859.52536870249,3,5,10982.943698221838,2,0.693287420318275,13670.022998998815
4848.448238313482,4,3,5666.399045769206,3,0.32941723612778506,4146.038799776979
6050.22179239897,4,2,6984.118250128479,4,1.2812107006564748,6244.8103077250325
3981.6780244104243,3,4,3911.8494427032215,1,1.0534554846620041,5111.414760282033
7727.470074770628,3,4,7568.958483793317,1,1.5004746338173516,8682.293380234765
2247.8024556877763,3,5,2275.296570302795,2,2.71834451611091,1447.59307000576
10553.677332507945,4,3,12500.695066087656,4,1.5240716096480917,14084.890672842525
5496.488866280537,3,4,5269.494908854864,1,0.7393896599424746,4363.818383569254
3058.3339795279167,3,4,3045.046287595334,0,2.785115620690622,2576.615127898016
3601.296073257457,3,5,3551.2708441457303,2,0.047253431429775714,4051.7987667429434
7398.913435619568,3,5,7447.367424334931,2,0.8384507733820368,10092.884391140882
9926.611327738361,4,2,11500.18402145382,4,0.4603735848222321,12633.009393218197
5233.449403429374,4,2,6007.973525266661,4,0.9003550869587404,6464.08937124931
4558.99541289229,3,5,4573.950890049544,3,3.533441094093477,3481.987391343767
6584.888922782452,4,3,7791.722312956862,3,0.4687530781891609,5805.004415912594
2849.524352700818,3,4,2837.357103496087,2,0.6766359009569706,2666.5488034555824
5165.359162117472,4,2,5990.518375038024,4,1.5091251811708521,6245.35268716567
1260.3251646558258,3,3,1182.0776446963262,0,2.048819698551969,895.172955539292
3396.505699504111,4,4,4014.4974891025554,2,1.318915456189779,3017.724590681565
5184.703864394945,3,4,5047.356005478472,1,0.5733825537230949,6192.981452787005
1216.0855714545319,2,5,935.9027796178707,0,3.830508630492344,1355.9654158820417
4114.676545597207,3,4,3965.7107121172517,1,0.0036284540473568963,4339.466933522142
3142.522637332373,3,4,3113.9813965897206,1,1.7018517839690526,4233.801919394102
4730.773129526452,4,3,5521.366448347583,3,0.6247301742019612,6381.956539630754
1069.723530175029,4,3,1238.2060820880429,3,2.8300378717071,703.4862591606319
2536.194675939326,1,7,1475.1746554656343,0,8.642519647895226,3401.0773210478746
3401.495953638394,2,6,2680.3208102583367,1,4.4706206434666225,4210.471062056691
11011.772341539025,3,3,10654.540378374182,4,3.220541691498843,14610.394461593312
3564.5650768098035,3,4,3460.93452113519,2,0.9303487864183712,3394.2590140117554
3439.036902171887,3,5,3451.2803423338005,1,3.1557031157862943,4150.816191108752
2041.9808906293313,4,3,2421.4903048114693,3,1.3274451615617902,1953.0083492727056
3074.209338508941,4,2,3557.113424215892,4,2.615333696373319,3158.714292362786
1718.7135360437317,4,3,1986.7150071357016,3,0.7169437330432546,1231.4118853968555
1733.0231565968668,4,3,1989.7526017501489,2,0.28588915370119933,1974.6316957675222
3456.892349408769,3,5,3482.063926324562,2,2.1032373732701997,2770.7143639308156
8120.679954717556,3,5,7975.632783763557,2,0.26809798871601326,8466.665929895193
11544.460767280161,3,4,11432.018480507124,4,2.801609215700904,14079.552666220061
1823.736356972871,3,3,1722.3193132724869,0,1.6556939290675818,2067.2691727699807
6369.531842016272,3,4,6334.623430250013,1,0.10571038997797974,8772.859104375357
3003.141209990083,2,7,2476.2053989986503,1,9.228128799947498,3228.054488588873
996.7393399893559,3,4,965.273893852564,0,4.498432350632197,1071.1641885294375
5133.971453840327,3,6,5285.402930007121,2,3.399451698389527,6155.168249204213
4231.910921298485,3,4,4164.516662332939,4,4.839741044323141,3507.7648863598847
3189.4935093696913,4,2,3693.33661593455,4,3.418956460614399,3023.7358205039977
5669.721784759118,4,4,6667.808007230875,3,0.49172544828008763,4723.6791076087
3773.03282359348,3,4,3681.0019906915195,1,1.9048611080683746,4213.924471091966
7162.89974994354,4,2,8316.233199713266,4,0.011054940976567153,7538.902337657435
9002.68839713421,3,4,8824.83359127533,4,4.880247789132582,11249.090616179506
4182.966694684493,4,4,4936.06927342937,2,0.3291578779944701,5025.277565419131
3030.8308849765244,3,5,3080.8479349595277,2,1.9977957602245149,3989.8673919720504
5860.614837134899,4,3,6911.907800211335,4,2.1291105769401892,7614.101589062549
1811.744152721991,3,3,1759.6039245768404,0,0.1592864156995333,1300.0820916581679
1565.7070592980256,3,5,1582.364138090659,2,3.1655188581570934,1450.5106919771779
3587.0093359460534,3,4,3497.1672670786725,1,0.18871368385885579,3128.6416247076772
3664.514983727982,3,3,3498.5606581492457,0,0.6159283106181145,3942.2281848428624
2063.7276315351887,4,3,2435.363177187677,2,0.487053880344642,1758.427806633787
4034.9218180020557,4,4,4729.302687961778,3,2.9570449316565077,5029.847176627229
3766.9918441038412,3,4,3666.9522257565836,1,1.7389504969430083,4844.619667760657
3503.489859284614,4,3,4062.71041585769,3,0.6005118524150111,3004.6027673478366
10329.208803432875,2,8,8437.197579557449,3,6.8594305463414855,13608.797194898201
2097.6716046984916,3,5,2111.6907843946055,4,10.307086508622605,2822.0681222688486
4663.571673633512,4,4,5579.703342384978,2,0.28480579240087595,4754.988823755366
5301.542604265077,4,3,6207.9419135230255,3,0.9098809529511627,7407.622483324381
1913.0928348506393,4,3,2236.3077383792524,1,0.08923392237575802,1915.5334909751316
3362.651851372122,3,4,3345.0774199545003,1,0.4161205412475916,3709.353532741968
11106.073324471548,4,4,13362.74571733781,3,1.856572062200932,13312.397290119477
4701.078661262492,3,4,4655.134351045887,0,0.7050270484916721,6660.691301488689
4887.381487731687,4,3,5667.9558599639195,3,0.7658585789214226,4825.29403148681
1311.3924449725205,2,6,1023.4324077221469,0,7.40150836125979,977.6908361960135
6182.727548598645,4,4,7267.7955999611695,3,0.9556468265877042,6211.326212096078
5460.059705973767,4,2,6217.390458263136,4,2.259258014439749,2920.902019739195
1277.051362023863,3,3,1210.7245546218592,0,1.1363376810529653,1064.119729401546
7885.942118051802,4,2,9034.410441957441,4,0.5239777095786792,9807.52965349303
6578.161300953565,4,3,7539.3064576103,3,0.8329677993400539,7545.95397892143
1910.8104949777367,3,3,1856.7289145675556,0,0.00708091442763838,1867.6030296965441
3295.388036959505,4,3,3896.8451097449,3,1.252185251100434,3062.2824506392735
8204.878398186816,4,3,9764.79499674451,4,2.514814471331996,6769.885691199116
726.2606116903478,3,3,683.1673969085015,1,0.8731785716346998,591.6796234954825
4403.131179600386,4,2,4973.174109933706,4,1.1154974738875665,2997.027947875038
6164.61879569335,4,2,6986.540302709841,4,0.0326117922244916,4984.372323054953
4680.071475367393,3,5,4682.537470206384,2,0.7974921145582891,6456.14287210339
1778.9380014642209,4,3,2053.360860732189,3,1.5387706457568977,1242.6010498958838
2672.8427004789655,3,4,2604.6343792398807,1,0.8428402446464696,1949.0471043771167
5507.692449318605,3,4,5484.613961272434,1,0.8765604060720819,6045.936992000178
1335.1345078448476,4,2,1527.894270517849,3,0.10326169991274894,1269.3437470325705
14887.904152162282,3,4,14271.872225058749,4,3.0355766067191072,12838.237021086008
4700.488339445029,4,4,5602.67325185592,2,1.0146534953040303,4003.119386141988
1603.3264392331648,4,2,1800.6978121024028,3,0.5269691333840304,1265.0125894082112
1810.1663380066857,3,3,1740.9235754869562,1,0.8165741247063177,1386.7509673475558
3323.505176950412,4,3,3929.994872974304,4,2.086307661529872,2295.801905657839
4195.653696888115,3,4,4031.4817451305535,1,2.4287154938453095,4991.7557689730975
6661.881537085067,4,2,7579.725499957639,4,0.6409227307616682,7516.342112673922
2975.3314479578894,3,5,2974.7547541179465,2,3.7039000836918454,2592.717534452208
4542.5020707138065,4,2,5276.787467172127,3,0.09502352230648488,5497.531094785875
5452.241384876469,4,3,6305.805520287001,4,2.6210488530574114,6117.230392461315
13928.985924732418,4,3,16242.369449938264,4,0.4454321213594112,18244.650125919048
3288.0861684182923,3,5,3307.9944961795422,2,0.9212661466713066,4661.9848599970155
6878.415618666556,3,5,6929.231909237186,2,0.396142805128238,8549.360529620646
2127.539352813718,2,6,1700.9913258669155,1,5.424807209681692,2147.738900119693
11554.246306578087,3,4,11483.113040606588,4,3.462201682739163,13188.622867279146
6440.3590383710625,3,5,6456.317855963292,4,7.866672088078925,6523.522790285156
3568.4360337615394,4,1,3968.5108562787823,4,0.3087217046345613,3584.858903017103
7673.997908975444,4,2,8681.822902670989,4,0.41478961836535516,8560.890228063847
3900.120329647201,4,4,4677.033684607559,2,0.4549508205991942,3773.8260438760562
2878.0949382255803,3,5,2926.0425731786036,2,5.182755045515843,3518.33690417005
4879.234225907015,4,3,5589.633503822515,3,0.08758647411020362,5894.1140880202765
4434.244485440873,4,4,5256.261089075172,2,0.03304220019557122,6000.441325132898
5322.887692995395,3,4,5136.198009557631,4,4.334504501420426,7606.62629021506
3756.1447973078925,4,2,4319.810289224358,4,1.398658919468305,2872.3664691236845
1571.6742970615298,3,3,1512.13227263632,0,0.17331145113129892,1535.7997913535376
2436.088616244377,4,3,2827.165224405549,2,1.7395945557675072,2110.8026388202165
3161.985407749899,3,4,3112.3682770458568,0,2.4067093515652673,3519.569198776937
4686.085139609143,4,2,5380.413713431211,4,2.4793930285176744,5301.469966715806
1694.1486158021528,4,2,1955.1918935686926,4,0.3925206532670722,1231.1886675544697
4974.9582079255,3,4,4944.621921815204,4,3.403509291994468,3854.7155380700174
466.6714724887957,2,5,361.5974789082374,0,5.5312753576379015,434.1446034936782
3827.55306997724,3,4,3677.8903073091874,2,0.4218792210590967,5183.702877943709
3181.1360497206524,4,2,3630.34851255053,4,2.093717885478144,3208.9445595876796
7223.917553936528,3,5,7329.489287414707,4,5.605614245449445,6766.858490604114
2604.284712975224,4,2,2971.237587873863,4,0.3992248584317583,2329.530784773797
1422.1534912188072,3,3,1366.279388117735,0,2.1817186342000423,1220.3413360616105
4139.880065355867,3,3,3886.521016406004,0,0.2544883395753632,5473.95452457503
1928.5195209845065,4,2,2237.473418652311,4,0.7597384571199317,1582.7670637474396
824.2332390163382,3,3,800.3160141203666,0,0.4339936354602512,577.5415670230317
6336.553283823475,3,5,6217.90991788048,3,0.8011240120042898,5058.871415546643
3588.6809375491243,3,5,3557.517267692897,2,0.3408100623953779,3284.9128210112967
3974.267857522946,3,5,3951.8371797585364,1,3.29724510498798,5520.660897025602
9545.12557498262,3,4,9384.084561890539,4,3.758780759389989,8906.5727320772
1981.47091190685,3,4,1965.953874328682,0,1.2721449487351169,1606.7305866554796
3486.4313530775535,4,2,4015.437495055659,4,2.311228223835683,3659.4021644886016
4920.12498695869,4,3,5721.632792038038,4,2.480302020512381,4274.147300839807
4320.4192467046,4,4,5223.4128398692665,3,1.5513967708366483,3840.790622262654
8798.343142962636,3,5,8947.016613559163,4,5.163679766514043,8970.499864162939
4243.831441638675,3,5,4257.225988785011,2,3.090786235157259,5173.536957397292
2325.822115779918,3,4,2230.1580417827336,1,0.8313273541438919,1687.4842394497564
4454.474301828289,4,4,5222.580296875508,3,2.1790712801877183,3408.199001192039
2247.8490017359177,3,4,2190.634799664265,1,3.3654373883061885,2623.022202911602
3543.3390824455464,3,4,3395.205667255245,2,0.22822456464269372,2903.2345011606453
2778.210482146197,3,4,2725.106240572005,1,0.689298538487008,2297.39901473911
7831.348481920255,3,5,7908.203618628967,1,3.875614388284391,9337.10718562059
4251.699950852797,2,6,3396.898620221915,1,6.148007589354322,4636.620653498613
5702.921571253394,3,5,5703.322758537362,2,3.3012332429414726,7632.0680969963705
4330.9906923885765,3,5,4268.601719265621,2,2.6094976759484023,3851.0470350163882
2801.859987376398,3,3,2689.2333062399775,0,0.3539024590835758,2747.84000768629
1816.197471466166,4,2,2042.8472319465666,3,0.07025527188100127,1850.2052036555847
2919.015797177832,3,5,2955.0691315002045,2,0.5170671453017408,2571.174779530946
7304.611307017443,4,3,8584.545985504976,3,0.2474195150410425,9827.273431102167
10181.675360895237,3,5,9963.886225145507,3,4.642648345426928,13417.075691175247
1724.507589209272,3,4,1686.5693878025847,1,1.0889039745508022,1486.8798747652907
6451.020428817507,3,4,6393.944089833414,4,4.325173168853448,8623.224520698728
5804.333381608252,3,4,5702.532314509256,2,0.1436529467327391,5514.645956367209
4317.872304970943,4,2,4901.570369088116,4,1.6954441298410918,5731.493248163237
2361.008710438863,3,4,2346.2330950531273,0,1.7772150952554109,1697.078163861998
8708.973508089675,4,3,10217.816568389217,4,1.5006614323224818,9014.420422615127
2828.689145527804,3,3,2741.313512503753,0,1.0025498563401056,3183.560758625998
4458.492925975837,3,4,4349.330831855172,1,0.9476017415635708,5310.766022752009
2471.0911669925254,4,3,2940.8218279195535,2,1.0512444012875464,1758.3105748209773
2926.6690136293532,3,5,2901.1081964368045,1,2.6237245746011313,2299.731155472557
8670.6631813823,3,5,8485.518452303613,3,2.336015655096344,6450.763110155589
6858.918813492559,3,5,6767.019395316648,1,2.2965745072658437,6838.939244911529
4093.802309656133,4,4,4957.956797217148,2,0.553694053694741,5206.851450147244
3494.0127526209276,3,6,3502.6018476713366,3,5.796576931869704,4393.811857894029
2519.6978395408073,2,5,1935.983360552073,0,3.131648363310837,2279.8320334738346
6418.7803245366085,3,5,6508.363855264488,2,1.5165065331999303,7084.038356530449
5923.191764849806,4,2,6885.435513774838,4,0.7025044715192919,5097.236585092124
3217.4157789000865,3,3,3101.5948428840425,0,0.282309193154215,4136.6738194496575
3608.6215262905544,3,4,3546.0607534031333,0,2.6592255181627653,4999.597403850291
1276.959982060791,2,5,974.657738652595,0,4.580097317125088,835.9978503334494
2612.9119248783372,2,5,2058.436203252112,0,2.8390199516679893,1835.6987498575625
3679.676908545486,3,4,3622.891131055398,2,0.413427456141817,3859.5472897472914
4080.737429108864,3,4,4003.1524402003015,0,1.870737348439192,5379.292865125363
3069.7364371909166,3,4,3001.377899822616,1,0.0017468290596189676,3356.953062668676
5334.127635538624,3,4,5277.283571783898,3,1.7987765690477193,3900.461475423702
3384.862706610399,4,1,3827.993804296687,4,0.20837677399863191,2391.585528173008
3370.93675989127,3,5,3383.7441861777775,3,3.617766322014083,3209.233725992882
4866.184865985204,3,4,4658.368345856524,2,0.3195734294490625,3927.5568989913627
3261.7220085285517,3,4,3122.1642347331094,2,0.5540279810948036,3502.9515692351124
2781.0755238483393,4,3,3218.440816421032,2,0.0963118736399346,1915.0555821805976
9903.664380153694,4,3,11415.114104877239,3,0.19445469136065036,11078.653753516133
7098.8153850976305,4,3,8309.963422359258,3,0.5023031908771064,6746.878859394402
2385.4830759768042,3,5,2404.0776149864173,2,0.5038779339239102,1714.6287961298142
3395.1797497855378,4,4,4099.634922348952,2,1.1683262670657202,4209.93857775026
2285.674686519276,1,8,1353.3026430588332,0,12.386158905512234,1994.8086555719906
1932.846425985728,3,4,1906.0293815747464,1,0.9419799021792096,2604.7114314281107
3050.9197485292075,4,1,3435.1006653418417,4,0.08290722755408801,3450.751605175607
1072.222289544014,3,5,1076.4198865754936,2,3.3048654173630436,720.5054426037053
5457.6819738861095,3,6,5525.384261230003,2,5.017983553759687,5741.95681695558
4343.899574242177,4,3,5099.393650137759,3,0.3722139689317589,5840.565277915894
1818.555499051067,3,5,1784.1427709325058,3,2.8206663983105953,1523.4463140439063
2351.8708234076926,4,3,2773.7056870593788,3,0.9504785434390829,2449.145083073847
2572.3319832451066,4,4,3048.319795956284,3,3.6017573638873506,2007.3595147797153
2897.938894655516,3,4,2876.360592481761,0,3.06839959682299,2551.4141534157866
2480.5320188781398,3,3,2380.4210417048894,0,0.412786442352361,2162.1785632819765
3609.10381315731,3,4,3497.5190832849794,1,0.622198158867029,4190.899192060375
6329.468798150897,3,4,6132.85491080037,2,0.3797168408104581,7740.937665238224
5299.17182540844,3,4,5196.359678196005,1,0.4728665626151704,7245.758234227823
1428.7798923771038,4,3,1691.6213947212796,1,0.002957651622642697,1113.7523477661439
1496.9960596834483,3,3,1438.4092647219225,0,2.662944819781761,1222.8280441467382
3056.3069889198764,2,5,2337.8187667822267,0,3.872364788629065,2890.615241815626
5903.785432247788,3,5,5902.29476505565,3,2.1913376630838868,7275.264527048502
2623.7528588904524,2,7,2081.160003192645,1,8.920893449372508,3338.980847005733
1662.3626976449466,3,4,1655.1324013196427,3,4.269203436270963,1062.3732462145535
1766.2849613265796,3,4,1749.448123737105,4,4.79907477367508,1520.8431541418367
4201.282869904986,3,4,4023.742577004592,1,1.2264517304081086,3865.663594129498
2113.879839882323,3,5,2073.6419439215274,2,3.970791819320478,2700.231289181505
3177.7141924153757,3,3,3090.5011245933683,0,0.9079971585450152,2566.331491408811
3372.98283546752,3,5,3421.4701920728135,3,4.344575198416438,3877.5340982145276
9526.607560504046,3,5,9522.806246431293,3,3.2262274322243156,13036.634101778189
6211.378456312871,3,3,5936.523111342872,4,3.342959338209869,7892.771438286486
2779.8824711569137,3,3,2693.0896221548824,0,1.1241416883253743,3776.1993638838803
5277.645719127125,3,6,5286.290705600453,3,7.078048852251323,7147.884769514071
5494.348598006912,3,4,5338.1532496374575,1,0.06956268995308794,4757.30783508396
3124.821381746562,3,4,3048.3968030678056,0,1.6870804366549372,3506.4445337361535
3626.302392081583,3,3,3493.2040411125026,0,0.9016079366246247,4116.565388890849
3529.4427423324823,4,2,4002.510486782872,4,0.45144649225871764,2625.1064979104185
899.0994677255912,3,2,844.4632489145371,0,0.5824619274764152,852.4262633345533
5120.506646835991,3,5,5046.165723278807,3,4.622557516358615,6731.191455772461
2824.7036196606336,3,3,2697.7166747714627,0,0.12148944086719594,3802.0672157069007
1756.3503230903098,3,3,1664.9017567141004,0,0.699873773226052,1368.6960767284838
3724.838190381557,3,4,3601.2895935490815,3,2.0099694482146817,3108.3549350567396
7366.198156655618,3,5,7489.979378439431,2,2.247327339278932,9262.716566704436
8553.823471871969,3,5,8598.654414850977,3,2.9770142757138256,11233.945827734322
1415.747668876253,3,3,1349.5760212562589,0,1.1040332690450132,866.6229697436099
1230.6758170320002,3,4,1201.5251064935326,0,4.364558055063068,899.0056179127104
3095.1166105267775,3,3,2981.5251565776884,1,0.18438623850018113,3493.468094653523
2140.6344923639917,3,5,2094.250848538246,2,2.2222839818721716,1681.0448142400614
3561.4747669051153,3,5,3595.407091412489,2,1.6285999904764612,3260.05984645333
1873.545680391336,3,4,1817.1596107182002,1,3.4604380790289513,1890.6128139405807
7416.846001778015,2,7,5969.617188239885,2,5.463284013199078,7527.038629560817
4469.975905405297,3,5,4396.494203430425,1,2.9985556552288055,5306.64667928615
5795.878712692082,3,5,5876.154317958932,4,5.377866393664057,8070.141626184219
4379.753331836844,3,6,4522.03035860594,2,5.440780628024306,5361.683148646085
5563.032091438227,3,6,5708.004336236601,2,4.804977548488151,4784.189763262053
2862.257503036601,3,4,2849.9150097539364,1,3.782387558924637,2508.359184816713
2676.9605696360454,3,3,2510.0590965650417,0,0.14254025797889686,2400.618077362624
5656.163931502834,4,2,6442.359467280261,4,2.092741023931661,7681.046927312073
4239.737717303549,4,4,5147.932308918349,2,0.23721556529040666,3549.1134298384313
2500.366904307592,3,5,2475.3485129183377,3,3.4323643141849147,2108.475725247741
1587.2807163682319,2,6,1232.6851656582703,1,6.280808254331361,1062.5729266144558
4443.74877720553,3,5,4434.548891405909,1,2.2383008742026633,3702.0336449320284
3645.50039474973,4,3,4272.940715204129,2,1.248134057019424,5045.410445869506
4723.309834108486,4,2,5351.033912764386,4,0.26043341937594633,3918.0264608979555
5570.719428271653,4,4,6516.132088025512,2,0.6205284258603343,5997.8831879670715
8160.828048094354,4,2,9327.10532114517,4,0.6768281044869167,6320.389644750094
2834.2586958379816,3,5,2841.021342668318,3,2.5522488583096994,1990.4505291612998
1901.4317923659548,4,3,2244.9950111696435,3,2.9672531825673385,2064.2092044772644
2135.341760103448,4,4,2546.6624672049347,2,0.3660351139529727,2508.6039227670103
4895.865628024092,3,4,4716.980333352334,1,1.2026702075506062,6982.070948860564
2988.3490447757595,4,2,3346.4853329966545,4,0.743131128089403,3975.3968394796207
2350.289923832941,4,3,2740.0701080136996,3,1.472570346942047,2168.9984440739536
4192.312604777145,3,6,4288.182723333659,3,5.573326478546728,4113.9768344560225
2591.8738916538637,3,3,2506.767403475795,0,0.4284571378475574,3631.113153139971
2029.3984958166827,3,3,1948.587375230042,0,1.8134181234275184,1481.5845776155377
2125.702786659759,3,3,2019.060449036664,0,0.46797570929701676,1652.2858535939201
2222.039282856469,3,4,2203.8071371214282,2,1.5391472907810428,1815.856626942425
7206.590809946555,3,4,7159.027089133104,4,4.326006248130613,6754.564665652847
2181.8756090447287,3,4,2119.0168760339675,0,3.6180271127784596,2425.1389003791637
1112.4542202319344,3,5,1089.8403094661066,1,5.470913252767984,997.422098075766
7668.734200591856,4,2,8800.85048443525,4,0.02111522695060022,8973.436923158271
9992.201984372276,3,5,10162.206336249861,3,3.5156305021088934,9203.258925541248
5177.545278910368,3,5,5070.764796445046,2,2.3304089872525857,5359.745529592312
2063.5968051063364,3,3,2001.0359696067694,0,0.3268816546108354,2574.421131258313
7459.846288603287,3,5,7445.492676614921,2,2.471064324005217,8009.07138923477
4097.880656487529,4,3,4732.775748415794,3,0.8849594058147946,5053.404530906744
2615.1673481562434,3,4,2521.1779746780066,0,1.5204950167230629,2544.8588188585604
1636.9682690788502,3,3,1533.2123748351153,0,0.4119659911093609,1308.3365255818055
7286.161129084745,2,7,5840.682274915213,2,6.611772841520186,8050.2113361860165
2082.113536255015,3,3,1977.006538253524,0,0.8430979364529615,1787.1319380126213
13333.928458031774,4,2,15452.581208108975,4,1.8216207157997173,15907.759413735785
5053.717428535657,3,6,5215.272146536551,2,4.882132586696087,7083.333777366022
2378.309171397339,3,5,2389.69300806953,2,2.596670205064626,2549.5750434796673
3979.004255844623,3,4,3824.3381479601353,3,1.6523555669102112,3694.811302877207
3575.342830777236,3,4,3452.0633216180768,3,2.0502470088349773,3060.208161103164
6970.896683843813,4,2,7808.981019377586,4,1.2188293857651744,8637.895005898628
5636.385392884219,3,6,5780.132552437902,3,5.400103489870652,4654.131945531903
4357.87645781326,3,5,4355.157579486841,1,2.525811072586719,5059.122866631042
3624.8173918767543,4,2,4068.40156837578,4,1.106223655523867,4961.4465467671325
2676.9557013047774,4,2,3081.227550360111,4,1.054461458607903,2352.094905515435
2776.314496871791,3,4,2720.79334838104,1,1.495007549197462,2182.786263409251
1748.4158241920052,4,3,2034.7842184392744,1,0.045867019872457046,1388.9753459960743
1995.0014709546201,4,4,2406.6557666326407,2,0.12104133693293445,2165.8570973588867
916.1566705756688,3,4,880.2960838750085,0,2.901827026564566,644.7790809085435
3568.7332224664674,4,4,4340.715686661569,3,1.448408898801762,2951.863971766455
4496.3507683503185,3,3,4269.372800939028,0,0.3004869322874282,5502.1402981904885
11743.476853366794,3,5,11911.534808564531,1,1.008477228726765,16765.95516776664
1822.6681043312951,3,4,1785.7194911706038,1,2.5454996673332237,2145.519607650529
1904.2350267984104,3,4,1833.5417748820455,1,1.3537016148198135,1506.5116375542648
6461.203707413621,3,4,6395.022862493561,0,0.9719897250749749,9189.071419508553
3790.983210925748,3,4,3755.5720036282396,2,1.1752043586516476,4146.593583044067
736.6854395213226,3,3,702.8338304550576,0,0.08231389625338825,583.1842365359904
10234.651423032554,3,4,9932.298645923993,4,3.0661801381433644,12547.021033723859
2482.6665969805786,3,3,2370.4619847892022,0,0.41380848317758584,2435.618947053277
4479.790932497773,3,4,4421.949546790801,1,0.4121569710945558,4681.735086077051
1109.024902367941,4,3,1295.2148021481041,2,0.5767073820596991,1062.0994058328333
6337.618725431749,4,2,7215.2228986716345,4,1.934547028450182,8960.824291324108
4347.829918622244,2,6,3504.4655232505706,1,6.34353131918014,5565.209031830079
4952.127650377338,4,2,5670.840557840409,4,1.1750693289390761,5226.209457859316
2382.1463348950297,4,1,2636.4792407295904,4,0.10168381092032999,2629.047486639628
4563.761636238439,3,5,4555.195602509441,3,4.165024197103434,3979.07263263629
1602.5254479320192,2,4,1237.6134305571597,0,3.3645329634110706,1257.5424226463238
1984.6970417871446,3,4,1906.698482437688,0,1.615659979410474,1695.8061576871569
2436.9691657102694,3,4,2352.0528349694,0,2.6537834530810973,2509.386649300423
4111.048324000243,3,5,4158.075418539167,1,2.15441255630851,3331.838931130604
3124.020866759559,3,4,2998.0630687376806,1,2.196967584755715,4215.478915619384
3070.6949034173686,3,4,3014.702825920755,1,0.9474123984376274,2413.994710737521
4288.755765788008,3,4,4217.803094459609,3,2.5722859452092024,6044.127183588693
4982.77186675149,3,5,4904.921887351663,1,2.1155009747396094,3796.517263605256
1588.9587286886035,4,4,1928.5972893341557,2,1.0937050233938659,2086.645474719525
2516.3396301922207,3,4,2462.810505417439,0,4.7943362324555245,2547.4736662542205
8710.87931733438,4,3,10311.06206561585,4,1.0687520164115047,11322.600160035561
3975.0229957336282,3,5,3953.549381330312,3,2.853813660222182,3956.383160689636
11602.735503918992,4,2,13219.889959559096,4,0.001721455878544284,10582.398620825159
2927.938275314169,3,5,2924.806312441455,1,2.9328824300963814,2658.2400050869105
3777.7415265555087,3,6,3884.330396575243,2,5.123373023683159,3289.463998755887
11155.540393332405,4,2,12831.786353606149,4,1.7999709139639652,14546.928962186583
556.1654765985955,3,3,528.0976361245556,1,1.3723951170161608,483.8253401544089
1792.1406028457573,4,2,2010.5462066490961,4,0.12266896827373171,1341.9709263970099
1568.9529024555734,4,2,1813.1887853089772,4,3.7415586577342776,1299.4529538888223
3729.6342776098068,4,3,4366.0661700511355,3,0.544450939952271,4367.632375080348
8755.758007808054,4,4,10300.263331302702,3,1.5307560848660078,10000.101029701083
3641.7804359145225,4,4,4292.44563925249,2,0.23174655085570295,4929.961913347961
1506.236933714403,3,3,1465.0353569740143,0,0.5414090051466326,1524.2643811902765
6770.802875501934,4,4,8113.24874497139,3,1.2958018771386022,9102.66350729616
1088.2162728590365,3,5,1069.8456332950566,2,6.067420321164374,856.0489514833711
1674.0517025722124,4,3,1989.7489997920572,1,0.9084625216669256,1919.9908233304218
7979.697737340679,4,4,9477.002649505339,3,0.9978238140393605,9319.589310260064
4898.648874956658,4,2,5664.83511581738,4,0.21043723803656053,3842.639172265516
7365.599169025716,4,3,8687.131997081926,4,2.2790091948410454,6428.108134560958
5839.6504160187,4,1,6473.935655749416,4,0.6551082710729492,7893.9629591382845
11666.302377989306,4,3,13658.205576514276,4,2.664025084499069,11019.372381570656
2745.2129985706642,3,3,2605.6033868447125,0,0.7365604224360377,3056.453663641902
1480.4416680774543,3,4,1465.4801724888023,1,1.6864063826079625,1374.0379176097608
2287.291200755115,3,3,2152.7239401191946,0,0.8517433354542772,1819.4795654081772
2866.3444698020203,3,4,2854.237341744817,1,2.3259991553817807,3832.133041102503
4151.361588295463,2,7,3380.8693742544783,1,6.774904000946683,3155.3492828965523
4025.264304631945,4,3,4773.5172940130105,3,0.9712903132218894,4477.57619126356
5116.519078222587,4,3,5983.283686569222,3,0.8598310758351803,4873.090428477279
2506.9596534134275,3,5,2504.1090415593626,2,1.0729437911417952,3128.623893824426
4995.807921340218,4,3,5928.820966512397,4,1.459152718500565,3762.3553093420887
4654.058034839756,4,2,5348.1378035194575,4,1.0370508309516477,6699.330609714334
5932.76729809125,3,4,5898.944118449767,1,0.08602821773254099,6802.194733550435
4492.982009641477,3,5,4422.075196598192,2,1.650193007904617,3654.008482297823
2203.607327549297,3,5,2240.5340575231603,3,5.902172406784384,1739.796660433984
3770.880800607641,3,3,3617.3813549929205,0,0.7013012868012063,4073.82882433535
2016.5876775055472,4,3,2395.13767199794,3,1.4209624897341475,1593.9122821682242
1433.373084375025,3,3,1355.6603528409612,0,1.603784931994357,1222.3932772568028
5718.52792120227,3,3,5478.809409310872,4,4.156730820294708,5226.239150330857
2860.4490505351764,3,6,2909.3977969745115,2,5.350326834577555,3103.503769278184
3919.449625513513,4,3,4529.8991661280525,3,0.4960901264146314,3808.1958981885327
3224.3078088536636,3,5,3183.8308932586224,2,0.83398608416667,3906.2107581302675
5374.79992744889,2,7,4320.539245525524,3,9.463712027363282,4449.815774745224
933.9254055617592,3,3,879.8427466577571,0,0.6128985079030829,715.2270141295592
3195.4690009541555,3,5,3199.401457844789,1,4.161420660159735,2634.638882121787
2146.858775837321,3,4,2113.1580716933636,0,1.5426154564553507,2994.3270305370397
4563.968502376225,3,4,4467.856324965874,0,3.0000226124324705,6064.809241860655
1914.068649785434,4,1,2121.120466508925,4,0.04673349957206684,1767.668877385193
10574.295068964291,3,5,10638.79082613593,4,6.12195546106069,14280.096594396142
4495.6423884440255,3,5,4456.821077940473,3,1.6857726128091148,5941.958390043607
4952.695798006443,4,2,5617.079051911319,4,0.7050113515586973,3036.508486802978
8871.476533775765,3,4,8832.524179871698,4,3.8273119934959703,8144.666759943842
2769.9527126630355,4,4,3310.8785681276972,3,2.9429376472388373,2845.359723316069
1985.8152259949354,3,3,1914.8579972275593,0,0.6905934183672698,1441.3359813012182
6713.645471158854,3,5,6758.4077589541,2,1.98457907896688,5670.064881058895
1902.6120125226084,3,3,1790.9751497046336,0,0.49854227335729645,2214.133454618725
2883.577120725013,3,4,2847.077938662589,3,2.4055607481855357,3725.8893325425424
1662.1705390430932,1,7,957.6286034805104,0,9.642495927605605,2058.525136556086
3601.5235618014844,4,4,4269.797796447112,2,0.44299998776764643,2620.4872121529083
11559.046018032474,4,3,13447.654292153953,4,2.4238111519617935,15267.143297038161
8831.669470877398,3,5,8822.280895218451,3,3.736434243604461,8699.750290048378
2447.819577752387,3,4,2429.411189523793,1,0.7953932786739347,2270.1401474280883
7056.157974613632,3,4,6886.98427002805,0,2.4348108833146593,9365.2132998572
10157.871415948492,3,6,10473.452029941722,2,2.9402630809441104,14290.665140941415
2572.315014910983,4,4,3016.766352903627,2,0.21103794215420707,1870.5720625621398
2491.794568200646,3,4,2460.7853006679825,1,0.6183425244430979,2992.326293883414
5058.86633007685,4,2,5875.811839681688,4,0.4934594017852762,3910.922723538383
3307.3934907753883,4,2,3792.2126636311705,4,0.3014088707063572,3608.2130393600396
3338.7039715823003,3,4,3263.1011768522044,0,2.015189115001067,4242.654581853157
1797.680137096647,3,3,1751.9631116303203,0,0.7813151943869432,1688.018577214858
8877.693685975411,2,7,7034.345558023452,2,5.494544616321192,12197.840867926509
2334.173289379548,3,4,2298.5273549518665,1,2.0391219429787193,1552.9707339995086
3563.805613702585,4,2,4081.122961742826,4,2.127761392975937,3656.1349706278565
5685.12739501651,3,6,5800.983944333326,2,4.093085893257685,6990.325824687454
2856.9418167387485,3,5,2876.1000343815513,2,4.33128316159945,2301.7461451611994
10190.435222645332,3,5,10236.54853744631,3,1.8202307746368362,14213.719709623347
887.5788159008827,3,5,894.4697765155383,1,5.69064792436301,804.1357550933449
2307.7491128401994,4,4,2752.3911543716067,3,2.2630910137080633,2509.6992697717906
4000.7354623299516,2,6,3137.1040310539142,1,5.353075510910028,4970.728320807629
4813.880109705139,2,5,3749.39481056,0,3.265095429785426,6624.482614181545
5232.96810173318,4,3,6141.594005046291,3,0.28361319835017945,7310.693779453608
8697.299603069056,3,5,8540.66472806158,1,3.192138021698376,12071.783663137181
3915.4046927999725,3,3,3729.1145395417648,1,0.6839329540430836,4906.26995311355
2583.4169595577437,3,4,2572.1686749462797,0,2.493743554026063,2934.813368347977
1585.6429297796533,3,4,1541.5177683035854,1,3.8343972075076413,1233.7423056126029
3595.128992066617,4,1,3963.9945124124906,4,0.031602527248855726,4014.4307214968067
6522.025367134693,3,5,6626.260372756305,1,3.8823098383389194,8722.91949923188
10480.656494482351,3,5,10318.27581224512,3,2.359299070772024,14315.028240257368
7233.053440220435,4,2,8349.083841639545,4,1.8743716560045658,6742.420880961857
2179.30147006013,3,4,2144.8261598022104,1,1.1293034288052062,1925.9068684396545
4082.5258319218733,4,2,4691.262814138405,4,1.0607315317004555,4205.688352846042
2905.2409271924766,3,3,2722.682881466887,0,2.670123847704699,3724.3241606913402
2635.888847392916,3,4,2601.2323784421947,1,1.0266274620050801,2530.955802713152
2556.9159734936115,3,4,2511.7392968694976,0,2.14894191139453,1936.885834471954
2258.0906172195314,3,4,2209.6678336804666,0,1.4712104122956162,1695.4366753176564
5653.328159715785,4,3,6678.465792967841,3,0.6012224523607218,5072.228343359811
1763.0500026342017,3,4,1723.3617414622556,2,2.371005391739282,1510.887655737137
2688.7867312931676,4,3,3087.3223790941242,3,0.06909220303506346,2777.1133412860077
4812.751053442274,3,4,4779.692162249257,1,1.2369859173241704,5819.012734721516
2534.6303322621056,3,3,2378.3967686318074,1,0.636542337010969,2265.2068471269176
4687.664805629084,4,1,5206.742572501001,4,0.9267202139689004,6033.276455814742
2589.1102216749837,3,3,2500.7300396550554,0,0.5516341030504236,2334.760771121332
2867.2899659851946,4,4,3476.0650759802816,2,0.040706297097045506,2050.221485417005
3849.964160914454,3,4,3830.4531080383954,3,2.6524091215325463,2707.7936991915954
1920.7604734636473,3,4,1859.0585269315727,1,0.7034932001665934,1982.4507684994628
7878.46947667988,4,4,9353.780065838748,2,0.047679422604243064,7410.346968905597
2538.183568349421,3,5,2518.5399263714576,2,2.6703165918267477,2184.848457622044
2280.726923235494,3,4,2262.4557483216636,1,3.8110827955664694,1874.6287894375753
2405.909169360737,4,3,2846.6865631604282,3,1.7318118179765083,1869.8416091803385
7694.094299572425,4,2,8625.810513722465,4,0.6462556176709445,9948.616592120674
6766.861101206632,4,3,8008.329406554769,3,1.4719587993543337,7582.444282620096
7964.125842796187,3,7,8395.954805996356,2,6.26402657084002,8635.866577045219
5345.3619020404785,3,5,5329.984416863887,1,2.624064888455321,6239.811982319312
5340.011398531909,3,6,5345.093841030115,3,3.6851960209032053,4403.318255940229
4496.627627820763,3,5,4480.20341624363,2,2.4702491888435065,3957.958964723363
3100.7765960843208,3,4,3064.7127674088524,1,1.4373655707415622,3248.2237997447196
7807.445455019132,3,5,7887.264240676207,4,6.176175811985245,10898.120232648005
2363.751298887184,3,5,2316.561511726958,2,1.0492632631269505,2052.950255142507
2650.6411634242227,3,3,2565.481112129667,0,1.033101591250929,2054.037689416141
2424.5663542353814,3,4,2356.7042778898453,0,1.7670738442782636,3279.866673273403
2473.1537409662456,3,5,2461.6602882315015,3,7.459569385117854,3392.421395239218
3088.4652717900894,4,2,3470.7462219981767,4,3.294773709506238,2353.590238643077
8540.179625641651,3,5,8461.994449214628,2,0.8906727283503102,12314.446798191731
5481.032510165088,2,6,4282.245410982469,0,5.68300859029433,5051.932099471283
3607.475346839363,2,6,2834.8511694561944,0,5.740011939118158,4861.816567924034
2770.4922005732624,4,4,3323.315879623551,2,0.8474988994895535,2453.846516912251
2499.7170048666453,3,3,2346.639374087622,0,0.06383672244715718,2429.104203123926
3750.1168211237878,3,5,3749.852869158039,3,3.062908753408095,3870.517369805744
4665.17389929478,3,5,4565.3575486985155,4,8.95442721721625,5920.9074778206705
4251.257748018113,4,3,4943.176516462654,3,0.20166405116281488,2826.0412866448273
8686.585274445108,4,4,10286.077194612652,3,1.5852951729121851,9613.93372687587
2814.44419864456,3,5,2764.934080026431,2,1.858530386979938,3538.907776542638
4318.043086458075,3,4,4237.881100415791,1,0.07623215841168024,5241.02208562198
3865.6253650402773,3,3,3713.734338672198,0,0.10314184875674065,5436.110843239353
3793.4174469127693,3,5,3710.0084955786424,2,3.2458714420933195,2916.6422145259526
2521.6526574399495,4,3,2994.1978996625867,1,0.2938711583415865,3046.8067844365537
1520.5797645315151,3,3,1435.9783338751613,0,2.8081830025694687,1248.49813788683
2242.005829626193,3,3,2120.0572005170247,0,1.5497263753624173,1995.9969028215207
2866.9856013976264,4,3,3305.196200120556,3,0.8170873675088881,3342.344205973882
7941.729905791993,3,5,7985.66434344222,4,7.744266425393874,11237.875036412199
1784.6427755400928,3,5,1747.916277476913,1,3.191410940917812,1485.7528525414298
1725.1673064805884,3,3,1677.007677740321,0,0.5890870645890538,1191.4632158437148
2074.2710226579957,4,3,2441.3418605388656,3,2.7226684118564903,2413.8408954940037
11054.288458629673,4,2,12675.609184875977,4,1.476672748685771,10394.1344458868
1687.95405792941,3,4,1644.9706719040798,1,1.1112231752699422,1250.6326596603678
2808.327002403214,4,2,3194.386450104318,4,0.2234935540503749,2270.2981449933645
1485.7552243495884,3,4,1476.862291552993,0,4.597008914660211,1344.711679204272
8376.213937375402,3,5,8421.418136064716,2,2.3034357407994945,10037.438039234914
6743.129437137104,4,2,7633.6565874682365,4,0.3581937652248856,6337.663865895584
1660.8349463798143,3,3,1571.113576105626,0,0.8380578793429252,2200.263832215184
3118.5989902601314,3,4,2992.402874887805,3,2.550587971351922,2124.5672202142873
5870.573958690321,4,2,6669.653800676696,4,1.2776744904215123,7863.075069178769
6282.044483283391,3,5,6166.40008564922,3,2.1000501665838245,7303.79562952531
6856.179069021042,4,3,8114.732445067124,3,0.6941386839559256,8853.02489798623
5192.007511321973,3,6,5199.900396298526,2,2.6190560797802807,6599.882697103848
2272.9648421399156,4,2,2618.4816638207863,4,3.7163855913663246,2317.6570859044386
6078.3421466128675,4,4,7257.067276099634,3,1.3246860402225757,6492.92939579431
2239.2483426383965,4,4,2725.5604199597924,2,0.7258338047265062,1764.9737376637731
3088.4579503973773,2,7,2521.2065443298306,0,8.616440123399606,2886.8344427235716
3962.436354753913,3,5,3977.172943632363,2,2.635197268018448,2886.6868307842287
2285.457532553573,3,4,2201.0903309891187,1,0.21532281608086656,3097.7528400541873
7614.561343271176,4,3,8983.783161943635,3,0.7786099948737816,9123.806926310172
1766.549364853319,4,2,1989.6460241224436,3,0.6660299463172179,1377.8162176167452
1493.2061620622467,3,4,1441.7070236319887,1,2.928927147726441,1763.5256699287966
4674.763112205611,3,5,4589.358275161022,2,1.8412885038705544,4830.948886991754
4322.773243238674,4,2,4946.589687886835,4,1.1037893536285996,4312.60238442244
4016.9166887268284,4,2,4564.148641708496,4,1.204370866009608,3014.9187326843735
5886.801899391516,2,5,4503.8942585717095,0,2.329246190515393,7702.062330784477
2292.534685840346,3,3,2149.9151977887764,0,0.8710677450562333,1870.5282603974058
2085.391389231012,3,4,2007.8498897251068,1,2.618527583138696,1436.8194125559394
4699.032059714426,2,6,3677.97473039528,0,3.1780617270792613,3907.0798127931835
2858.6531449277977,3,4,2819.5915606900517,1,0.39497535572511583,2283.2800166258257
5081.0222562501895,4,4,5953.264474033702,2,0.026983196366459298,5979.858757931027
4229.848459042184,3,5,4258.585261430918,2,1.5879527797248472,4719.057741453327
4406.070766462523,3,4,4257.093789377379,0,1.357171711117629,4281.570284363067
4088.0384957386577,4,4,4854.746676982974,2,0.20210279993200442,5223.405977771297
3378.910178780595,4,2,3929.5801643015348,4,3.7128830243281965,2499.4640720795674
2951.8880208067126,3,5,2944.5172542859814,2,0.18659603579791123,2593.819563147045
4212.535719282275,3,6,4226.46872744507,3,6.541261430668074,3763.622549660664
6902.065885941052,4,2,8040.332801048756,4,0.5957661846164642,8585.091184445087
5446.664196071344,4,2,6294.759944484877,4,0.6433894835161692,4243.673994690298
4976.091831196585,2,5,3861.2209540370827,0,4.3739577650820465,6162.396238302061
2619.0970964693274,3,5,2562.8065097557756,2,2.427840814388762,2649.29702562925
2547.360756371992,3,5,2491.109426823289,1,5.514069429456561,3243.5576640392696
1947.3859608022235,4,1,2146.24754175666,4,0.11267702708889184,1738.8328276086534
2147.6862807854613,3,4,2131.0473788784575,1,0.6641696189654183,1961.3434342226888
8262.75131210346,4,3,9831.42461549013,4,2.5889201522200445,8316.521280741461
8438.330173489458,3,5,8566.887169184773,2,0.15947293789138872,9701.780094547057
2264.968371140916,4,3,2621.580032935798,3,0.8036467189398122,2296.2208337796205
2971.705150896272,3,3,2833.8714143632697,0,1.0886207243240291,3317.410837447291
1892.6484209359626,3,4,1830.6183776905727,1,1.6278425543016586,1822.2972276041091
4787.769697535621,3,4,4768.255195697204,1,0.6185517431444226,5337.602089921662
2168.7562224024396,4,4,2632.846376091897,2,0.23022595591733186,1904.1968370272493
5182.56191467207,4,3,6102.5095529714745,4,4.3536011188882435,4673.3885388690105
2044.3802713484524,4,3,2421.221414503365,3,1.5609686629956612,2755.2909491191726
6374.410494638864,3,5,6256.729163794609,3,1.1954221360238413,5742.688309760899
4728.026085091172,3,6,4852.96483593282,3,6.243695390182056,3504.354667897764
3623.622144045808,4,3,4222.754585924792,3,2.1325494409852856,2967.9600979483926
3049.3226072910475,4,4,3641.577481289649,3,2.9097652527774245,2940.1524000212985
4358.687288800258,3,3,4137.590256903113,0,0.09818349875450044,5560.43910848395
3422.885448540752,4,2,3931.4580972894555,4,2.783156552257645,2945.7041057235565
2605.500913288746,3,3,2474.0317866844125,0,0.5434698499186527,2971.6354004549758
3125.350462852284,3,5,3131.07126363017,2,2.1104448342415463,2216.4803847964217
6568.274346692206,4,4,7722.665945842451,3,1.5828390397260126,8745.906880258222
5028.730221742756,4,2,5729.730363382998,4,0.9306996805821605,4726.451130245314
3052.3025780652642,2,5,2392.3548401328567,0,6.210714470569535,3910.4102392836016
4043.6483233814797,3,4,3907.947190368462,3,2.0820954189019343,4094.55435062772
3983.049058923741,3,4,3942.3031983483584,2,0.989121630769954,4131.0581962749175
6172.5410629217495,3,5,6157.751873638087,2,2.532820229444511,8175.630070218769
3315.9273390076596,4,3,3853.5721853780315,3,0.2594944087885259,2560.971157704384
6399.053464969629,4,4,7632.651330021781,3,2.184587254273081,8658.770360840497
3504.2945292850914,3,4,3433.8917338995643,1,0.8898057011293817,4663.599378452288
2863.6957099798583,3,4,2816.724242952203,1,0.3697524652639373,2442.0497041979675
2103.0670100781085,4,3,2472.171244913429,2,0.26458701527942374,1496.6427595786827
2122.396595980119,2,5,1621.8663799981837,0,4.205112557108765,1625.8922376688906
2990.194720857241,3,4,2928.0974192747444,0,1.5931620741892831,3583.311411524385
1050.3687437528567,4,3,1208.7357347044501,3,1.3920654130607684,729.4697158748262
3553.793378300963,3,4,3520.3733468842815,1,0.14576584176576277,3976.1914819912163
3834.768011094112,4,4,4601.4488758787265,3,2.805030791876673,4584.065945557388
6233.294752928897,4,2,7149.915556587442,4,1.9601714030698039,8136.18103367639
5012.007349587511,4,3,5934.806206887431,4,2.6301429824132985,5523.495793199696
9185.620524295711,4,4,11083.42122989901,3,1.159390959543317,10992.863265148266
3738.3413276448287,4,3,4373.300663993685,3,1.699601625523093,3421.291392737782
2914.3390178742197,3,3,2800.765241986933,0,0.6136528399131519,2718.0983888536057
2712.827184698135,3,3,2593.485461885913,0,1.3233171774352774,1868.4673081145565
3089.3474764881894,3,4,3056.236623385172,0,1.9959299341103836,3441.6279402486903
5933.618302056978,4,2,6797.954984788332,4,0.1806333178818251,5665.390673183948
6146.22886629481,2,5,4746.042369605757,0,2.265098412259668,8897.594241129967
1121.0156837989757,3,3,1075.3652015279317,0,1.541258654053332,1083.677028502403
6384.713632559369,4,3,7421.765675563327,4,3.151708275829739,6485.689254309695
8541.719643244336,3,6,8716.213531743748,3,6.427042748972693,8800.874274624744
1216.4848955117245,3,3,1148.7664017355355,1,1.9234843407100406,1559.6430041457318
3399.5079279323754,3,5,3366.3751455439906,0,3.8998042647058972,3315.160283147616
5005.766721414538,3,4,4956.250972950124,0,0.6728117308027903,6898.362249079948
5864.742902292893,4,2,6661.569527379977,4,0.7884640127023405,7513.704512138422
2831.052239401774,3,4,2785.6282639873275,0,1.6988292167239125,2102.0933501607137
7725.25244209247,3,5,7807.968619251642,2,1.4375991081017565,11200.773765886224
3369.2373683974465,3,4,3273.426402064161,1,0.5655486300114141,4309.632906462187
12029.110519059674,3,4,11669.149860497597,4,3.9774163430893985,11654.592745995435
11409.231149965963,4,4,13508.557270651094,3,1.7496592507099697,15850.228184428843
1579.0135280002626,3,3,1496.4061054687566,0,1.3609040593939679,1485.4029178354244
5436.987355260327,4,3,6260.365548523251,3,0.17159918909916633,6308.0971468415655
3429.554261972762,3,5,3409.697365077833,2,1.2651137549904006,4684.997460644671
5165.231879244932,3,4,5063.496446959306,1,1.0619253731776674,6775.62700880605
1808.0980473644267,3,3,1752.6279994418414,0,2.2419551208187634,1419.4874753488682
754.0743899998405,3,3,724.6517534819393,0,1.2322727707830803,529.1408201755432
7391.752385084651,4,1,8326.558032180132,4,0.03501627385481325,7186.679185116104
6991.391099395284,3,5,7079.0097463961465,2,0.6603193979962496,9517.643731443583
3774.159485161769,2,6,3019.4444231119355,1,4.075992856952201,5367.800163722011
2925.3367663791887,4,3,3430.027298596756,3,0.2014146984027946,2469.9078712440614
7487.3419003711715,3,4,7387.684774664348,3,1.1079109760890473,8972.525951042464
1422.3902375724563,3,4,1396.0709772570424,0,3.44460870284811,1341.1586539788016
4349.041708165469,4,3,5019.394785289696,3,0.46471383903133917,4380.98400053863
10632.322132123996,2,7,8429.538437129906,1,4.130463579717932,14058.933192834038
6267.834431821561,4,3,7334.285044293271,4,1.2249519550078727,7874.416623621507
1553.934943610486,3,3,1491.4827602623784,0,0.5581156780898977,1268.2974886192314
8355.551076611251,4,3,9630.011069564383,4,1.8844204299517617,11564.935822536823
2950.7901075803766,3,3,2804.4031859656798,0,1.4712576069882408,2970.711336281881
1718.6854979928044,2,5,1318.0773170372938,0,4.52339945979945,1733.8653101741895
1622.5472984031262,3,4,1564.4131376790936,1,1.7407757672890198,1041.419916538372
3808.9803880734867,3,4,3788.3084252757662,3,1.7618829742178457,3802.667456597687
4632.880213317255,3,5,4596.543320979651,4,6.790575349879925,6369.747555659979
2684.024932914104,2,5,2122.415000222098,0,2.933484919709003,2887.4033026147777
9475.469484245581,3,5,9295.888859856052,1,1.9558477114911164,10859.527464619698
7359.442668888815,3,5,7435.687068179924,2,2.0264764513116664,10381.18496836267
5501.741645679262,4,3,6343.043992211101,4,2.773515130796436,4604.123877612725
1675.5622188324878,4,4,2020.1919330391227,2,2.796855041074324,1602.2345201476733
9016.449169335241,4,3,10578.740429287693,3,1.0119434825032547,11671.907329626461
2746.460482386577,2,6,2197.867084715661,0,5.8031393944785625,3128.298641608566
9287.715763088516,3,5,9398.107863039822,3,3.2305665251709215,12082.068366277528
6118.811700896173,3,4,5860.161115989484,0,0.04417686948282027,7382.297941462291
7174.5695729217005,4,2,8266.966230523449,4,0.09958108139034484,9986.74035057346
7980.9339209762575,3,5,7957.610903528051,3,3.997219243019349,10294.405044806226
7369.662566691338,4,3,8633.815223727195,3,1.25261224071819,9615.58907123488
7884.507459169212,3,5,7884.907524246852,2,0.6295168262364141,10430.264940498048
2591.7998012910257,2,7,2059.7506291114055,1,7.308534047348891,2258.798005150585
1398.6305652500398,3,3,1357.2309629082408,0,1.0583348943679118,1121.5715334034371
1020.3321822296913,2,7,816.6576524165561,0,9.279068202482316,1027.022966259001
1185.0314997703915,3,3,1119.147949245632,0,1.2624387644773378,848.117282621176
5077.4471436587655,4,3,5895.678998054563,4,3.311908166402669,6621.384054818395
2613.5395374739533,4,1,2952.574880362675,4,0.6724166144321191,2082.9334542648357
4076.97404670234,3,4,3974.236251377304,0,2.5533497460364045,3812.074646066007
1517.9116032702138,3,3,1423.3098672117137,0,0.3044198194251403,1244.3093053337811
5395.329872756825,4,3,6389.521327608941,2,0.30608294658434004,6885.030900125261
4001.9262746783274,3,5,4022.5362120168734,2,2.179404445855857,4621.873970118788
